Second,Count,Band_0,Band_1,Band_2,Band_3,Band_4,Band_5,Band_6
0.0,343,21.429138125285323,11.067227967637406,15.29199439320473,15.630202926819656,18.097953084748102,19.639670461848983,22.81564337227466
0.5,671,26.992446886643325,18.33554911573351,20.486351332286475,22.211359301326425,24.579884896434542,23.674065076827183,19.46788266394697
1.0,591,23.218835375057367,10.11463027985598,15.9086969339496,16.459233329733483,15.206889558946775,20.328537032459145,24.92953253239196
1.5,618,22.15789146911319,18.32316950287145,23.213188092738392,22.64426685293271,21.5307761371074,19.995031168610744,34.43090414872589
2.0,619,19.567570678157484,17.496980493901336,18.60878366790355,19.844609249226725,21.772649659650583,18.63185338229531,32.35611460180203
2.5,573,21.76348645014933,13.844491987989596,16.96137276871875,17.794467671535433,16.781510469024887,17.64633442967199,27.11871980966288
3.0,576,23.768276065178657,16.07329717543242,17.863284421012658,14.905486241929491,19.13140591315024,18.489857059970955,30.15128008370597
3.5,635,20.6964869871516,17.05063714692526,18.291134873480058,16.966921330624928,16.44381983350049,17.209890251830878,33.428072080144965
4.0,618,22.519993551111263,12.214714347927725,17.733070570067685,18.7614001354267,15.733950228138674,18.42072626808237,26.5144939008322
4.5,613,25.674864489444428,14.692213617784812,18.49401401264276,18.845374869941427,16.77154904618082,19.76549268333728,19.928712224325363
5.0,693,25.940392178666595,15.549078589947738,17.955802850859993,19.32193877645744,19.305590845696745,21.70757452833966,20.222506506288536
5.5,725,25.30074143230734,14.326284405784316,20.260513343741888,19.82746317061477,23.697241937694304,24.772593178911706,21.67311756414663
6.0,789,25.28792604238132,11.97186555127674,20.098507378706227,19.184766492689985,19.92057769268073,21.59037978622693,20.50845829575228
6.5,884,21.410865081141026,18.063617727950604,24.21729449111292,19.742408708399363,23.916913586458296,22.538952472992374,18.99230612296453
7.0,927,19.17152470595546,11.12711833937204,15.784294088102792,15.365774471915351,14.956815284060715,21.795743103448117,23.13310224526804
7.5,977,22.095792178960256,15.2862450704012,18.33877123480346,18.821037712140743,20.14056433483242,18.293085137238183,31.1712851129032
8.0,1059,19.17222136352753,18.0473225950047,20.978478673111624,18.45166780578315,19.82792988064284,20.55946919746456,32.225125940687064
8.5,1052,20.07439317595822,16.345260617358324,20.95969031931068,19.23301612986301,17.548220098794594,17.433266683538616,31.3355302626393
9.0,948,20.20761058259387,14.442713202721446,18.745454761456028,16.314012649124674,16.111608983637506,17.564201562467336,32.26441692779729
9.5,1020,23.482942283470152,15.540244873278343,19.176667935088737,14.496756258565917,17.95124468518367,18.667971014971087,27.08187041654368
10.0,1249,17.83037699157644,11.06052074570819,17.402394438338284,15.051203904285748,14.92589347292394,20.143240728494185,19.918528844824078
10.5,1393,26.583336625609217,14.143365440155778,23.03002967881071,21.076304810723844,20.518444969656,23.815551813328423,19.88649568049819
11.0,1470,29.46697751138085,13.502299975941126,20.897762201912244,20.65920133497762,21.90646097455905,21.16761744764861,20.001338381542634
11.5,1514,24.922534264396088,14.295500556548214,18.60875950453673,17.332343263994236,22.47986587266705,22.959643693410865,20.125932209373648
12.0,1669,22.282359873027065,12.494846411335322,18.922652373740014,16.05763474074092,19.42774972136212,18.827444517580123,19.32613004909572
12.5,2070,23.056697773497294,18.52947762019788,25.811789345898635,20.901660859140875,25.38767474220648,22.953541919659838,19.265706094048245
13.0,2197,22.54351547474626,12.309108278227466,17.087535714408844,16.854139817526928,16.05426021640115,18.36424454329565,20.6522391664912
13.5,2272,19.581830608730456,15.49657166591139,20.723049012337807,19.82504023349916,18.64487521916548,19.31724639853156,31.006864610788192
14.0,2412,19.15489832602948,15.913801803330156,19.887076330025813,20.99457546912757,21.04159081021186,21.79610720045989,34.43351551258002
14.5,2461,25.61824456469406,19.87679191953468,22.42174778823756,21.18683908294661,21.464746935673315,17.774741654573933,31.111442669065134
15.0,2601,22.89073861093893,16.00228994333613,20.324667551963103,16.932579485857566,18.146888151832133,16.980173342831147,31.426012170244345
15.5,2768,21.524144199025343,16.03459655648701,18.08664571619468,17.408338051197823,17.589655274578536,16.94894808278104,32.40059487809648
16.0,2623,24.15000900771615,14.430787936686114,17.26929680805248,15.765816452403865,16.107159293921423,17.456250976705228,28.991410282468213
16.5,2556,26.360132546568156,14.301373096370872,16.738707014541262,15.329155540485614,19.67338812898615,21.470389240974946,21.124623775894488
17.0,2592,28.84808478016628,17.29654055362215,18.88591186726992,18.49390897200523,19.042978777712506,19.79072821683467,19.633636595672005
17.5,3014,25.880976668626392,16.832836303761013,18.47853308801802,17.873037105317575,22.65921716433431,24.006657425686075,21.34642157348759
18.0,3011,19.4336284493929,14.115625198063553,19.385128809030217,18.28965378399304,19.469632549207656,19.896692953119096,20.098026287831267
18.5,2823,26.21419197062071,16.337045330697656,24.07790903090758,22.03937875042847,25.37257814475647,24.480446419187505,20.58813991496647
19.0,3003,24.83190692101196,15.225875855356612,19.813262807519173,18.0931096488258,19.107098980446963,19.22695527231164,20.108273501823817
19.5,3074,21.583039112152512,13.048884229637435,19.601109330517264,19.118364456430918,17.91985740327825,18.167791472201262,30.04314328049129
20.0,2796,18.52938206394109,15.008570272352252,17.839173639557455,18.707452321963007,19.523125912257445,21.025831137643717,31.702130839706463
20.5,2886,17.380074831480727,13.6917803312039,17.339372841380424,14.839347643585937,16.211691229421714,16.461155416922495,36.2622925516344
21.0,2970,27.85202622516363,18.951122930691398,19.83767263811849,21.025564546692284,20.276785171979427,20.79227382237764,29.19153353951256
21.5,2837,24.87458716015301,16.122767887751838,15.29354564226429,15.16348134212334,16.68201478585553,20.600438998047903,27.61741332487069
22.0,3076,23.77251627417795,13.469486781539352,17.861319067707598,15.680462424720991,16.561623812557627,17.456317627785424,30.354306773534557
22.5,3237,23.8823580354418,14.35848456598576,18.32379438778516,18.433998320325408,17.834239564263182,18.507975179009662,21.834275724724456
23.0,3276,14.267363097455831,19.5087221842324,20.572333462109864,17.97220901155311,17.395332280390992,18.611745105740106,22.1145008912271
23.5,3074,14.60990153319247,14.801287650287389,19.68023353411659,18.059625916803878,17.3406982184752,19.135241146912385,26.82166003082559
24.0,2965,9.566277870654774,15.329795832785935,21.94055021458772,23.17218888344164,24.24859937984894,24.17317892636504,36.59216599405177
24.5,2966,14.726621095467392,13.22355205955605,18.243334042122942,18.757828403772415,18.10528013809185,20.0465260857574,27.3277536188523
25.0,2887,17.66111648914787,12.015239664565046,18.75104351345724,15.754483799226731,16.297069688789588,16.876116450098944,26.83597202524139
25.5,2716,14.92805068425859,12.901921572468147,19.81920284758321,16.551466011379272,15.389224264955248,16.017491173679513,30.09531730960805
26.0,2955,19.016440134656328,15.379388296011165,19.44082341764749,13.434658160958158,15.751629240584045,16.081925701686274,24.32156690110731
26.5,3109,15.859488586373551,15.578954803764876,23.156859914985844,18.91556950991449,17.375989990164452,17.047902189835174,30.428536034387825
27.0,2927,18.502143949111133,17.27181579243833,20.708084582486983,23.683385216035106,24.031076665189108,23.20673710674243,35.446734130001936
27.5,2887,18.140807800230373,15.486624559089144,14.773806371892478,16.318160713592754,17.762814894424004,20.79283350918444,27.56425622066398
28.0,2949,18.399917988492504,14.88828871037246,14.20357818893152,16.974454444275576,16.067939045967844,20.220743716302987,26.38903279580128
28.5,3112,12.370710200062543,11.656778914908028,15.816966745890817,14.51940767109917,16.93182774297624,17.00806493485733,34.28877984380635
29.0,3024,19.660359140683287,14.625300206039524,22.982967169759863,24.58356703841467,24.39515160621298,25.372578635372044,33.83571327375397
29.5,3264,16.373293207764334,11.58545070296679,18.992798098230463,20.035583307034656,18.13636160127434,19.745418111457,37.8320541599805
30.0,3577,18.507842935051173,13.475944083520067,18.709002595034534,21.05330947364512,21.48555110636723,19.005299129759315,34.37371149258639
30.5,3469,15.285085953495878,15.037288514955272,17.808377716399182,19.588996574884,25.36942315316749,21.68402818820105,35.2601493094909
31.0,3279,18.70672748215525,11.529044217908217,16.178966102100883,14.259052046025658,14.803252735017718,19.13574604991432,28.501781159152447
31.5,3420,11.712470258286736,10.626164648252512,14.866893896280711,14.595059587184949,14.395986612355989,15.687688051953064,27.501896355593168
32.0,3470,22.519697901497608,13.599015963059276,19.71377578837111,21.979972049003614,19.6141329774373,18.98551902373772,25.326728586993905
32.5,3354,16.43045944642304,13.266609913952887,16.216131378116568,18.703957570832475,15.683458751068516,16.511317238181494,24.37057899244593
33.0,3659,18.760129016130414,7.974429827255906,13.314438604914054,14.941759278291686,13.66413718181056,15.679007236716137,28.47352935128332
33.5,3793,17.5347378824608,14.543029351108554,15.362443978168066,17.566361936574317,18.81713285200765,19.90285338240233,25.235057692265958
34.0,4259,19.86674653423201,19.242284981396743,17.996142775044152,19.33355680220805,23.619260339221974,23.16667281151501,24.89997880426645
34.5,4218,10.795656326560676,11.151454586270434,14.65847214940551,14.124691039607823,13.885542878264172,15.9140930986036,28.38210764422378
35.0,4618,19.922348399157,17.561048444215107,16.58449407611874,14.105346153956589,16.137419121651902,17.843518333103592,25.891286793505056
35.5,4923,15.20451955006252,11.986350621187594,15.63713552260338,14.27457463273218,15.772369602132608,18.100858754266746,28.179029757027724
36.0,4828,17.205390183819045,15.669973086615268,19.40891891039337,21.28476992902531,21.766142544100894,20.77725980140033,34.30551715435531
36.5,4507,16.787963934009543,11.675111255667872,19.693514453854444,18.7673848666645,22.631952446923982,21.793731374127653,29.8109513426654
37.0,5166,18.65523266266753,9.724951156382774,19.800833250957496,18.02197797319313,23.250069806900022,19.36045809476037,24.79073177383964
37.5,5122,12.544681587065682,9.820180317091175,13.895020901025529,14.03660924070435,15.02648216242403,17.381056078338638,31.74348675426232
38.0,5098,17.776851801649585,13.737330331824376,16.541403298496732,18.32512921356992,19.216199835586742,18.172537943018348,29.85014983841174
38.5,5124,17.067648949324397,10.443583087484946,17.63673637343059,13.419575731382972,14.511312278930689,16.166925587068626,32.11618014350096
39.0,5427,18.7197179198538,11.162226912209247,18.08882043150883,20.42847773030288,19.547307288873775,19.834348326244623,34.19156576349617
39.5,5094,16.48716666934687,11.64972496415435,16.427319902364196,19.80133241973411,22.255342694048384,19.360530916793014,34.27592718763977
40.0,4582,17.022569641462997,18.05566522686152,14.925801461556851,17.670399247737908,20.45726739839325,25.25684872330898,25.074234077723474
40.5,5336,11.518425797755048,9.091995183873784,14.268395619510905,13.711420749188262,15.083233837710216,17.469193669735624,31.337959294586163
41.0,5152,17.910100230070768,13.15745643352317,22.749600339086403,26.654317027589283,25.83864222052808,24.723494835669594,33.91721281514048
41.5,4969,16.97922213702929,13.046163042036977,19.248972603728,21.270908810933022,23.49168072038638,21.615693433525283,33.224194246293145
42.0,5071,17.794948476257666,11.789471162724364,19.03927308855049,19.834544743685687,19.865845162141337,17.107494721384978,34.184888095047725
42.5,5293,16.264723443975065,15.17468885697079,20.083591681900465,20.97940246121969,24.544701736620773,22.12651441910604,35.21233505713005
43.0,4950,17.164797067498608,16.067647162501547,20.92736256068888,20.58914078025688,27.686491111687666,21.121087008736204,35.087217852502725
43.5,4958,13.141999086150744,15.968815596061065,21.419963670054468,15.259861052421666,17.09978756816894,16.563231833356394,31.793611965124278
44.0,5113,18.279675739599647,12.63940908375829,19.225454607754852,19.86960569121692,18.87945136511765,16.86551269242202,26.67379072782281
44.5,5090,20.06425127562261,12.728750844740738,18.306656009250087,20.00019328179349,17.886426198208756,16.12118470173956,23.39726699036517
45.0,4627,18.85872746810729,10.311878046101045,16.312718451511625,13.473183701021856,14.482319717320962,14.946183849635736,28.19617404938754
45.5,4788,17.39275313061216,15.2457280676103,19.457999302373132,18.414834495627087,21.877914730850623,16.869887794235858,25.28253537666516
46.0,5067,17.4248341807525,11.662606815132731,18.225786113564368,19.661372480942063,19.0151930218398,23.332783821510223,31.936209625589758
46.5,4891,14.260177173441935,12.747426680251834,15.051796388118744,14.85517980789626,15.87229066171675,19.110611557211577,31.29082184576794
47.0,4632,16.391949149812124,13.82785275214066,17.335418183107098,21.47060846386101,21.06952008009316,20.176346758487707,32.5585394769893
47.5,4639,17.291108392087526,15.133611863829511,16.522678740542233,20.53804632756861,17.67637823409252,19.77876515988149,30.81736125168859
48.0,4407,17.187414245648732,13.933110195915113,17.352936287241388,19.2596658588494,17.314558745358006,16.68225264106361,32.824240201495456
48.5,4226,19.09940259843937,13.299565895789897,14.373142669445643,15.584212137581403,17.044511555278735,16.82455941203826,27.69427660109944
49.0,4309,15.43066617770114,12.663903750973958,20.30922456164306,20.60590931156693,19.38697110018867,20.001180902951848,32.87167375834544
49.5,4317,14.656476949087637,13.349222109203511,19.431384602504476,23.27622248106577,16.39424627244909,18.938603380645823,34.00412663503019
50.0,4464,17.003714923128335,12.441857989035556,21.594758478445463,21.37562483805701,22.734693107457456,21.25494355735002,33.164138882754195
50.5,4767,15.79580028263856,12.424490723724698,25.359847765709244,23.610023281178407,24.37846448586741,24.11664598561216,33.16817582402298
51.0,4943,15.838334971355929,11.006597498732496,18.455336679228747,16.785769525406184,18.7686844933547,20.903308869515595,34.89190080263444
51.5,4412,16.540080470015464,13.050293516636213,18.80831411001252,19.778801123494983,23.01920985675948,21.340585872093484,36.291157028616205
52.0,4461,18.455795716623104,15.566167176586209,20.47730246377226,21.661465711797455,26.26852504892828,24.22072051138301,35.69049121980481
52.5,4069,15.060270988994745,16.710175684252594,20.501407055822085,22.17021646880917,23.494009085597423,20.58613773718745,34.80685129040278
53.0,3861,14.722220250779522,11.979680133436547,21.77489849387004,19.315461079076744,20.76184973228379,20.54754426896704,32.55000244334697
53.5,3518,17.59044001335443,10.444693060748806,17.48662031976519,17.11653553442088,16.450306028865146,17.503732334110293,27.07242697339133
54.0,3457,17.574328228211993,11.271409543983236,17.151618670530436,19.77209067674259,17.050865142554187,17.041463227971406,28.58347618749445
54.5,3359,20.403787178718066,12.034677739663165,19.818712469347897,18.304410791965516,18.94315801665893,19.028598586821417,25.030778991850475
55.0,3369,15.44149616496854,11.417979998536346,19.07540327415248,17.283577557823715,20.26722157191168,21.97901624666506,33.902185733123694
55.5,3694,14.841257941967552,12.87954678992145,19.275647936413243,18.61650209361809,20.871166074240147,19.20910211337145,34.8617858263525
56.0,3610,15.435414637482436,11.08608134997804,17.925593700530552,17.73912849768109,21.248163152404253,18.53544442764782,34.92748214520222
56.5,3269,16.994109593674654,10.676097319046,19.22433501413981,18.055185988872985,20.564627310251197,18.27079867149893,33.29106696324953
57.0,3112,15.276589552680608,9.95537177937006,21.776740005419946,23.36007989587344,19.651244093337024,20.063617233095037,31.6502239929458
57.5,2998,19.630568523632014,10.802057427021849,18.920679723313164,20.124907877176124,22.988931278619507,22.731462176055448,32.30131621878075
58.0,3083,18.50236937675643,11.456916895380116,20.06547125852209,22.342122510934622,25.72957664088476,23.65938809055548,32.92286244874692
58.5,2955,16.64408567018605,13.282526261332992,17.26998037973858,15.725830115943042,17.755409649412233,20.11667522235871,27.617607211515967
59.0,3101,14.77387170225129,10.205133450185324,16.433872138520236,17.953334341060756,16.008001887304456,16.46415200455401,26.4881087036143
59.5,3464,17.343885938961552,8.901124491954324,17.523724066193044,19.771286287584505,17.099639050620965,16.631181121352054,24.622811055934392
60.0,3611,15.506267372659089,9.051740919141755,18.046062799149524,16.86665849201614,13.8543087170709,16.740893118533837,27.33629569927519
60.5,3666,18.890620718222337,10.930991058976511,15.668711757800237,17.632048436715397,14.680898462778526,18.651110435227963,28.141843955820267
61.0,3476,16.598563615283837,14.296974232970763,19.329157498252357,17.26897777441079,20.98609923723598,21.13915380804375,31.26249221081687
61.5,3066,14.99397254164312,14.170789522269764,19.495340537269,21.345525156660027,16.437288437175447,18.863084938858854,34.0158917690057
62.0,2759,13.560966566086655,13.789101354001112,20.9760420327043,25.204603165299726,22.188942696873116,22.03895247264353,33.81098958557479
62.5,2713,17.34976581424223,10.119770168471993,21.251446185647588,22.11347526195956,20.924308973044564,21.57180106990768,32.35210550533263
63.0,2564,13.613706862613018,12.077611179125766,15.847359349696886,16.715370404241842,20.60123017014777,19.05083467545398,35.4281913399777
63.5,2498,19.10095155401912,11.807339067495024,21.68191412883801,23.344157451562783,24.252444467534332,21.81892114803211,34.63690003405883
64.0,2453,17.297242294992863,11.387279302408178,17.84864633371903,16.68440706948461,17.727319112173472,17.862705039615346,34.37832285973943
64.5,2660,19.484025774649947,16.58415967810497,21.190900589649093,19.548941067059005,20.621128270450527,19.98483425511606,33.31045420445082
65.0,2757,12.343597882530077,14.209024679722498,21.03724553575024,22.415924444686585,22.526538087062228,23.552721235953253,33.59655957782249
65.5,2699,20.4107401740035,9.648808339064258,17.589430420616374,18.453110029124677,17.749012158143724,18.1984184269868,29.45403725529857
66.0,2734,16.148685740955294,10.608636292241052,13.067068258054046,16.016667582450623,15.724018752436915,16.35748815113796,26.183777127252085
66.5,2536,17.8292450501648,10.211382478212112,15.563839243576798,16.963768861183702,17.129109730234553,17.96162481943343,27.45709605206797
67.0,2592,15.532103251410785,7.803860998195384,15.648505840027688,18.023598387185007,20.08834296754609,20.113184238065603,31.88152865573052
67.5,2657,17.705051282535795,10.111320539077091,18.10547049824761,15.717257972468754,17.284303883945576,16.7796790555851,34.278650559196954
68.0,2679,11.598160927244752,11.403282207730676,23.35102188838924,21.95901715603037,22.93266513115569,21.35493946173499,35.55009212228309
68.5,2716,18.205965249515103,12.3472387245604,21.449217926706577,20.975780661148796,22.439383235504888,20.42724728888571,35.16061248305262
69.0,2645,15.849158661359247,15.06110040984992,20.119857027508544,23.943242571641157,22.95177427395027,22.84765525313272,36.25578719656583
69.5,2607,19.361112595425084,9.236641778994082,20.65601909552062,23.86534768660441,24.097797742588305,20.847222641474836,37.398936271532
70.0,2680,18.45300443921668,10.906556217433488,19.723550829459874,23.9702256397062,26.71041516600996,23.5126129146052,36.85822504703305
70.5,2476,16.290053227063417,10.55007890683739,19.311760368889782,23.415922334715063,26.357055307243527,21.47826874441431,37.29576592957992
71.0,2273,15.693933705908057,11.1244465079057,13.476132627660231,17.061498518029666,17.776091297071883,20.34852946839464,30.46516400903646
71.5,2361,17.858206654945757,10.719324688329108,13.47080558917668,16.445678351654067,17.862853921557228,19.976115140392597,32.47207693165053
72.0,2381,13.924604843384136,16.331504397650317,17.62019301930212,19.24011721855383,19.72691423091729,21.737234675829782,33.7319388787016
72.5,2325,10.798327327206549,14.819950721322524,23.956772911735406,26.660046432393077,26.00718274342892,23.26414651536083,36.28561651718467
73.0,2247,12.01844592677181,14.094726554898708,19.722830135060644,22.83291256308539,20.88724045479229,18.924684784617696,34.82010485583153
73.5,2059,18.586726063357244,11.617153274690784,19.006918144698048,23.235751138208503,21.9974261706129,19.87794922842994,32.190576015332844
74.0,2153,12.68482491132114,9.355707660318188,15.308548869561834,13.998412898815635,14.095434968502255,15.220128154263303,28.50359751813651
74.5,2183,20.960289881273614,10.447166638636874,20.7640065555073,19.06698136388016,20.64981002751921,18.65754571042563,26.271294408905067
75.0,2111,18.413714132648543,12.80193720753181,21.316786239015663,18.294630476294135,16.091229371620486,16.156704383246872,23.25393339276152
75.5,2320,17.823933625547376,9.136072598071614,14.705874505505845,13.376456074131069,13.719714506207634,15.90097383342772,29.091586896354688
76.0,2430,17.27705228954197,10.03557481823258,16.202312566445457,19.09422372077537,19.48989196459032,18.316821466643045,24.84653601774993
76.5,2393,20.2888788949094,14.055491291359392,18.897576832987696,19.232650158353557,19.693935487175853,22.746137632244587,25.35504510751776
77.0,2349,13.318729944691508,11.557588192728474,18.83023572741774,17.731432627435424,16.402585005758574,16.481236501741808,33.74267596178437
77.5,2613,17.17401267423314,14.248531908066012,20.35768677681856,19.54125764734788,21.875051339120372,20.77347181999781,32.99612650272829
78.0,2532,18.300687329479626,14.486066597376285,21.94447572749337,21.85663081101156,22.72196494507998,19.867347102647763,35.771384566023805
78.5,2335,16.385108357803613,13.169384145063038,19.54425039277601,24.45407994783749,22.168951848421173,19.04461046394561,34.15499233478002
79.0,2182,15.611729286415144,12.877534025587927,21.628573766829227,26.79157927445203,23.09630681196335,22.12191064120205,37.83175243121796
79.5,2499,18.61854770309061,13.189709101995351,19.471888728205144,22.726225576143484,18.815773310002733,19.101195874653783,33.37357070474823
80.0,2254,14.71876052997074,9.11669267391689,15.081871447161143,14.844484805681548,13.975674954537132,15.530720984229134,29.58776354612341
80.5,2207,19.02914663289605,12.784380988156494,17.895926082299695,16.827755043684224,17.43120075437143,16.57907523244773,26.385253087949074
81.0,2372,17.58276610006776,13.274832354543712,18.260690539821944,17.570447275095763,17.385786787249206,17.14731031876705,23.261135140294588
81.5,2491,18.78964247771269,10.469539668557715,19.10883521008872,18.49777921060799,14.436169552094986,15.959996716378004,27.970259982983244
82.0,2502,15.074230415377878,10.34118935566325,16.007042500385527,20.30440378873703,18.40641819358036,16.444274108336874,24.715485463404864
82.5,2645,19.15198831106076,15.765826258290536,16.43388600656717,19.446412010719023,22.496162894120005,22.06372952711982,25.715861707789426
83.0,2716,13.784373623631218,12.164772763903558,17.302005666934342,17.054834793350572,17.360228303220804,18.701503699006373,31.38556052582217
83.5,2510,15.190838701445337,12.457409678297818,21.2336108360648,21.297515379476305,22.02037549392453,19.921483867601708,35.41859266144278
84.0,2682,16.84923120042607,13.467003646054067,21.186315426751666,23.761728962920778,23.42498733389581,21.15514401725145,35.07661581204024
84.5,2626,16.290506751474993,11.262614604389684,21.944610633692232,26.947257668298377,24.87057362804891,21.177979592181767,36.33693250299724
85.0,2552,15.984533923155098,11.294073160038783,19.130404112124804,21.92072073520121,20.300132218527523,18.41460100443157,30.82047608009996
85.5,2866,17.406693383584493,12.04480994153051,23.928267783351725,26.073890170330145,26.636197130962795,23.188226113638223,36.66382937296634
86.0,2985,16.46937107138716,11.897642338371323,18.72965711195762,19.681392334914424,16.515160612264065,18.803638879811103,36.46488517729818
86.5,2984,18.091878063697155,11.08655263814382,18.97029012007754,22.627835794357484,21.587395439000197,20.12648834275609,35.749960634488666
87.0,3006,16.853524722664517,10.946898550178313,17.98819948112915,19.436588062408784,21.761008359652724,18.59883735229088,34.227561731033006
87.5,3239,19.548707857829196,11.442716812767287,16.026630765735792,15.896334601323831,18.55306115797639,17.42107577848803,30.559755821167386
88.0,2902,19.379779144464298,10.497566596249571,14.596527749633175,16.445605134823612,19.468007299527446,17.338258840690703,24.525058425684456
88.5,2880,19.00374779608145,11.927598732731278,16.271072398065893,16.00683588323557,20.691066614975128,19.341133458750605,26.443675075340675
89.0,3004,17.80016678781038,11.952621628757736,16.57926042778896,15.980520587325266,16.837152093514774,17.671993998301822,29.037515268479343
89.5,3227,14.31682118343284,10.59542139233058,19.986477856594657,21.502919300847392,21.63820830670764,19.82281537702514,36.17819437144583
90.0,3024,18.561087131245515,13.359129256645785,18.2160655556414,22.566451139853097,20.63828075620767,19.432292305127664,33.2038918183638
90.5,3698,16.586940131891275,11.98138828366512,20.9601902960254,21.42412177038606,22.790952966938278,21.336602140225835,34.048786998588824
91.0,3812,17.692844772065204,12.131108914474355,20.401181502050747,22.04599571985244,22.50178480944993,22.24236541949644,35.81053332165291
91.5,3586,17.185523252911565,12.536900873206132,19.438325859646408,24.10555750043522,23.13857620525575,21.59932795811157,34.89135366408429
92.0,3839,18.394592816041143,10.948672330351398,16.118599435476614,18.34109565405736,15.61549616433705,15.54869907027289,27.918790809591385
92.5,3982,14.425663048074597,13.170084660279752,16.835961637748984,14.850953558214906,16.912392861385236,17.321208906765385,26.386430768421576
93.0,3881,21.506166217896197,13.671338779965232,15.905315721997194,15.9144120788142,17.725570746156123,16.61724892602435,24.541624326717287
93.5,3556,17.72980436488696,9.417741937662726,16.436851743657915,14.914229471917333,13.417281686049025,15.722688237874378,27.584750717558038
94.0,3849,16.875893302841007,14.708408938801432,20.739777603978027,18.25832873161032,18.41531481508112,20.40073112419257,30.24869432237596
94.5,3954,16.477876816431316,8.643729987702244,20.45556864762458,23.24491440929069,25.990807265535185,22.004359134347688,35.577134582493045
95.0,3734,17.2147183975044,10.59243410643833,17.87605547189163,24.87025511486287,21.70142903373453,19.755974314526544,35.20228751074229
95.5,3761,13.548326833569242,11.836860332984024,17.631675301791063,21.33964334016845,20.447223379490858,19.135922058542235,33.32388237478107
96.0,4137,20.169621861373823,14.832042161935195,19.21908445763452,23.35356978634417,20.15535909849777,20.45400360197137,29.90440108351705
96.5,3290,16.69190485830438,14.203276451142356,16.090038785847533,17.386939714284644,16.859098203739144,16.19059604645361,28.062429381908597
97.0,3128,16.887803676112995,11.71930850862637,17.6190278859478,17.48758400122488,19.072727688353588,17.466221150579813,30.002834224893995
97.5,3225,17.682147444455204,12.06024972761399,17.120264694780648,18.497725444087603,18.710734505251825,18.693259520113298,31.276265952249545
98.0,2869,14.576408954328144,11.670509140254358,15.642631956238423,20.17723708022186,17.644706795240758,18.196026971145493,27.32711180134089
98.5,2339,17.07319961727844,13.570849969604447,21.705612018457888,24.30388226682864,24.5831697826114,23.464846543268347,35.86288358356103
99.0,2305,13.479787594499768,14.392058520127652,19.315655659349588,21.901012349412024,22.07649592567644,21.561049360937854,33.864445017447856
99.5,2300,15.963304418214632,13.009141095911898,17.28856070204175,19.17322102087561,18.263120549181068,17.741465641248453,24.535265502859872
100.0,2197,18.44745215674234,10.79743552255558,17.53430596521343,18.86799633577938,17.51169210876482,18.410456127179025,26.669251842301943
100.5,2362,16.18474086030677,11.990573384222936,17.639454760201563,21.34489022139165,19.705896035810973,18.857434551062827,30.363257498218328
101.0,2358,16.56744489601853,15.18226816336676,22.02305639254841,23.71501196126908,22.566992420692205,20.797749289686088,33.9460369503006
101.5,2390,13.96134300673168,12.384259691298002,14.183820134178452,19.355602760024645,18.11761549968727,17.7595144972058,30.11878461108094
102.0,1966,20.671782417723115,10.130714939917263,16.717126867149393,20.256307577430867,18.308578439855427,19.180842140444007,27.85712347308901
102.5,2340,15.453136939716194,10.50995224186075,16.779349095714167,15.747514793183512,15.474382021056812,15.99687553808195,24.318820413425023
103.0,2241,15.566189512667128,9.281639819198077,14.701204016461237,15.435985773811757,15.165734597609848,16.56683007998541,26.27315794656429
103.5,2502,15.157558948343514,9.904590403672287,16.417801176191194,17.539765935620064,18.11235070605353,19.47181096292744,24.19343163732396
104.0,2675,19.382355549673548,13.363223314216784,22.75540237749048,17.62110307846999,19.95104651508491,18.558264163125862,24.99532966680849
104.5,2638,13.755747224655892,10.040802454777594,16.787016091892625,14.908440961717186,14.725323994707344,16.975552314258763,29.82881025389481
105.0,2506,21.247473700550124,16.565608443398027,22.17061125086943,20.558325439909456,20.616861810788905,20.469086824391542,31.24128189430801
105.5,2386,17.524124185889587,15.424398523636157,19.43379370877525,19.973666055632147,19.438650873868788,18.578559612240408,30.099030974179307
106.0,2466,21.19588180403567,14.734473539889205,17.794563661413694,19.415024890463453,18.679819325466497,18.682377002054466,30.683140408769475
106.5,2206,17.572934178851384,12.815853154411004,16.85805477609371,16.904781391075485,19.437442381733423,19.138732563320637,27.620036982739315
107.0,1970,17.976917964392673,13.006004969110814,15.831567314681902,17.46799199303182,18.20126988784536,17.362622505994207,30.01023025826229
107.5,1985,13.891284127605488,10.802099743064872,16.923000849703826,12.728537302070269,13.718306576663249,15.581233978661922,29.86535030450441
108.0,2087,18.964224324881283,15.659679865059124,21.39639746238577,17.367150167818135,18.556380574207942,15.7166975523543,27.011046220598477
108.5,1972,15.877797879919644,13.856944321052833,16.808751898615228,20.74098564343017,20.189385723523245,18.472441429772616,23.84981095295236
109.0,1831,17.627760320195932,9.882791390338966,17.3979331540852,18.947961401167515,15.40285586807603,15.587330512343115,29.155575735064176
109.5,1988,16.306018868853357,11.242193124039238,15.486216465260252,18.37790517989292,18.86585414942076,19.898069855333077,25.07307396593826
110.0,2081,18.260123968621755,10.32477183191017,21.398299654695965,21.229838937551197,23.488738407796497,22.985341241461487,24.937155935958835
110.5,2191,14.003865269500624,9.570918437634369,15.729916397766551,13.610090969746777,16.148163600983374,17.381879777894,30.02756060041344
111.0,2142,16.887236069016833,11.831107512141845,19.06789242311553,18.72954305134558,21.39461681890377,19.06217644785032,30.73225017452384
111.5,2114,18.49528964636922,14.920390753659513,18.003198532588392,21.257983161112296,20.43382471956875,19.54437742785688,32.039152185591995
112.0,2182,19.35579668012995,13.783459748266194,16.470875413295175,17.594067682135258,20.36641141130513,18.531611397722852,30.137800220443182
112.5,2043,17.533193381266244,13.128181317629643,17.589113609903997,17.51144098743416,19.70893159110572,18.70093489189303,26.681206767793288
113.0,1871,22.37550265764708,15.202647738202002,13.278891574420678,16.138421198805204,18.456512558987807,19.825343036917918,26.4809870532151
113.5,1938,13.51202661558059,10.342839972653731,13.524845399143926,14.367767325614729,14.217177883348704,16.907897750932406,27.98035139952264
114.0,2002,16.927756053751693,14.468742325728636,16.178417725003868,16.252849208179992,15.65780659513004,17.62185048044338,26.553163386696017
114.5,1961,18.31838046848896,14.580227103431255,16.670945435620293,15.43956934831636,14.835622469763909,18.4048079571752,23.911447662485998
115.0,2070,17.7594254320772,12.295024068937716,15.772385986697138,18.458706696448303,16.467756086507077,17.62825669209106,28.440688293001077
115.5,1972,16.175735812251006,11.305720641151249,15.659078349684597,18.903723409872743,18.646019111085263,17.985062770547543,24.669737541114444
116.0,2087,17.488677526007805,10.643393148635813,19.036113147570305,17.93456209991832,22.61106380195288,21.0448431044454,25.8985536916598
116.5,2177,14.416678813693856,12.256638100724864,17.516208295444162,18.51062401986585,16.968416199627903,18.5158766546478,29.40253034330333
117.0,2095,16.970080166022964,11.859257695872373,16.474600491126868,18.225454233477883,23.60255834178778,22.96617818902977,30.149694398518143
117.5,1930,17.933069536795426,12.42942083459659,18.20151848741061,21.41939865517792,26.04766806653613,23.537966400112328,32.437227798649445
118.0,1904,18.14820548131169,13.33421071626533,16.996286102962188,17.07503090792116,19.691311795958587,17.504410151606944,34.61576407011367
118.5,1841,16.23931926609367,13.960344922332958,17.06373900812503,18.632385579486076,17.55146660483247,17.39341454250117,27.763459171269787
119.0,1856,17.966788890809234,13.728529306679482,16.309333560264726,17.512976466234832,16.49042506954055,16.532919220160952,32.66547251101996
119.5,1729,16.049835717646612,14.428326512595293,16.73573736317009,15.66854897834913,15.363290101060556,15.907594231482296,33.808665484080485
120.0,1451,17.226816648010956,13.681515786326782,18.24996355086736,17.877964594064114,17.717810027244894,17.765173998802425,32.70592831166943
120.5,1523,17.269144088653732,13.153017460782324,19.42485308135523,17.56710964439262,15.859875319329213,16.18518667602854,27.02354249891044
121.0,1716,18.57167272706712,11.847882202581618,16.331428871777426,17.396285067125422,16.143279435561702,18.980556450075508,28.12969898533174
121.5,1800,18.516790172542983,13.659171638419531,16.405311880129226,18.10931981786734,18.71587545502649,18.7284578845034,27.37362348072589
122.0,1777,16.825635305883633,11.600811861993469,17.001217371073558,17.33453733719913,15.244775201604908,16.64028602913728,26.786075502091784
122.5,1712,15.805734388026298,10.149820526158642,15.16228749691661,15.564064995657104,15.005138234631652,15.606173048377936,27.56253721225048
123.0,1596,15.661908875163707,15.090220902439444,16.197837162680774,17.128047969486307,18.39262837449605,18.76606442851677,29.738446533744707
123.5,1567,17.572956925761602,18.72090863057936,21.502432528369145,20.649346648055293,20.937557428533857,20.17084276321637,31.694437327579507
124.0,1659,17.45508746719548,13.591818987618986,18.379454953206345,18.773257955192328,16.487631071456253,16.762874359794747,34.788745347136576
124.5,1524,17.271314158365534,12.82142929862972,17.17818406759601,17.092787959980523,16.487961674814958,16.2632244945696,31.3282991151794
125.0,1631,18.681061912335352,14.434066654049676,13.872226970685553,20.163812311714278,16.65835001435193,17.19746785055924,33.37217382429189
125.5,1580,17.593409824695488,11.582101743595407,15.661054855378447,20.90693645648248,16.586361515936108,15.777530075427524,27.78582985154732
126.0,1562,16.51859063441613,11.900106791393975,16.406264702192264,22.33194378436054,17.710069601890872,15.245895953927846,26.16254093679427
126.5,1454,16.51304310813642,10.173526863863758,14.341617262748445,18.809286142875507,19.04198218449672,16.986520350661806,26.02905776869117
127.0,1553,15.652185151523792,11.883105501259028,14.753924857565735,16.935549550575033,18.01480271823048,17.403851276501676,34.31295793774645
127.5,1577,20.5623394856765,16.287786747188186,16.269928414194123,22.286627279235177,23.275936555365067,24.30856934390154,37.78387393718128
128.0,1584,15.406307583335746,11.005343762394544,15.192300249640333,14.71659135960747,15.742565773068582,18.14389942873466,26.845711221496163
128.5,1682,16.627714698459037,11.413798252177456,18.05296040677367,13.63770200476575,16.163926339633242,17.0275705378024,27.417770627075093
129.0,1828,13.865137587504243,12.212566340877745,20.191998277875,18.42746770728759,15.16247637249066,16.45297599901805,34.93333439179156
129.5,1858,17.4396853335634,11.856166964080014,17.549053465007436,14.868923755772064,14.51419137638256,16.39895901638474,24.30284598304196
130.0,1678,16.64204127154147,14.139120687601862,18.39372473706882,17.236476631289634,17.123073530041086,15.908906703487832,29.22064387962158
130.5,1697,19.70290907663477,14.722661988505754,19.142717691378376,24.835681602981158,21.07121119722227,21.42435384619061,33.58291912681735
131.0,1598,18.552721083940725,13.297162799304346,15.295861279829577,20.26994384412724,20.34282801053012,22.743707080521684,26.542642366900846
131.5,1462,16.792529331032053,14.01188579558798,15.504053187254463,16.95844835407127,17.950646758491985,21.611214293022385,28.112269087827148
132.0,1324,12.689477288165095,10.754995228442288,14.420556046926912,20.49868860832592,17.33534512453191,19.34553208278045,29.27248417748095
132.5,1396,19.275492717824388,13.759147187944135,18.493366072825538,28.595503975394877,22.993498281896,23.62078859922475,34.0833914898227
133.0,1369,15.740393831147614,11.985627243701694,17.03368282374677,19.79598143459675,19.995512951875785,17.64620578393754,38.97032691531994
133.5,1433,18.129471328196026,13.674095064687483,17.90965789488732,18.97353198982032,20.766954606064434,19.59429040460645,33.93752638438437
134.0,1466,15.191583026088985,11.249875309245695,18.8014913841911,18.30209469352224,22.068388451223036,20.07345835453982,32.45497024420318
134.5,1804,18.459118676739497,11.507376189598924,15.347123132487363,17.33170960072961,15.92713400825582,17.870767950872448,27.02552550843606
135.0,1822,12.127928017818492,10.552821739352304,15.310499281617648,15.763180080333578,14.771002716953356,16.829764455204494,27.002204381932184
135.5,1807,20.795240212706627,14.924118631076745,14.087825758636685,19.130893495099432,18.385834676294408,19.42435617578549,24.818758895790506
136.0,1839,14.251884634723265,12.931514034521932,12.6224991086472,16.692676038543148,14.516239850599131,15.972123117208476,26.243128439702573
136.5,1767,20.295684302509404,10.294422249168422,15.351569930381809,18.312060537897025,15.235150994588253,16.4735636446058,26.761910255796344
137.0,1814,16.467519443499693,16.43135276902508,14.44313634299156,17.83077191222194,18.328859517656586,18.911484876128608,25.13194547258842
137.5,1913,19.56248691369045,12.79988847650752,13.936641528958909,20.20845512495703,22.200187785304703,19.12381091069514,25.639424571658928
138.0,2038,12.901759638947873,9.689527654910874,14.713165524565524,16.26616946782963,14.457810192676934,16.42337434553662,27.439945532856125
138.5,2060,21.25913826536071,13.256075686847398,13.392275996925724,16.55549756781633,18.974489684652166,16.466979102900915,25.15559534937686
139.0,1951,17.942516777598204,14.93210028850546,16.152524880575587,15.74626177787895,16.063659327569567,15.879165844873809,25.61179904045771
139.5,1989,17.58508368093003,15.55831593176239,19.844080076646687,21.05505241898051,21.881513454502475,21.90337314329128,36.015671465107665
140.0,1758,14.458821598602883,13.043528524497535,19.483471696021976,18.773854308484257,18.724329344035915,20.739882104006853,28.97030609521181
140.5,1670,16.942641069334403,13.645326174397306,20.568905742689,17.952143576756526,19.245349998989536,18.743888416855825,24.38606345806881
141.0,1769,14.232439204566672,11.357273134087578,14.735807795683357,16.294256664667294,14.367344114855422,15.794358688614174,35.472237761015464
141.5,1908,22.12571554688345,12.528966141842666,14.119514089052776,16.593427308725904,16.569777527806128,16.934838699590394,28.55663278991513
142.0,2096,18.442692832994133,14.824973846556066,15.639544140241725,20.101369588960782,17.41943998386302,16.39452505605907,30.504800240906388
142.5,2301,18.64950776543359,13.138562469277645,18.08550603822465,21.76365290664825,22.47759722033803,20.055264374156494,36.50410882987861
143.0,2466,15.286741916155284,14.10611489622942,20.48243313964784,20.210071542572383,25.541541264981223,24.516032016876792,37.31907371425618
143.5,2456,19.532834136822405,14.497205836949805,21.462481073439086,22.872569792712238,27.0483574772286,25.506661959945763,33.731933810723966
144.0,2454,11.984881774283409,13.33645154806798,17.140017113825262,20.029837858573288,21.390177525016927,20.87455639277711,34.225697220578915
144.5,1961,17.203739628949396,16.151711584135274,19.723933141191925,22.564564455811563,27.627601084789625,25.423644378391675,37.97594793940434
145.0,1984,16.611630078090972,11.850702524138992,19.317246163370008,21.37637704415633,20.998428369538807,23.331893326552837,29.440002314429197
145.5,1939,17.42731334038198,10.455367898354716,17.435781289317184,22.531523069945248,20.97885067444119,19.547913501626933,33.8621358068439
146.0,1921,15.835513429072366,13.289976220431964,16.357001103162364,20.52731390762704,24.55418035797336,22.36975571514784,36.1984830042925
146.5,1791,18.906974862683008,10.981308799843244,17.311865461474476,18.27886819408481,17.758754044812257,15.421056357197884,25.289141655699044
147.0,1820,12.48958934668359,9.784602753353637,15.559859258718731,14.473435605287673,14.067118045531087,15.623180021644783,28.674668397153983
147.5,2029,17.478246388886745,12.799440596683576,15.915606629633748,21.71012597860628,19.671810984152657,18.72238409339633,26.332004176034573
148.0,1991,17.644428650094913,12.113453083363115,15.924197386267323,22.569417871349028,20.76676043779421,19.74264557686689,23.73055963947749
148.5,2066,17.473170625805736,11.304323176300125,13.63081154526902,17.753431416496575,15.003212377104472,16.250418080956393,29.04729812078202
149.0,1997,16.516875408908096,12.423915694186748,15.927081908350356,21.59570780069929,20.13406563574063,20.13659515502957,24.88248580450436
149.5,1981,17.394772610754917,14.711946446449971,17.87456813252438,19.679938568461854,20.59049097390089,22.3047170341332,30.96394434811556
150.0,1973,12.387018577484223,12.553959124134536,14.982690610299322,16.22311764694711,16.634869053565456,17.720734162516052,31.863040136190826
150.5,1723,17.582651153478427,15.6693118524008,15.353679264078432,18.29985709615884,19.277132557295836,17.912995487967695,30.84328340708348
151.0,1794,16.576709028553406,15.117550692717124,19.026465098059397,20.43845394181216,19.74014573173405,19.57891177707404,31.52889136989721
151.5,1869,15.68981861834386,10.419796169446098,19.56936194079536,20.88859694767032,19.106123014389254,19.37249814283391,33.65373837904324
152.0,1741,16.534884040613733,8.916782683610323,16.049627920949934,16.83771485507117,17.183793616557832,18.15658682590889,27.887929789697107
152.5,1586,16.70251176944139,11.083233280182911,19.62746725096639,21.57755822358552,17.844335081744656,20.177294026896423,33.61788990472703
153.0,1519,13.00334568321549,13.146780915542964,18.752948185391112,24.11400295488417,17.014940788290566,18.610836949183827,35.65897102806733
153.5,1642,15.649998387764777,9.232255084596709,18.34178999294733,21.21513610418819,22.858666195510885,22.143217585387703,33.03436193699671
154.0,1613,15.301170838043872,11.34538544666415,20.266980226395408,20.10880809391226,22.13150149790318,21.57057594744744,34.36134193960297
154.5,1634,17.470971501880207,10.59537765055976,15.705495612989054,16.27228737313582,18.139560706659417,19.61412773623777,35.76802465201313
155.0,1648,17.365465715727808,12.801727516607093,16.80234569646708,19.045249043108857,23.541132361117555,21.75273278455224,35.57422463498026
155.5,1644,19.20969384164304,15.997095281803924,21.810656999775716,22.824086651201927,28.242453804328644,23.97136793368997,34.755008917910345
156.0,1330,15.366183699227792,11.527167464430754,19.51742523411009,19.63154315222763,20.956728421933487,18.61613180062908,35.89106862228393
156.5,1318,15.24422225083734,11.509006316556102,20.87921140594258,18.55421526084845,20.009559736490985,19.65184153639978,33.790085847400995
157.0,1322,17.587880260817123,11.247119574563447,17.814627106369183,19.322739718251608,14.86598404599331,16.34960765830086,27.012354082799007
157.5,1413,17.76570886134291,11.449099947534698,17.982827647111176,19.444090448709996,16.693611682259633,16.992279523706255,28.134992626277366
158.0,1506,18.85858642105322,13.223377861600731,16.02234276491851,16.00358877049921,17.381056556704095,17.728478626096503,27.91096665114978
158.5,1634,16.653067529861517,11.169625697898136,19.11034894870733,19.626209079949856,22.10538358558483,22.495844479950748,36.59361093885698
159.0,1679,15.696134051528473,14.244877525654005,21.224025433209032,20.62848496322996,20.9129424256917,20.075742880718355,37.56944691130626
159.5,1601,15.71437417147914,11.304546121699744,14.689016734563648,18.368165206406363,16.323107776522573,18.60255323337029,36.3246068934372
160.0,1697,16.155025076350366,8.183295822571774,19.285733220362545,24.79188967066966,22.51085438658189,22.85779077889873,36.781728360323925
160.5,1576,15.828140814944948,10.194474043872528,18.500884122685694,21.27865283551872,18.86409193946876,20.73004666452576,33.90959412051063
161.0,1547,18.64830400224287,10.621706304878249,17.39915570081553,22.354371323099905,24.40123364243873,22.040528318312425,35.99632985609453
161.5,1295,16.80025740523104,10.847662995843605,16.56006351637527,23.6073390374347,26.68911925472741,23.931011303239824,36.48143447884911
162.0,1320,18.58759650702327,11.187576760323104,17.55542728936065,21.965238990670017,25.0558178618118,20.177163910593205,36.54463248285367
162.5,1308,16.158549060045896,10.18091147200185,17.134264116334325,21.778153766718837,24.061221355922704,21.598309522890585,33.66647618395796
163.0,1143,16.4710729266082,11.775465182072091,17.465284966859183,20.401278503075904,22.23451755116861,19.44311122558139,34.30225436335903
163.5,1231,15.859627244440558,11.377622599358954,16.10801355417971,16.238384328745727,16.28935572007,17.94261868098294,27.96209889340431
164.0,1366,21.577307854786984,10.989489842120149,15.663207000839764,16.02433006378552,16.7349176838969,19.35265771416917,27.69410679330247
164.5,1477,16.30062776182693,10.250334990080994,17.352393776538285,18.15196984451181,18.992091329137686,18.41814379795329,33.25995554530291
165.0,1498,15.90607720684778,12.183294217526564,17.282036950175165,15.595755258219356,19.849010829684318,16.870323919327333,36.60919837734256
165.5,1578,12.764590423498374,10.86042237562478,17.304119010604524,18.88630044825911,18.34144415144237,20.894216029215197,30.72925195486665
166.0,1538,17.0739278361119,10.536341222780427,17.579261042999534,17.00332279323638,20.95205666319992,22.82061411397907,33.15442636221127
166.5,1475,14.82530245069138,10.983353354366717,16.880296227938718,19.99649461823875,20.994522224391304,21.295592733525726,34.84137149550995
167.0,1248,19.8555304697468,10.032718651365869,19.381838128294977,21.530629384744547,19.13503348533913,17.45148991753516,37.2505959421213
167.5,1258,15.706868780640969,10.790630308356532,22.395940937545543,21.1130805121888,22.88146525971294,19.373327827072824,34.31618721823201
168.0,1347,17.028763342483757,12.007308547946952,18.2271839076696,17.852661095707383,17.82654137179547,18.875224814774597,32.3222751965935
168.5,1257,14.47638635751936,6.973676272771173,14.956511612278724,15.092211038519055,17.134183453091826,19.590565239063025,33.83820269900886
169.0,1269,21.53661905204642,11.554501370498697,16.37554718202175,20.626882791701163,25.59411735699245,27.259654337829215,34.74043063413139
169.5,1311,16.147232156885593,10.40700642474316,14.36444946474104,16.253300981431323,18.124118834232917,17.696272196991004,32.33080909671717
170.0,1176,19.79508257912144,11.951680605915678,13.421231318005324,15.22764041457537,17.67679640161224,20.45178915910663,27.769467007082607
170.5,1014,14.905381252276191,10.074767849196862,15.598059143440627,19.678025376171806,17.698196966679674,20.582597093597144,27.460091091634155
171.0,997,17.834356987508535,10.816528510244291,19.57183047962531,19.21741964202753,21.23453744946278,20.0980041280432,31.97916052946498
171.5,1063,13.908098668876848,10.899557325687178,18.014021615252286,18.24960485576278,20.785874432083396,18.45859136518873,35.20316747928569
172.0,1086,17.82749918984581,12.751705207718516,21.41821493640954,23.02390883468756,21.978074039719036,23.51548560438771,34.572064761242274
172.5,1016,14.520512607027712,8.71250229609174,17.432247537371236,18.723883299043795,22.74185337374761,20.116914253394345,34.96662505024944
173.0,989,20.25113194584645,8.135418705418349,16.339619861360948,19.24694424534773,18.654484272784053,19.037631153593555,37.10468145534986
173.5,995,17.17664795029276,10.043454239576734,17.396063474656213,21.62831744673208,24.84030448103901,21.542983348140314,36.72381492346712
174.0,1030,16.025108332203537,10.898218105099104,17.942457886568363,21.100109050749182,24.35806766413554,20.79370880216508,37.47357862344939
174.5,888,15.61104563644022,9.911085203238722,19.58059432875844,20.34037224179968,23.743024389838283,20.26281535263451,36.85594984274454
175.0,809,17.452646518625134,11.593313702243684,15.712979416601764,17.367156482620175,16.007642651507492,20.073688085169696,28.197745591312405
175.5,761,15.2212370078479,11.290923254285056,13.715656922404726,13.989851150616586,15.287224110144384,17.88480855805361,25.49693946271364
176.0,783,9.10671124529144,16.019094725760556,19.76000307560321,22.563657581993915,20.905579381360717,22.234659238686664,30.03867157015469
176.5,704,13.065368487797215,13.761698622670046,20.27170431485006,21.161071548854157,20.721011796847574,18.40851907112812,33.19311899138619
177.0,694,19.709599892035037,10.186341576966017,17.732421607111906,19.01143642762256,17.798811793328007,15.753284202697266,26.64945864322356
177.5,687,13.11825680203687,11.34674328877445,17.65844986129472,18.363035747417136,16.274938366721543,15.486546770815409,31.20578653567851
178.0,710,22.195268935683018,13.928035354011463,19.34892819175477,21.22031876504411,21.129511360571204,17.75016856503805,28.25908526840475
178.5,661,18.59057223107128,9.413847779209435,18.7378602646984,22.492021332184823,19.30235406229026,15.921339558917232,25.4520057435524
179.0,726,14.056083910613877,9.586699831912826,17.562670102573318,19.13408916146445,16.00748805285283,14.82384334578079,31.433897004337293
179.5,718,12.629498930593304,11.408431976760411,18.487311451920764,19.238553703540948,18.969636208589467,15.201474630392877,26.29839242613836
180.0,693,19.266534369265692,12.47766572462444,21.8487950862142,20.32590962514209,21.41931234873577,16.945884655779512,25.90298897710201
180.5,751,12.480953248749296,10.447215514174363,19.082601347660678,17.767537198835708,17.95851517280025,17.29817475369398,35.056513461320854
181.0,857,17.712282838045972,10.352031811303664,21.109264222996675,23.698166003712178,24.049384520093785,21.74589753230309,31.30004471321316
181.5,806,16.578258226459532,12.14770254654066,19.81341887028956,24.88799504680913,25.59635773925552,21.97489557622897,36.59695435879611
182.0,789,17.947422413139744,10.935043163141463,19.767112979685542,23.67210176591422,23.22832350770764,18.688020285505264,35.24266190496404
182.5,786,15.739662671913992,10.956439674175073,20.83586860876473,26.23885344631066,23.505470221375905,23.533768715614077,37.37019973668091
183.0,690,17.9432111693181,11.213554747459265,18.40764452742224,20.905150285760627,19.88192478082915,18.65294828083813,31.69890458140422
183.5,728,14.86762115965215,9.909789817197677,16.750139744021176,18.16828552117872,16.006091229109526,14.90520047344438,30.792238154290523
184.0,850,18.547457060194496,11.775497442330542,20.197545443304,21.701513809683817,20.297158735291315,19.40663851350784,27.245843561156036
184.5,827,18.373066960755786,12.766931910107532,20.28437180542881,22.54949043749224,20.49262744121349,17.01760170841435,26.02184109891285
185.0,711,19.010358526890645,11.890911646999816,18.30453747933817,17.999615923480714,17.214290743212498,15.03732221035126,30.791042068539756
185.5,717,16.1815174690529,13.09831403247618,19.13827624126145,19.588792242719425,18.526620739172017,15.811565793054063,26.20057735250291
186.0,808,19.21858163314089,7.177387862136965,16.188478596660126,21.36251355538517,23.177443776797386,19.373190517183552,26.169600817809968
186.5,857,15.027078662717573,9.836014351428082,17.44620607028512,16.599909342052523,17.93787798332483,16.24519067578397,33.851712556230495
187.0,963,17.900609944246924,9.638330805193672,20.16467123612249,24.13960342166443,23.07916552774865,21.289050259813088,34.54428426983074
187.5,937,18.741923405857104,13.624595673641876,19.587794611969915,24.02811679115535,23.331204963503687,21.794035732475628,35.042083136739464
188.0,1047,15.920531073463293,11.088425755671285,21.81925813874656,26.231361839791564,24.284887489603943,20.446651770661667,35.97988875158987
188.5,1015,15.505803020643732,11.558185430951765,17.24794398364746,20.55255639599049,20.2266502934253,18.160605213397933,30.608475288030085
189.0,898,16.488978552130895,9.849646602775744,22.062803291539527,26.134075685037956,24.96370762198431,24.498813262052387,36.82704498385233
189.5,893,15.690068022964674,11.218982889473814,18.699163812771197,20.458098731377905,17.368769461889478,16.272131192965826,37.34113735119085
190.0,882,16.30419546137093,9.171817947440871,18.83935172593963,23.23896310100482,22.993459207692744,20.17447731040745,36.33233041147631
190.5,926,16.033201521228975,9.40298841827714,19.209898350457507,18.54258749015405,19.622802630842315,17.130462186353522,29.072855171690943
191.0,944,18.860689120307253,9.07890646918715,14.547565414427565,18.52367837370628,16.40571395926163,14.74825806449051,30.498037144657825
191.5,928,18.49961051418319,9.157773143525931,17.04712310315303,20.757401736377467,19.31038387844586,15.599211042217007,27.527355121134477
192.0,1163,20.964662117840582,8.544554410129487,18.051455406980985,19.13585951489973,21.96294328619654,17.947173249894433,26.09236711509269
192.5,1214,16.098777607369758,9.903373288360475,17.894052230762554,17.93814548597418,18.257469330662424,16.248252230907983,31.291366294849432
193.0,1211,14.354672117805348,9.951420525924062,19.99662946099586,22.71395584674581,20.973225754089555,18.64795023990772,36.46320263595875
193.5,1175,17.397622145719968,10.453446921826115,19.02509824760417,24.094462879366933,21.02900702987513,20.429789227931103,31.8595780652885
194.0,1141,16.190022781247976,11.454105931503063,19.60092762598216,22.955008456671383,21.924503881368285,20.15806882234801,35.68354141448083
194.5,1024,17.4992872755476,10.41006521142568,19.441729907925165,22.3557771505635,20.630988505923668,20.930823913204986,36.89448591632094
195.0,1004,16.27844539622089,11.661348898674138,19.253419838753928,22.506660335706453,20.329647035632632,20.17211608491132,34.08177817500155
195.5,1051,16.500624177432574,13.7502645790224,18.616496509444595,18.08128802125602,17.443429776963935,14.970254879366651,29.777584835106683
196.0,1083,16.044147522023366,10.749441806439837,18.56126778544725,21.52592881094859,18.776395177953784,16.937748834841678,27.257675679625702
196.5,1094,17.145459912952788,12.111907529856428,20.355426038574528,23.61208516151942,20.79199107780965,16.50993679511697,26.021265595731062
197.0,1023,16.37311860635534,10.266616536883426,16.755333368315096,18.7479476171092,18.26129495577681,16.144445895501345,29.606019657393592
197.5,870,18.861533622784258,9.904252459420697,20.13200453857564,24.550934715627104,25.584376770577663,23.070871113313515,34.188278954152885
198.0,871,17.55162368911081,8.453546898070856,16.02131327789528,24.148952003917085,21.940528388340784,20.179166888472206,35.61975718459791
198.5,1012,16.73467889913784,10.57880042058343,20.174451594104543,26.247864916482342,21.59072925723416,21.44961419651815,39.31449510171498
199.0,751,16.4540717534012,8.964778357354215,18.116209578199538,22.33319072853128,21.28092892685762,19.920375491050653,35.30715872222514
199.5,818,19.774360778182825,9.150528646882858,13.88758863129259,19.75745771621541,18.72865271490637,14.569424794426174,25.54778525869528
200.0,930,16.3050604108809,10.235699904318484,16.25995174470566,18.6477061854262,20.527462211402398,15.943766069990213,29.384714298911152
200.5,735,18.11555269232391,11.937980354208326,15.409191916774716,22.215721034372187,17.563705572150358,16.54259129864008,30.81958598111779
201.0,607,16.990194398958657,11.727985651584268,16.61176735504808,18.497594300051706,19.319244738845963,18.183331632770795,32.10274264318787
201.5,677,17.702220452048806,10.777626027890305,17.32728130926021,20.211536804230278,17.47666770338676,18.509677445350228,30.44843123000474
202.0,914,19.16581012192047,10.329065367622404,20.36205462230717,23.69131675129845,24.98315878437938,23.91326881858041,35.36192801459731
202.5,1157,13.460844462076563,9.349856282226114,17.51553093950776,20.65136485407968,20.46293483670127,20.504976708429364,33.01321231802749
203.0,1283,14.60970343118094,9.562043483397176,16.876323006492587,19.453190793968915,19.613181238672315,18.78151484379397,30.31365847873224
203.5,1295,18.06287995082432,11.245929712059349,17.864870577923035,18.628234256914972,17.64005730420126,17.136001794652245,28.435371792986484
204.0,1329,15.100871435403398,10.115285928465484,18.9662786051292,20.14252691128794,21.18720980914072,21.61869217539141,31.03592573069221
204.5,1305,16.18171534107432,11.740371333905673,19.67921298778314,22.432456764620483,22.86046153973824,22.72765345396698,33.53603336988149
205.0,1309,17.493701012382317,8.752584103595364,17.475744866672322,21.852843053856883,19.16725291139094,20.097382238548786,32.53025719901531
205.5,1298,20.316868126631032,10.641193999537656,21.163457477408038,26.1271498975516,22.437855488744784,22.13855877008155,30.923246469334103
206.0,1200,16.652441950214662,11.278547429218817,17.916361265030474,19.303093283512503,15.728979829279194,20.077851101647592,31.010435821764425
206.5,1052,18.839479629550496,12.169022573479737,17.525325442433193,18.979928563392743,18.533888043806712,19.24150487423616,28.69137599127745
207.0,946,16.236843876239355,12.11711870529502,14.772041516632251,15.296753956953932,20.07306927313228,19.82838777790531,27.88127427628782
207.5,800,18.718346913463694,9.86640214035057,16.271300304160455,19.834001383291703,20.03799835605169,18.725251642734943,27.543689572629003
208.0,727,13.695762133566864,14.675731366248826,19.688032805367857,20.629951904845303,22.042868865399665,20.53545250001896,28.16469944977055
208.5,808,21.138596070797966,17.958862155247576,20.42468356703404,20.65484601314369,24.36671843936861,20.777642696077923,25.278214441228165
209.0,769,16.19682918937848,16.792186226696515,16.389459788006867,20.0918339521035,17.994600253753028,16.77948030743229,25.072275365840348
209.5,685,20.98855783307154,11.160957581555142,16.795499675320468,19.67920043531484,18.07325856277534,16.938060309377466,27.707955666954582
210.0,960,17.05741189116937,11.899225073661649,15.549570381810152,16.16295531196028,18.42111809489852,21.493390892348103,25.8496854079644
210.5,924,21.188574892324624,17.014157725835364,16.11679062224218,17.042793457993863,18.520325318707425,24.388014750760544,25.045480513425805
211.0,914,12.65216275707412,13.766767131111411,17.358765169951553,16.052281782630118,16.302195496676227,17.56862818046284,28.070072762889087
211.5,901,20.05218244783074,16.00877623777093,20.86954022010641,16.980708948341054,23.036042009820203,18.6713186519083,25.79492142007666
212.0,1033,16.107765650065694,11.045390913424365,15.805914835188618,15.729432617206031,18.760026496752424,21.91140825665977,25.46966988415562
212.5,919,18.627750350574143,12.427353765887394,14.436478277571604,15.85794522733246,16.51481376131628,19.661982953961893,29.132761789625
213.0,939,16.045709880475997,10.812974034427212,14.70316195911002,16.017844012934983,19.582166397132077,19.37146934858363,26.933600803262507
213.5,816,20.236166755714827,13.59142629866682,18.284389093493857,21.75478959181915,22.632387277655607,21.41744028674812,24.82812038615661
214.0,789,13.833443542886195,13.7739343352318,16.614508800925083,16.74584680867576,18.324733880609028,16.293688141471634,28.93993817458693
214.5,781,19.85542361661316,12.179018864829615,19.336939828021567,21.45912642107994,25.978474290969764,20.89101393009923,26.924303467604982
215.0,649,17.783054691140354,13.749941242352026,17.121146497325654,19.103509862142403,21.568884198361868,17.85760208098177,23.677124898723847
215.5,568,20.930330281011702,13.030501883682676,18.156370548874563,19.5424855682696,16.557071635029416,20.048193985836257,31.92003872261396
216.0,523,18.18136982625284,11.713048376729752,20.03236236665329,22.867662878357805,22.891150114900096,24.78128365389496,33.731439707172484
216.5,521,21.58628133067097,16.0667253334781,22.0569026883059,21.854115630531076,23.33270740381082,23.30228050873073,35.130120621179074
217.0,503,11.833737456580216,12.04445849423858,19.64594356237257,19.505253425768476,18.38374326575196,18.008083237333405,33.099071526187515
217.5,596,18.787834838503063,15.682016738903622,19.59312497647545,23.836273644883523,22.477534678347748,23.55717934260303,32.42777854264599
218.0,556,16.506842896811328,10.811243462073872,15.586853911974783,21.52723511918697,20.895729149039173,19.943748100739548,28.720186783605563
218.5,568,17.698067137613556,9.420257879972027,13.051863127576029,16.869186182905636,18.090753023461744,17.256068276266983,30.48549150019352
219.0,552,17.319910891931432,8.539365363872905,15.227560705994234,16.23166230351899,19.3047646992282,19.69574552088496,26.536702902060664
219.5,460,19.275276212526848,9.23013336942388,21.24311061857786,18.733740768848097,28.3963432989686,22.842913588130138,25.39605066744005
220.0,453,13.91401589462904,8.965681445883636,17.16285735764659,16.809954584649024,19.356202009089763,17.81931766658552,28.67200586863582
220.5,453,18.79559062989553,11.911649251198272,17.688229710117046,18.861485951812792,18.66454013205701,16.812655464694853,26.21209508555996
221.0,410,18.29149029800364,8.9166317047911,17.52328313379106,15.798581432823957,14.934316596899016,16.671764932485853,23.371285189942636
221.5,412,20.41376244022997,9.671184806860127,17.20963890494464,15.278554185142326,13.941290559745468,15.58766943339471,28.51984802981108
222.0,475,19.11028806691805,10.254202954731404,14.581112094413674,17.814507230036153,18.61202676902997,16.974626629778793,25.660969743142047
222.5,535,22.74736704434553,16.2221862206393,19.86584501859899,18.371944632230385,23.207683867052275,21.854148487063405,26.72515209307432
223.0,576,14.507143514447549,10.864190844847498,22.329477770876757,17.387326961753462,22.908100948864003,20.172271899862675,28.39097797495709
223.5,616,18.97974575028168,14.789900332567347,21.379866791089547,20.891468858553992,24.47935508207283,20.750579089839643,27.182157929412814
224.0,620,18.04067237572205,14.69496427596482,21.69191072611585,19.451410914918203,24.26647278047463,22.09188331641088,24.656400627323247
224.5,551,17.742885661649616,11.728557440884956,17.145178724572396,17.113223167937942,19.179851987810128,20.36786802197323,28.159524911509788
225.0,487,17.22121423481209,12.362368839010438,16.063238059232336,19.485007341343277,19.30179917412569,21.14825318562234,25.106565996382187
225.5,423,18.306007510973448,12.254872176255066,18.910045088382127,21.31532552463859,22.06637033722548,24.378944816660244,26.44777304898117
226.0,369,13.63384399844646,9.713592386070795,15.845559699305916,15.601303214102195,18.38016385305939,18.02425729043907,27.636905636484265
226.5,385,18.09151440314021,11.884736790026077,15.996596805970078,16.867869741362085,17.226845637145573,16.142922935712356,25.99904239253421
227.0,404,17.681435469714444,11.255982764714178,20.067248793863865,22.894499911160512,19.92269234260136,18.687040438183296,23.897418551442502
227.5,440,16.465631631780628,11.053930204026688,16.819045001215976,18.894857237116504,19.070229429919905,21.77577498936209,26.566693838389767
228.0,439,17.687417277513305,11.644025239820984,17.957425172224163,16.650002113710784,19.432166150716807,20.042633032112544,27.333828266962545
228.5,488,16.01567216536536,9.078187748842586,17.465374315311212,15.91371521992843,21.310099735375807,20.33831346650473,27.83903419576685
229.0,581,16.64452192156707,10.23127737421021,16.933045890123417,16.542480737853264,18.64539233472808,20.24136324612744,28.405935418250667
229.5,612,15.387637616127082,9.240986372299538,16.527898809196337,15.977019745011166,17.2646950127467,19.647085053061097,29.686512890798877
230.0,581,13.926087793820091,11.005307604806244,17.43772493114394,16.641213074798507,17.48672769424827,18.429726527004508,31.57981907648792
230.5,554,15.839426855087416,12.037864068756962,16.566808710693365,17.861027702245924,17.898497306673526,18.939818523183,33.34049502792561
231.0,523,15.519241857559924,11.74833178785038,17.945386843896767,21.4439717687258,23.00524945892539,20.47285541472286,35.417092094465644
231.5,512,15.040740681227916,8.551529178904605,16.492713821246983,23.99156381441241,23.011641809539007,19.499720451892085,33.79166619376059
232.0,366,16.317136732384718,8.904116234177218,17.08901786423536,22.732152857828485,22.190168358083945,19.44799094668364,36.56272997591216
232.5,235,16.201699165671673,10.331534522195367,16.692826583141365,17.303992503828944,17.545118380676353,20.135037640379725,29.138279776025207
233.0,291,17.594448307876174,13.222814917497972,19.074202296768785,20.8551501800216,18.723823446998573,20.25748521626744,28.42174275662553
233.5,479,17.47034211563814,10.894376851592272,17.76072651854058,18.783174607671626,18.04375968789436,20.251646624417017,29.52190723191257
234.0,585,19.72355744222309,11.422793614609084,19.336923560133577,21.269471829683383,19.437297388369647,18.922296919112988,28.437211727287504
234.5,584,14.883160784644126,12.589042932850292,17.26906578249006,18.97492125361411,17.810944460444713,21.90240458035069,27.7473354026733
235.0,558,16.061295259850137,12.353991090501408,17.46655888601289,18.003696154735607,16.7090585953636,19.16556091374438,30.562761826306527
235.5,556,14.391980201809956,10.231045780771108,19.010818710795597,19.042771058654854,19.69374793918602,19.33702977108785,34.467486973665565
236.0,455,16.38230552577124,8.958716430194444,19.5313799563711,19.20042633422974,21.10388585341081,19.225017690701527,36.15255065547776
236.5,370,15.439120471126396,10.53164926524419,19.059592232118938,23.91471304549624,22.270446162601704,19.013452849948717,37.2844317699369
237.0,396,17.86778291777368,7.795827878203148,18.39769755004209,20.969923303598097,21.77482042086479,20.477212687511862,36.37476240909068
237.5,469,16.44988725671076,10.395906444156234,17.059537714355397,22.356241738682545,20.380060441984167,20.518808170727684,37.81852337140326
238.0,512,17.031916702037748,11.4199960773973,17.747003607145007,24.805481364435447,20.47045388139275,19.397525876730384,38.20631011725951
238.5,471,15.42133704640931,9.56986650239032,16.11015667677532,18.780079765307654,18.185149563275992,19.87961115617794,30.198140180584826
239.0,490,20.465170166993754,8.893101259849779,15.9817790871952,19.814501817099885,19.16368694032199,21.339634808219937,26.98071833175804
239.5,536,16.832051816827203,10.065310043118346,15.511175339247613,19.46001852146795,16.694740589454316,17.982067862944245,29.707183097530432
240.0,655,19.100467045418704,9.580516898811767,16.004362956143623,19.37795473557969,18.255424787042585,19.10577445940193,29.37789042032012
240.5,675,17.767932852422813,8.786672114772212,13.660006210400082,18.24101858200444,18.862667579077552,20.7775823339887,26.708951131436603
241.0,474,21.59902078459057,8.97129855982059,12.752748485270049,16.14876467158687,17.559758510818696,20.456068730980306,29.831744091842577
241.5,377,14.724442093687196,10.394618230740925,15.563287980602173,15.1209960771417,16.721410035228875,17.06735693598199,35.86933318996433
242.0,545,17.93520143555983,9.114414664200336,16.537012699663514,21.4454561841463,21.523416596383917,20.45464416332707,33.54017486596402
242.5,603,14.445153876722754,9.378895955588286,17.792511881754365,22.20329687632088,21.3094717313072,19.489293166539568,37.85280855444256
243.0,631,16.673461549741788,8.671478525395232,18.268413834346426,19.65062546174868,19.298178764817106,18.44887434502989,34.634135971219855
243.5,790,16.317220649636162,9.865166171932415,13.77009324996774,18.379779576086143,20.07065630337068,18.70131298994769,33.963152764062805
244.0,873,17.788639046292847,9.510971324232562,17.754313929853843,21.609275109088387,19.955206372327247,20.28853437997537,38.02551900684068
244.5,694,13.166731388322118,9.72650660467948,15.970788199550144,18.248696094193985,17.25365845894535,16.465668381673215,37.69428949002725
245.0,493,19.366477410689026,9.03003700353142,14.903729090360878,18.78814811756621,20.15389873004174,19.0274905741154,34.567971528917234
245.5,493,16.17945895451472,9.292990782684464,15.518399558841535,17.55666618786611,17.542139319446832,18.032550396591056,31.30620486898699
246.0,484,17.253844468626482,9.08218450155872,18.55849417145334,20.87854687784813,17.639948342248747,19.284546781894843,33.02115177270927
246.5,339,16.56365241449435,9.303235293443215,17.828541426398356,20.734560478922667,22.488402976845126,21.23598975719193,35.19695653894596
247.0,265,20.21599841457579,11.42615798366236,15.378518045231376,16.962569264874322,15.733646510143227,20.175499392591995,29.71057187759049
247.5,504,14.04840184308489,10.83488471093923,14.55263914223457,16.45836823881929,18.13076375940841,18.07726870540546,36.982560820120334
248.0,776,18.173040073527748,10.634040931099287,18.126733510540127,20.949163931957344,20.965128135680715,20.03403764116836,33.12704264900972
248.5,729,15.063370876523248,10.977045985189976,16.15790346466181,20.358941386339588,23.674505820900684,23.610812762267955,31.35337360445028
249.0,821,17.11974498111676,12.824454763398764,18.06767713954429,20.00231608786385,20.898203542463065,19.22923603947015,35.910659177664904
249.5,1113,15.94830463177133,10.411608616510955,16.65520296449379,23.838339857708565,19.956056195366667,20.706531235702155,33.18934499774324
250.0,1103,18.14451392347497,11.113586718657782,16.31670979700167,17.333956294974193,18.60251456816273,20.310211428860477,26.546642353232325
250.5,851,13.76631278341051,9.300774720187066,16.11649615563995,16.874238585977608,15.584898301793736,17.803204142638652,33.00223306587936
251.0,857,21.377141189371677,10.698638328146703,18.41663373555001,19.81350163115536,18.834259077172053,20.57957476236024,27.494713976914408
251.5,779,18.244785319038694,9.779141594686896,17.34210954076071,20.985128062101364,18.822722448532677,19.033733599583627,25.67332136166876
252.0,601,17.134882213811746,11.913800303469165,18.78598517545642,19.610428095415305,20.410583736472564,18.872029930019263,35.574694055198215
252.5,512,16.289241657904682,9.966487115947668,17.25660882874713,23.71408958654205,22.501962675480332,20.581308594470126,34.97159126472129
253.0,597,20.177488210627224,9.579597507064287,16.81610435777961,24.07482757824268,21.00647746721234,21.110489776497683,36.25276167742548
253.5,591,16.94793092129812,10.06793383093016,18.037939706436536,22.588740145716457,18.708904873430367,19.361216986060708,37.154653907929166
254.0,741,18.70244219124421,10.140695905398536,15.766933195010552,20.163237188884267,18.778895646616206,18.68876231445477,30.4992912038726
254.5,647,16.41925915840773,11.07548305439521,15.84289929719978,18.892138809464225,17.990421370501565,19.12178663619881,27.94261992522057
255.0,597,15.607560304459978,11.150079652627824,17.365432956432695,15.964893375407335,18.340844441828345,16.419876757725635,34.43211957452777
255.5,634,15.466820928228325,10.915740007033843,14.969575383009724,17.665544815754625,18.22494594714462,17.28255132315777,31.979951589498928
256.0,770,14.92304608472911,9.208815717143109,14.919805387931994,17.566922888593886,17.37890433637955,16.752209638770168,28.19460508586364
256.5,670,16.938459739276755,10.397985354704094,16.656852015824292,18.60104553566432,21.451446977487898,19.24426808684221,36.11921651947552
257.0,565,17.471982747905635,10.237660647351996,15.824842485203456,20.939429296428077,20.303132717575146,21.841118581132008,36.10209663052426
257.5,547,14.703122976510295,10.30019200927942,14.857212783057983,17.568775487758476,20.12702988151317,19.890701203418644,30.00983506009244
258.0,644,14.252858357125804,9.811588906749964,13.650772341332072,18.465752031333867,16.30291162297626,18.1519974108833,31.240335661896008
258.5,493,14.90483006464986,8.548684642900815,14.126252303439854,16.236985828664857,17.991291264158043,19.612362463841656,29.67431300358674
259.0,722,19.19547963854581,7.713318917306974,17.002066429747728,20.83490651991357,22.488889513475907,21.22492723717493,33.98490518251129
259.5,885,15.709237651036965,10.439238134597364,16.24285620053228,18.41567642134825,17.413273033378744,19.34795776867005,30.6929218354872
260.0,1034,18.01773813186651,10.776375271677892,15.621210694920874,20.16289121501416,19.24123756072178,18.50125967549996,34.93649240993423
260.5,881,16.322516941900112,9.044307802742129,15.364448101024804,18.74899648712293,18.189667389657803,19.695838705802725,25.830899041477853
261.0,763,19.13771632135568,13.009938091510202,18.201633604497,18.57334910902014,20.312932215636437,19.226596564080715,32.66289883344692
261.5,534,17.250634820314882,10.024191065982064,13.742539744169717,15.333264147949585,17.532891351856286,18.181181276633897,28.557026092090396
262.0,372,17.216701620895872,9.433300020564776,17.633907692224593,18.722766601510603,17.58904835402403,17.603352210108437,28.580080343221425
262.5,207,15.334225716036194,10.287626435918176,16.01291656099537,18.30737880611929,19.66663673696028,18.89920214374978,36.560411211864746
263.0,203,18.137471520480272,10.359848755492784,16.164418156541807,20.512906142623915,21.34357017521389,21.32511893702229,36.312589504653104
263.5,213,14.557035160383425,9.61726878662929,14.825946561354872,18.335149563043565,16.81314951076754,21.65218958830304,30.45135262886348
264.0,360,15.1416759868634,10.21914054198028,15.253142059524013,16.81498125615243,15.342987422202246,19.111715196347483,31.09518307846272
264.5,462,16.51841885656286,10.492077718446012,13.988755310415875,16.0962392573633,17.42144072861226,19.055644080423797,27.7217636146826
265.0,558,16.143491452916212,7.639232168099042,16.584424977297207,20.427805500040744,22.35048805028632,20.86547642783498,35.87740692264196
265.5,515,15.58405763526554,9.30575929828403,17.039868521949522,19.13168831064589,17.99708189752207,18.98367931839341,31.304167818533223
266.0,602,16.13851298928359,9.137111778573168,14.876619954387747,20.74086586644923,19.44670306304088,19.137564797389143,35.16470570935153
266.5,485,17.08377116913521,10.003398475025024,17.34267713223659,23.54612238556752,20.69415961409244,20.395819736804143,34.90412340378023
267.0,442,17.895403041532873,12.4045032116222,17.00648531474127,20.308800728493047,17.98274274447534,19.733435919481646,28.677479442913725
267.5,246,20.357210126040595,15.651992264549984,18.72211135017848,19.40466050165017,21.14617027790549,21.081079746469573,29.73686467830812
268.0,184,19.193904625357213,10.359869387850551,17.283012153951073,18.043707319233544,18.510939018895428,18.416674161857664,31.91345247545104
268.5,171,19.447163058067535,8.101691594184082,16.6517101838027,18.07901669484842,18.2432262966096,17.543643053722352,32.82206425172217
269.0,129,18.50549286981814,10.65734351381351,19.10798929326196,22.44133717149137,23.42124214130905,23.20950406503322,36.191687208563096
269.5,125,16.544492421656734,10.26952550058399,16.773648412270457,19.021309171672023,20.185273523842728,20.62892432989017,33.14739806108312
270.0,224,17.0274316072936,10.220688064902635,16.18087806960275,17.766501343194555,17.121958748348874,19.30247008581184,30.339853713373007
270.5,259,19.69719930681193,12.65590250004406,15.438734982805435,16.93676160733679,14.786272083933758,18.77827795318531,28.48802626455769
271.0,160,23.19769373108097,12.182438119824267,16.170087478583945,15.708426546491008,15.306304897212248,17.295381396940684,31.122889629110247
271.5,87,21.339795148698897,16.96899266014543,20.861304233788907,18.61411422114522,17.17150103114805,17.50722893739895,31.83770288990579
272.0,41,20.488329923246724,14.367465293984653,15.06741953283654,17.02950351544763,16.350442615691314,17.1630020059582,29.465717148469185
272.5,16,22.141400063959896,17.046562789444234,14.530512549813292,16.32589405021423,17.706827455995654,18.20616662013971,27.52368468452662
273.0,6,22.517511585157667,18.91705124578641,17.50952690052146,17.190309474614295,18.782027813230524,19.67116234541012,23.83443788848512
273.5,2,23.1188701089357,11.173338223463103,15.659185663275563,17.083053013860322,15.020484016794974,17.68715855379341,23.80820268412712
274.0,1,22.39211790136577,11.379939363203103,15.5764603333084,15.011524675213202,16.789430100100923,17.31759965853401,23.033796598228182
275.5,1,21.904591550046945,14.506727907333223,15.26517059663486,15.852248013839692,17.468301464237438,16.592310047113944,21.41292294584203
