0,1,2,3,4,5,6,7,8,9,10,11,12
-452.3785,45.139046,9.803242,20.61082,24.23978,6.1688304,-2.878012,-8.01177,-9.61813,-0.20572223,-0.2523797,-10.758338,-11.121915
-392.92395,107.58512,31.205978,25.670467,36.71205,12.147091,-8.910108,-8.357703,-13.520593,-22.597813,-20.085424,-15.931582,-14.961954
-340.6726,128.72067,24.492165,36.096878,27.227179,1.0881314,-0.32191524,10.246996,0.36353838,-11.818159,-9.603814,-14.341651,-18.554424
-208.81923,149.14473,2.0375044,29.580479,-2.3288438,41.043186,-6.337709,-8.332224,-6.3251166,-25.809053,-7.7695136,3.3236601,-12.154494
-246.10402,142.7039,6.3581395,21.853384,-4.461075,29.429718,-1.3771591,-13.220933,-6.152364,-11.731816,-3.2343407,4.03725,-11.394757
-288.2595,162.79082,23.702196,15.00552,-15.682312,-2.0581696,8.105625,-3.3314102,-6.384569,-19.068619,-16.141073,-14.915045,-10.519426
-288.85596,123.47307,16.506926,53.14561,12.636009,16.133171,-6.612,-7.610803,-7.3767905,-19.139832,-11.852146,-14.028221,-4.4656906
-282.44135,102.98077,8.265472,65.80603,18.67486,21.761019,-1.056125,-0.08886191,-4.611348,-8.100432,2.4675658,-1.3505452,-8.529942
-312.87573,145.89775,33.091965,29.945265,0.48311433,-11.982859,-6.93547,8.833651,3.477124,-8.522716,-13.311514,-17.241571,-16.350744
-406.7406,109.19922,56.487152,35.119335,24.97068,11.659553,6.625335,2.9870663,-3.7651587,-6.695592,-12.152236,-18.874504,-14.667959
-433.3043,82.22111,49.428535,40.732285,33.344936,17.779488,11.350579,7.3564496,-2.5860834,-4.7911205,-2.2541597,-9.684299,-15.937166
-390.1328,103.773735,32.076893,41.89286,43.70851,12.308536,-2.1335409,-13.534447,-23.777283,-6.394569,7.3802752,-10.044603,-22.063147
-433.616,76.20838,39.26074,36.753204,34.466595,16.616663,2.7109804,-8.42255,-16.360271,-11.63822,-6.4156523,-10.445344,-13.949783
-406.1985,92.819046,28.607513,32.760094,44.96029,25.90056,6.332431,-9.755578,-23.176828,-20.698273,-17.397318,-22.56142,-21.554672
-363.86008,103.34949,15.557815,29.761457,31.677954,12.625639,-5.6347303,-0.31770372,-3.9936318,-12.56804,-4.787874,-4.751447,-17.892908
-216.0886,159.35674,-11.528626,10.873656,13.076326,37.90297,-7.025879,-7.869717,-7.349288,-12.193287,0.50213987,11.187602,-7.391597
-241.29468,140.36256,-6.3412595,21.670435,7.511865,33.475044,1.003251,6.9671474,0.31180784,-12.85566,6.472171,6.9914002,-4.124326
-246.59212,143.2331,3.1415107,21.089268,-3.5495622,24.168293,-4.188185,-7.254983,-1.2217613,-8.486923,-23.643984,-8.713859,-7.0690236
-266.32425,108.185005,15.112817,39.70038,4.0638027,28.602293,-10.7956085,-0.7998744,-6.227936,-10.361138,-20.668505,-13.202747,-15.900243
-327.76575,118.30215,25.87725,56.43272,47.96104,31.103884,-3.9416466,-9.807627,-3.6698945,-5.2305055,-9.299992,-9.600349,-5.7598724
-422.54028,88.383156,45.976433,41.40903,37.50549,18.879478,10.791519,5.962821,-3.2711792,-0.58282804,3.4624374,-6.900815,-12.644485
-403.17056,105.84789,45.625435,37.252224,45.477417,32.70819,15.202454,1.5027225,-12.936646,-19.36948,-12.785334,-2.508127,0.63378835
-426.80276,90.40578,51.593212,38.734364,39.86626,31.93243,19.200577,7.523086,-4.947133,-11.630216,-9.054321,-5.308067,-2.690023
-418.2848,85.35788,36.63522,41.806747,43.24848,20.94164,9.58065,-0.15940653,-10.872756,-1.3841826,3.2660608,-14.9309,-18.334719
-456.2327,59.323135,40.501987,34.84536,28.473383,16.368328,4.4497185,-7.791992,-12.6767025,-6.858811,-5.584848,-11.803095,-13.127377
-406.76404,88.13579,23.717426,33.578575,47.132645,29.45876,3.95029,-28.070457,-36.0478,-8.924934,-3.7890263,-24.69328,-24.731968
-421.70813,80.07167,31.447853,34.794945,31.089758,7.7880216,3.4603033,1.7894003,-10.144358,-8.9232645,-3.0260851,-8.948614,-13.581725
-254.30826,159.58946,21.246572,31.1664,11.048985,30.592587,0.5161928,3.5889084,-6.0664616,-16.975897,-3.8893971,-11.817745,-13.177561
-218.65471,138.8526,-9.726733,16.65443,-1.9919938,37.03,-1.6303821,6.3403535,-5.18652,-11.044007,0.8278961,5.3409247,-6.9810867
-217.64714,163.87689,-7.3373604,8.54026,2.7349496,34.136192,-4.471112,-10.634241,-12.522952,-13.820415,-15.205488,-5.0796313,-4.000695
-264.39804,135.15764,8.77218,21.762793,2.5298004,27.182589,-7.8828077,-11.878278,-19.908253,-19.762833,-16.4586,-5.396997,-7.81106
-255.19838,115.39142,10.765087,51.794746,15.125179,27.728893,-5.46835,-2.4430697,-16.265583,-8.734749,-7.9921117,-10.14846,-10.902708
-267.6595,159.55711,26.065681,31.743793,2.9136124,9.879131,-0.3663451,-2.6546793,-14.746358,-17.278086,-13.541222,-8.687735,-0.222469
-354.38345,143.60487,45.16754,29.937063,30.668638,10.512116,1.0222186,-4.8430157,-19.915442,-15.545259,-0.648418,-4.5348682,-6.189832
-400.74924,123.41352,74.76683,48.046658,34.886326,18.99987,5.5114307,-3.4237025,-9.199811,-8.455124,-5.9419694,-7.758576,-7.8467402
-392.87778,109.60431,46.282715,50.38041,49.607426,19.671135,5.3616295,-2.7996097,-13.3653965,-4.0079565,5.907502,-7.208006,-15.536516
-443.38113,75.43105,49.479862,37.084587,29.57876,14.825114,-1.3764136,-11.571141,-12.415923,-4.776935,-0.6814918,-7.6318965,-13.541146
-376.54834,107.96201,20.271875,38.412964,50.91998,19.139053,0.35291347,-19.137794,-36.77383,-20.433283,-2.855843,-11.321424,-20.451584
-428.88058,84.73847,43.960224,32.397823,31.378725,19.38016,5.663251,-3.8626885,-10.717311,-11.591732,-8.613068,-9.490058,-13.706869
-274.75058,148.44638,33.017284,30.248665,0.09707469,21.109068,1.2666081,5.327619,-9.960273,-20.126993,-3.679601,-13.039294,-20.58482
-207.66927,150.87473,-13.069908,7.163228,-6.769747,23.209326,-11.809015,-0.30134666,-1.9977745,-7.661184,-4.7651067,6.3533354,-1.6670676
-239.94112,94.14731,3.3782313,44.411484,-7.602032,23.898985,-3.8659513,4.6574078,-11.805149,-5.820409,-5.4848094,1.0468693,-10.379144
-222.81226,162.17096,-1.6321269,-6.782873,-20.998095,6.1456504,-14.215891,1.2448087,-8.163029,-21.359062,-14.59994,11.489758,-12.566499
-285.96478,155.73357,13.226319,27.597244,24.69881,14.447411,10.037857,10.59634,-11.803274,-9.238016,6.6692233,-7.437593,-10.625062
-325.21533,110.86309,15.092099,56.041306,39.80829,22.610706,-9.103574,-2.640773,8.747709,-10.461332,-8.219672,-9.510316,-10.51412
-401.7275,97.34087,33.77,39.257652,43.40308,18.341965,8.240428,2.185031,-12.235827,-7.6312156,2.1940684,-9.3132515,-17.742079
-390.61243,109.50351,35.730995,28.456263,39.01382,29.837675,9.958774,-2.6266937,-6.565581,-5.1073856,4.7363725,2.8473408,-12.921431
-304.95667,126.76867,15.19926,24.84032,24.20539,26.33306,-4.3363447,1.2335738,-3.8250124,-9.286144,-7.097485,1.9807622,-10.4880085
-177.49683,100.25619,-49.58676,12.758661,-21.822527,25.292234,-35.6219,-5.639375,-6.0810666,-15.938976,-0.87875754,23.950415,-10.698168
-272.65283,149.99182,5.6307645,31.402367,25.939575,28.75486,4.85952,-1.4544753,1.1153629,6.864192,19.967531,6.6779513,-3.1001906
-340.6838,145.38055,37.344772,32.49697,39.747074,28.660227,11.239725,-1.5322324,1.8838882,9.61217,8.922034,0.5053339,-1.926542
-257.36917,136.60992,17.056887,47.920387,9.074406,28.47061,16.841047,8.7203045,-4.164678,-8.38377,-2.6699173,1.2677852,4.442253
-324.0854,155.04245,51.062817,38.696877,25.723585,27.260132,21.870691,12.983453,1.096384,-6.325271,0.07296901,4.5251656,2.3457754
-248.31256,141.61089,16.355959,51.989967,32.82781,44.178356,8.59642,10.551806,-10.100818,-13.554155,-3.382272,4.582578,11.184959
-170.89682,111.77769,-36.873062,60.48467,12.503671,42.74779,-5.5701466,4.6692643,0.21673284,-3.6734467,-5.891639,7.5162745,0.6109346
-263.87628,151.10017,6.804035,47.450047,30.723846,27.010666,9.096493,0.81580734,3.6146467,6.093858,14.540143,3.3344028,3.619974
-311.69455,148.66847,25.923468,37.978073,37.307728,21.096659,10.510319,8.953126,4.660535,14.654602,20.131424,0.62564826,-3.9388819
-222.30603,107.416245,-13.18099,45.0949,19.428186,35.27187,-8.490228,13.040522,-0.41933343,0.276103,6.287257,4.421106,-3.139313
-148.9713,129.52263,-9.374036,55.439335,7.3728156,19.459908,-5.0695777,28.831097,-4.540177,-1.5227101,-13.662327,7.8107777,4.586044
-170.31065,72.771095,15.414495,68.79507,-9.727235,38.391205,0.59910464,21.230534,1.1980361,11.116496,-6.9317675,15.625392,2.0413735
-185.66426,110.30468,-16.226965,58.191967,6.902976,36.66446,-2.601894,5.795464,6.4137006,14.930839,7.0834064,11.448224,1.847824
-161.47551,106.860634,-26.644989,81.46494,29.48799,34.282867,-32.2187,6.762239,13.402925,12.176662,-8.26657,0.52660346,12.548358
-283.66833,134.097,20.590216,48.075905,44.478107,33.859547,-17.456362,5.654568,13.947248,5.345875,8.306543,7.092868,1.5985979
-319.50784,125.00996,15.537991,44.535313,29.28664,23.153704,11.606975,4.708642,4.942298,3.9873335,12.600664,1.2347585,0.20715696
-333.28223,151.50441,43.12667,30.60562,30.30652,33.427383,21.06084,3.2676303,1.0392725,2.9349744,7.0046644,1.3427078,-0.72324944
-365.41367,138.30786,53.47333,36.36748,36.057236,29.357351,22.802235,12.964134,7.7321677,7.912354,11.672479,10.605471,1.5858229
-327.76813,122.35206,15.526298,51.187138,35.673767,15.893438,15.964077,11.413944,6.2984066,6.0925117,12.375342,4.4408765,3.401182
-305.41602,150.92798,29.854717,49.2347,30.856281,15.532959,19.00543,7.170461,-3.1844068,12.504173,22.320393,-5.288833,-10.672981
-299.87064,169.31635,29.919584,36.57117,35.54983,15.511231,18.934296,0.004839653,-15.307539,12.348563,25.3155,-7.1464176,-15.715028
-319.17914,127.90701,13.713433,39.37426,26.956785,19.489292,14.138823,12.329692,7.5506682,-0.38563767,7.1152024,-2.2582333,-5.8237777
-324.06082,138.36044,38.844612,51.857914,34.97992,27.017275,20.058636,15.999046,7.3953233,-4.037272,2.2722192,6.2373495,7.228744
-263.39902,138.6171,2.2344332,46.997513,42.926914,36.377636,11.914458,9.59443,-1.2797736,3.1852365,8.272604,8.089576,-1.1842128
-169.93047,123.961235,-24.254324,46.37127,27.543125,44.923084,-13.444856,8.209579,-3.16832,3.093073,2.1581223,14.234689,1.0347061
-223.07259,143.069,-15.141168,43.015507,21.674244,37.863514,5.2042546,-3.9984646,1.9324559,8.696024,12.264902,7.3608227,4.0466466
-303.48575,167.99661,25.240826,22.136763,36.690613,27.461094,8.47607,-3.3752291,9.790243,18.781134,3.7681153,-11.827138,-3.571849
-266.6634,131.93149,-11.09839,33.153927,20.38957,14.239362,11.8557415,14.65401,-0.61310375,0.3215533,-0.63745266,2.3618684,0.93201154
-230.71078,151.96637,7.635883,26.981457,10.295716,34.765835,9.856582,6.930918,-2.9827962,-1.5301602,3.9436748,14.264494,0.056714285
-255.0752,117.23944,15.287563,62.28554,21.710238,38.76428,9.606239,11.0704775,-0.19240357,-5.314636,5.495621,0.61988205,-0.21116483
-175.85681,119.71679,-0.06629456,53.708416,-5.918387,25.99836,-3.324466,23.008553,1.0379516,-4.3775725,-10.617425,8.083874,1.193585
-190.43062,119.47622,-3.943458,45.22868,-12.386686,38.087597,3.5163777,4.9405503,-7.082383,9.363921,12.544422,19.641449,8.169457
-292.65482,166.58676,22.441364,33.645744,30.211252,13.16376,15.412615,0.46018437,-12.869661,6.517742,19.47233,-3.2856452,-1.5768862
-242.85751,134.63678,-20.895582,29.118073,17.5063,16.802204,9.058129,17.152346,-0.36594012,-3.4287972,0.26173413,4.0833936,-0.145223
-152.94804,151.4279,-28.912773,37.101337,4.02428,16.706226,1.3228159,24.185274,7.6438384,-7.7586203,-12.465472,13.753935,0.12730588
-191.39394,127.97737,-18.613773,58.382816,19.70785,27.335001,4.4534855,11.801235,-0.97396797,-1.8683406,-6.522782,14.283423,5.424761
-184.85487,107.71326,-15.400248,62.0775,11.181026,38.672493,3.3515983,7.530907,0.6755386,12.732166,4.92083,11.844753,-2.6694055
-156.85483,114.11679,-45.626556,74.26985,22.079067,31.852465,-12.929574,-0.58928585,10.888475,17.782396,-2.3924627,-2.7308342,11.116526
-148.11714,116.7954,-24.087961,72.57841,26.710054,30.594675,-33.505413,3.707961,4.1685486,15.280349,-15.944715,-9.291028,13.85047
-232.361,113.96728,-0.6213217,66.85777,14.427206,23.755674,-8.178006,-7.6392703,-1.95929,7.140509,-13.948214,-16.911594,1.7881571
-300.90176,166.17265,44.966373,40.393967,27.292555,30.024536,14.0435295,-1.5958949,0.25665852,2.3942137,4.6964464,-4.2892995,5.0584817
-349.0719,158.6343,60.879025,28.351131,28.858295,30.363728,21.121424,7.379545,7.2026978,10.667161,10.371075,5.9449096,-0.72847867
-339.67325,127.93306,31.813269,44.624626,30.396612,24.064423,17.835524,6.908045,4.201852,1.5183624,4.7856297,1.0953784,1.6956345
-324.6777,155.29572,32.276295,24.90606,31.739695,20.853313,5.5809393,-0.7778164,6.779983,12.063982,12.732878,8.989488,5.4082093
-219.16597,157.84853,-3.5702288,24.527565,2.280664,25.83516,-2.3950655,16.939516,10.694526,-9.647645,7.7859306,11.930377,1.7136387
-224.10426,158.52554,-12.012173,25.903545,13.576545,19.030499,-1.9805417,3.6682723,-3.3848276,-7.331909,-2.7623024,0.6176509,-1.9499763
-191.20467,160.03583,-7.914514,35.34561,0.86254245,28.004162,-0.89663845,7.4437346,12.077896,-3.8586595,3.3762083,15.835004,-0.6206163
-227.86812,172.3113,-1.5673112,24.38204,11.53784,16.919369,4.3408437,2.1760743,15.167381,1.5343266,1.6018692,20.849085,2.495076
-175.08028,162.3268,-3.378474,27.59331,-4.6360135,24.320347,3.1727543,12.425252,4.2385955,8.984735,-4.3533053,17.535332,10.79754
-261.6445,166.72287,22.139538,31.612513,17.156912,26.52375,7.7088,12.613369,12.488837,3.5902498,6.0164475,-1.3003259,-0.00010997196
-177.20656,156.47253,-9.603547,49.795303,10.567164,29.099081,-6.063748,-1.0807552,6.104547,1.1259794,-8.308067,-7.3435903,-10.454817
-192.9236,136.84207,0.46348038,42.007057,-3.6041803,29.173323,-1.1059382,14.154727,10.958998,0.058770068,-12.537308,-2.9164627,-16.771
-183.08672,143.96512,-16.199316,47.455315,0.4763655,31.09968,6.0307474,10.121582,7.355483,-0.40521237,3.1928566,4.6447954,-9.41218
-186.70128,153.28035,-14.367809,33.23625,4.597597,31.952381,-1.3047858,12.227836,6.78446,-7.0561743,5.5293307,28.024273,13.823166
-158.84384,133.81056,-4.009796,45.52873,12.404903,30.809212,-19.049324,6.730441,-12.077081,4.2292233,1.5681428,15.187218,-1.5308299
-144.80573,129.14145,-25.476477,58.358807,8.862207,38.879528,-12.661343,-4.16247,-1.5924153,2.3885794,-3.9781344,4.416871,-3.9950204
-142.94986,155.12491,-30.97407,49.498043,18.240044,36.423256,-3.768626,-12.7391205,-9.930441,4.034541,-5.6136727,2.2743146,-12.193516
-159.10445,138.38676,-37.854992,54.240284,7.207448,29.671944,-2.8955848,-10.364492,-4.027243,-0.1102452,-2.2673192,2.0774117,1.661823
-172.01382,154.37752,-23.874413,49.199184,10.188937,22.102184,-1.7841967,-10.336721,-7.2368107,11.938003,4.5595326,2.2353928,5.5307612
-256.05,177.29242,16.169292,30.898252,30.025076,19.04846,-5.887584,-15.394785,-0.42133012,8.78336,2.8232715,6.862541,11.731362
-270.1926,173.6952,14.546977,40.607582,32.29185,5.0131855,5.8668137,-7.1599307,-6.4593606,14.598214,9.131928,-7.5189967,3.6642168
-285.437,160.38261,16.124132,50.450733,44.688824,14.575379,8.615813,-5.0113254,-4.87916,9.146074,6.1285477,-6.334259,-1.0013554
-154.3136,157.36064,-21.967049,60.95789,11.547302,20.637083,-4.694689,-4.125081,5.8536053,5.569497,-3.6630206,2.10833,1.4341855
-159.46417,133.57997,-23.381943,60.798862,6.2880235,23.143074,-10.843583,-2.9617343,-12.141505,-5.300446,-4.8406715,2.2498934,-2.1209726
-183.6436,137.0263,-12.126866,44.301655,-0.31737876,35.2448,0.29887143,-0.33320704,-7.5589232,0.12644708,0.7834224,11.98244,3.5291588
-216.3703,157.86206,-4.557728,41.78341,10.4803095,20.907097,5.964178,0.067292534,3.7650697,-3.9742262,6.1976438,25.678461,8.899583
-167.43211,171.041,-20.648533,27.516323,-1.3717487,13.834883,0.99638915,13.445109,2.4354515,-1.3229777,1.1175678,13.69766,2.9611506
-147.91257,159.9369,-45.59374,32.229355,-1.7826974,21.412178,0.65673906,1.3103706,4.168178,-3.3824723,7.970078,17.784958,-1.8928051
-161.20718,160.45021,-42.403427,41.174736,2.6918569,23.626835,7.489898,-3.9596863,4.50091,-1.4180276,8.367172,13.2744,-0.9942903
-292.324,158.21213,4.215884,23.415861,30.44951,11.707983,13.446065,7.193663,1.773395,14.245299,19.999872,5.6914153,0.5328451
-307.70575,142.45767,22.511503,34.893528,19.509361,17.981504,5.4187055,5.158456,13.771943,11.3778105,16.725483,3.734753,0.19497131
-351.2746,152.61952,58.34542,32.243057,30.349323,27.156162,15.555002,7.9424686,12.139433,10.206164,8.884299,9.42276,5.379878
-308.35886,140.03297,28.23105,45.99744,30.739204,14.603062,8.644273,11.855266,3.4871478,12.135458,18.757181,11.017759,4.5630527
-221.52055,149.76662,-0.8286046,51.672623,26.438686,15.408829,3.8965347,15.808353,-2.8358443,11.207171,11.978955,-2.8993213,-11.071485
-167.06966,155.26508,-17.974016,54.580593,23.591053,14.025753,-3.8314698,8.836181,3.5703328,13.510502,-9.710184,-0.48497254,-6.329997
-180.33272,141.16238,11.163899,28.119326,2.4642923,24.066597,-15.280977,17.727125,-2.702056,7.956059,-4.3945374,7.5787005,-8.303988
-173.36069,132.0206,-10.329078,50.13234,-11.261387,20.324848,-0.19101715,6.276558,-2.3479373,0.89606935,-10.802758,3.5081825,-8.045136
-189.23285,139.50888,-0.17395747,33.74868,-6.103158,34.305027,1.811672,17.766504,2.9078677,-3.498533,-1.5954276,24.24339,7.842244
-144.00189,137.55154,-25.798294,61.76809,1.8556863,28.006975,-7.929289,-4.938791,1.5787671,12.910622,-4.155099,-6.7535033,2.2350225
-122.18174,150.40366,-36.303284,52.01043,5.143339,19.790024,-8.396485,-2.7731755,-11.075724,13.765785,-0.26052827,-2.723089,11.267901
-168.45853,119.42089,13.988017,50.429035,-4.499445,36.56606,-7.1392455,1.1508374,-11.580576,5.8016047,-11.187152,2.5623574,-2.9408154
-171.94543,144.03664,-15.096037,41.12709,16.25619,21.025866,-11.1817875,13.489487,-4.8595066,8.288177,-11.859565,3.0011628,-0.41089174
-153.55502,136.64894,-27.078735,44.43078,-14.058557,15.941086,-2.8328412,13.867845,-8.162777,5.1259093,-3.5417736,-4.527322,8.577807
-213.65387,165.0571,-0.13243835,31.560041,20.170624,26.272892,-6.108923,-5.881407,6.0693617,12.379069,-1.149098,13.279036,12.242551
-301.03357,178.65637,34.206448,21.263336,33.668884,24.67034,13.741395,3.5486183,4.158673,5.8669705,5.0229945,4.6547446,4.005595
-265.65546,154.3246,-2.623626,45.091213,34.92389,18.067541,13.961699,1.6246037,3.3468032,8.606921,8.608018,2.156784,5.7828484
-188.96013,156.28087,-15.545674,24.960901,1.2287198,27.186981,-0.87784845,1.7952147,4.2196236,1.3904477,2.6396422,20.655691,4.634621
-185.17458,137.75311,8.090222,42.64635,1.7298065,30.67764,-7.224067,3.128853,-0.047811065,7.382178,-0.626652,14.770745,-2.7010474
-171.75087,138.84404,-19.615606,34.7143,-13.383373,25.062647,-9.646267,6.252481,-2.6163242,-12.491162,1.0671685,23.758339,1.9577867
-170.60051,143.15517,-10.957215,48.006275,2.164235,30.101162,-1.336216,-2.7493975,-8.458037,5.9185314,2.1859353,21.818388,10.308241
-145.48524,132.7794,-22.028479,61.59421,2.4632938,28.503698,-2.3448443,7.3129463,4.0522103,7.6086764,-6.1695685,12.073169,5.0322194
-114.557785,134.75815,-49.2557,58.027763,-2.2129076,34.571323,-3.0326355,4.120996,8.666684,2.1917264,-3.0200753,14.575722,-2.7411406
-126.131714,131.26938,-40.10554,48.876316,-15.727418,48.64466,4.195479,-1.13277,11.235386,-0.15343234,-7.940884,13.337917,1.37724
-115.32524,127.931595,-37.4203,43.82348,-13.365455,50.733074,0.95705485,2.2365155,-0.11156235,4.513273,-13.010497,7.7510448,9.2746
-187.78954,163.68416,-23.444654,54.05607,30.568933,12.200868,11.800314,13.083444,-8.924196,4.4546623,6.41342,2.1064045,-3.9587975
-193.19395,146.71051,-15.2424555,64.40548,20.19142,11.385624,6.9414787,6.3432136,-10.770584,7.6414495,9.26742,-7.945216,-7.077288
-166.269,130.23436,-24.232765,35.132687,-6.18175,18.165379,-7.2791157,12.753311,-2.940921,-1.7650709,-12.0200405,4.4952426,1.5105743
-166.94283,101.58144,-71.84116,13.720532,-29.459927,24.351603,-4.360043,-0.5515079,4.391427,11.903904,-1.9914188,8.371704,0.9834707
-143.53091,128.70126,-51.42548,16.882332,-27.999542,18.983173,-2.7570288,9.324939,8.2678585,9.011601,-2.2136679,10.713347,-6.2057133
-168.16774,167.34492,-28.826813,26.698725,-2.062995,19.89369,11.2469,9.350344,10.148053,8.999014,-3.2615755,10.091136,2.0435567
-294.83908,151.35304,13.453784,26.724226,15.649812,15.024349,13.197938,3.15971,1.6263843,1.9029351,5.5784955,-0.52440983,2.5529733
-302.60568,172.7765,52.825954,43.05022,29.485624,25.370308,3.8414927,-15.8807335,-4.8295217,12.290528,11.953107,-8.643242,-3.4052253
-350.28925,162.07776,74.32139,46.396114,39.99215,27.227175,7.748377,-6.6306367,-0.69651014,8.7816925,8.945313,2.4907744,-2.943869
-333.35452,129.46933,30.500715,52.460052,34.337288,16.045496,13.755306,10.686832,5.1483417,4.4412684,15.041298,8.187738,1.0011666
-303.70673,163.78116,25.85741,17.894478,17.769709,19.337223,21.415154,14.803312,4.6099644,5.0011024,15.3232765,6.701182,2.0051656
-287.72122,180.192,32.2821,24.976398,22.074133,17.120665,22.494495,9.421796,-8.917573,-2.0142043,12.219425,-2.8917031,-5.5924993
-225.41379,117.87375,-7.6713157,53.42451,4.6182113,22.976166,-0.120138966,-5.1348386,-6.199983,4.214259,-3.6189916,-4.91675,-4.0988765
-172.7449,141.0286,-15.774917,64.65959,14.698297,23.156805,-2.2973638,-12.59071,-0.52096504,21.277086,-6.8880887,-10.112482,-2.3684483
-167.88794,115.702736,-3.2026367,66.41823,9.655428,39.392452,-5.599825,-9.875034,-12.054722,15.208606,1.3154885,4.567655,-7.3150477
-171.34491,127.807274,-24.101505,48.989826,3.331782,41.296375,4.8641067,2.084916,-3.897455,5.8928885,6.145954,19.410841,13.516133
-146.15758,120.30454,-32.503727,41.25859,-24.841547,47.11234,9.442296,11.394867,8.699405,-1.1674984,1.4138656,27.202612,16.651375
-201.30771,155.22343,0.7362482,38.179195,-7.833325,37.547573,14.250276,4.8813934,6.2272196,-7.043846,-5.604672,10.1982765,13.54267
-291.24802,143.7474,21.504894,42.145195,11.798558,19.022299,16.641926,3.201147,2.9416475,-2.4006948,-0.54694444,1.6970342,7.6742005
-312.28113,156.37975,49.37149,52.40338,28.810905,21.976177,8.968984,-4.776518,2.2909873,8.146602,4.7133937,-3.6531808,12.444637
-351.10712,158.38486,68.938095,41.26345,33.25793,23.19491,10.416281,-0.7297751,4.9014773,10.078232,4.234972,1.0374426,5.1285276
-320.2991,142.46709,31.599405,45.759884,29.733927,16.443396,9.47741,0.7081273,3.4951296,6.5680256,8.13624,0.8430664,0.001851714
-322.5365,157.73244,28.843151,14.382511,24.132156,24.62608,17.383118,9.055918,10.0066595,12.869819,13.693946,4.4382873,-1.3058367
-291.15085,173.21947,34.09808,31.583065,29.734915,31.41165,26.259375,9.32956,-4.850996,0.111559644,12.803606,-7.6384935,-16.367857
-250.2763,125.102516,6.6834702,44.372375,13.69077,30.302008,2.0261507,-0.08155051,-4.736709,-0.8054049,0.11935957,-3.68734,-5.1972427
-162.8502,119.595245,2.4828432,62.54808,9.111047,37.024174,-1.7422314,-7.535435,-7.8775096,9.933581,-12.2372,-4.837316,-6.87393
-171.33745,126.7503,-14.427481,50.36756,4.115941,35.25431,10.109864,-0.82094646,-2.610019,12.895776,2.0689461,18.380741,-6.1392446
-156.09053,114.15746,-25.89645,57.093784,-3.1869073,43.45859,2.1916661,0.8421723,3.405551,13.105733,8.10387,22.840767,8.628611
-223.64961,122.6805,-0.2725131,34.38563,4.165941,37.55336,4.714995,12.572159,2.8998766,10.324378,9.252237,28.883043,18.930746
-136.30954,134.03265,-29.694859,42.222504,-17.39542,43.83629,8.433926,3.5135078,9.706065,4.071636,-5.2319555,19.132935,5.4383736
-200.41528,116.57536,0.44888914,58.7361,-12.484677,37.71498,6.969808,7.3679037,4.3201194,1.0260291,0.9956874,12.219482,8.121466
-165.86424,121.09007,-12.361043,48.390358,-21.901897,38.03191,2.003067,12.532322,12.427383,14.941968,1.3593957,18.842993,17.918924
-206.1874,127.640816,9.059394,40.602818,-11.211616,43.233055,8.860393,16.44926,11.478375,9.317176,2.1014836,12.276974,6.779404
-261.65576,154.88036,9.663718,46.142883,23.177698,21.218807,21.326756,4.2683506,1.2016915,8.904256,-4.2398067,-11.983053,0.54890656
-306.7383,170.20618,33.573395,20.036108,24.049896,24.86878,19.162933,1.6659322,-0.5761717,3.666726,2.9897208,0.31647766,4.3209457
-288.11066,175.86728,36.30427,27.675707,20.737446,27.751902,22.490076,3.2525659,-8.58868,2.4804454,16.793718,-9.873166,-14.788711
-258.6194,148.72055,17.01358,46.064857,17.302126,25.655914,12.813855,3.1158738,-8.896931,-2.3973076,0.28939655,-10.920827,-9.024858
-156.72913,113.68165,0.49169856,56.893147,0.38923535,43.091675,-12.79537,-2.7077365,0.16113615,5.6046677,-9.934764,1.9041846,-4.68178
-169.19525,142.67506,-9.771221,29.333683,9.333088,32.139355,-2.9151533,-2.2662628,0.12605205,17.710684,0.33296034,14.830409,-2.3980882
-168.7858,137.00179,-25.71221,51.781437,14.4430485,29.48694,-1.2095577,-0.15579277,-2.8630326,5.4070377,-6.846126,13.550067,2.5050914
-144.05376,133.0801,-31.726326,38.188473,-10.404642,36.68373,3.4336474,-2.1988454,1.7772007,9.253217,-7.857617,17.786423,10.810012
-155.73882,151.70872,-20.251526,36.589222,-19.653236,29.757515,13.5323105,3.20341,6.249145,2.9877195,-8.358178,10.428597,16.193485
-294.27588,164.86281,20.690077,26.26802,24.926832,20.501633,20.142954,3.09872,-0.9957853,-0.8628689,-6.1339355,0.7713976,12.585395
-316.15588,138.42458,29.814657,43.25323,25.57302,26.261744,12.455839,2.9616659,4.982493,4.8296003,15.925203,5.0056295,1.7103693
-373.38498,137.68326,63.97478,41.72373,39.78129,35.113,17.894114,2.3344352,6.723316,14.765815,17.599487,12.440407,2.9836106
-336.2886,137.70358,35.546818,47.760464,39.95962,20.91703,12.565412,3.426398,0.035565432,3.0568461,8.335603,7.7962375,5.7922525
-234.08919,148.73463,-12.492356,55.809864,45.89187,26.655651,1.0913339,0.2396108,0.093377516,0.94681925,-4.7838216,-7.809467,-7.3923054
-150.34117,141.11812,-29.234968,44.249615,-3.5228121,37.542324,-1.7623316,-0.65799785,-1.2519517,7.799103,-2.8042953,14.045177,5.711024
-144.62717,147.6404,-47.54357,32.24007,-15.511269,11.9798155,4.191384,8.5166025,7.8767147,10.71177,-0.9908292,18.808031,4.467507
-174.04074,140.60915,-24.99678,39.67245,-14.292532,14.113403,0.7359077,4.5629444,4.6059413,-2.3258557,-4.271406,18.024475,2.2419171
-228.76683,170.46011,0.5905761,31.594448,-0.3442055,11.03427,24.156725,16.253588,8.893859,-1.1444917,-7.9906516,5.2193685,6.8401566
-279.8093,159.67603,19.842566,32.75323,35.627384,33.24939,13.6601715,10.940101,9.317649,5.4937644,-0.5936091,-1.6226091,2.2391517
-244.52292,126.43381,-1.0503731,57.697025,36.215427,33.882706,-3.6952887,6.4020753,15.263209,10.021954,-3.2315419,-0.45170674,6.7755404
-214.13667,151.9135,-2.9133546,49.570816,19.59637,33.292233,-0.51276165,0.394228,11.265164,3.2342196,-1.7318169,-5.598982,4.449462
-260.1119,168.68553,7.8828936,4.9091854,13.46627,22.272877,-4.485905,-0.15654428,-1.2480546,-6.852014,-8.236389,-3.7400053,0.66927505
-152.53525,149.19131,-15.589355,40.07747,-3.1902628,30.254652,4.0418186,5.489753,-1.7913426,-3.5546691,-21.454597,13.239933,-0.8968826
-174.09615,156.6815,-13.234995,28.38791,-0.66960865,20.803698,-0.34892866,18.493595,-0.22363845,1.116364,-7.7646804,14.182862,11.835
-275.7447,180.92633,25.054037,6.003174,17.305513,24.230305,5.91125,9.529775,8.648205,4.6112113,1.8678504,6.4769387,11.540069
-250.6888,188.51445,21.163956,22.8962,26.74875,23.931833,2.614786,-0.37463626,-0.09999943,-0.91443145,-3.8413768,-2.6450613,7.605781
-195.44304,161.71169,14.035047,20.691832,3.2534544,24.17313,-16.519798,2.8280087,0.42727017,10.385876,3.5758305,7.024843,-1.0076858
-173.21423,136.64435,0.6975168,26.305735,-1.0922965,35.78098,-17.155638,11.358694,-2.0939286,3.2977874,1.0427446,11.78979,5.262772
-242.11737,162.39917,15.917413,29.894806,5.645331,19.137247,5.66682,8.111477,7.889775,7.8527217,-2.232589,6.109798,11.211087
-245.55078,180.8585,21.02038,13.32348,14.4440975,18.07921,-1.5305227,10.860416,4.2738943,5.7713656,-1.3554666,13.577469,15.315814
-336.97757,160.00943,46.07658,18.774345,24.144716,25.442692,20.51952,11.753933,7.952247,3.5287554,2.7688353,2.9695268,1.002776
-322.51407,136.45026,20.641998,37.165905,28.193285,16.230019,13.554348,12.979326,12.006167,8.722713,11.818484,-0.50121695,-8.398922
-329.56223,137.8832,30.480827,40.502438,34.733753,29.591333,23.132353,11.331056,2.9756427,5.633573,9.138064,-5.705911,-8.873874
-361.55527,130.40898,51.315487,63.009617,61.71382,37.492256,15.673538,-3.0470648,0.20929754,7.897412,0.82564104,-5.8331223,-5.1075363
-282.90085,144.45036,8.499264,43.691647,29.019432,21.878183,10.556207,5.136237,3.192101,-2.8027341,0.9748272,-5.701726,-6.44853
-174.43102,168.80215,-32.312992,33.499714,23.457834,39.3924,2.3877928,-5.2690144,1.8958842,-2.0211406,-0.07475957,10.354493,8.343892
-208.15648,165.64238,-8.602179,39.82469,15.110993,18.428442,15.424148,3.228733,0.71475124,2.5831046,-13.639955,9.788505,10.82083
-183.26645,182.72946,-28.352562,30.434118,15.785455,14.658282,9.534588,-2.6261814,-2.5907438,-0.6948162,-3.8091538,6.9997935,4.370081
-207.5738,190.05528,-16.102016,18.052332,32.381596,33.34657,8.490806,-0.48544568,-3.6901927,-4.0493836,1.8459374,4.784079,3.2856596
-230.45702,149.90987,12.137227,45.054737,20.303467,35.5476,6.388828,1.3955728,-8.016572,1.0935526,0.24678685,-2.9373868,-1.5860175
-288.14926,128.63339,14.914867,60.041447,32.692467,27.567837,7.301406,-4.859081,-5.392269,-4.8275013,-2.8032272,-10.082769,-7.7846103
-331.7948,140.73564,50.979065,65.40579,46.32812,34.19755,12.191499,-8.838551,-5.1575828,0.4853097,11.244148,2.9841485,-7.2935023
-311.77728,175.36528,40.671627,25.756922,36.86311,20.549831,8.174079,4.4674425,3.7916443,2.830576,4.653611,4.944008,3.5053253
-291.20538,167.92064,28.734734,30.030523,22.449602,20.530378,17.064196,8.927766,3.8487914,-0.40039834,6.15926,2.4784093,2.250513
-297.6451,159.15717,25.893503,40.94548,30.994188,15.398853,15.577977,9.384542,7.8510423,13.946168,9.134173,-5.281868,1.3387153
-282.35992,173.7984,24.772688,52.264603,57.60522,19.657198,2.236958,-10.363698,-12.58703,4.3105407,7.3953714,-12.156697,-7.926091
-275.74957,145.14322,6.2986774,40.200558,30.193987,26.023165,2.903659,-6.588484,-8.086483,-6.1753902,4.79195,-0.41020313,-5.3369784
-209.08249,163.0935,-17.931992,33.764057,21.87459,39.065994,18.358746,-3.8962154,-10.900031,-8.495091,-0.72941566,5.049499,0.6456489
-207.57713,160.44054,-12.0805235,27.547615,8.275066,24.942564,17.08724,12.913403,2.3830097,4.1813803,-0.611277,10.301874,7.970902
-195.9887,181.88094,-22.97124,16.527899,25.515253,32.73541,8.318015,7.5660644,-3.300423,-3.2216196,0.66958976,0.13218158,-5.55788
-224.92337,188.06178,6.8332515,23.11737,18.583948,24.471556,12.308254,3.17251,-5.5639367,1.3129221,2.492027,-0.5064271,-3.7072368
-277.19528,163.5128,29.226196,41.96487,23.950272,18.728094,8.105377,2.1646974,8.120999,18.237707,7.959039,-7.4621453,-6.1694584
-330.661,131.55542,24.418102,37.84748,23.972254,13.393333,11.162252,11.830518,12.84184,8.197357,8.934494,-2.7890182,-8.394729
-329.8732,144.57933,49.430992,53.983665,36.120735,25.368303,12.890303,12.877784,9.673083,-3.9249494,4.7643623,2.3538616,-4.22992
-368.95706,133.96323,62.560184,60.715157,48.918365,24.323027,21.481127,20.02701,9.818563,2.7479968,3.9256709,-1.2013042,-7.2561207
-289.0995,165.50508,29.492434,47.054935,36.922653,19.810932,14.265655,5.8614974,-1.1185119,-1.9203252,2.4282944,-6.0029764,1.2241143
-301.53378,170.27101,31.194336,24.995052,28.427717,21.344997,13.333506,2.7610767,3.3872478,6.6586423,5.306859,3.5989497,8.408893
-288.788,173.51466,36.219334,41.645947,33.10493,21.466034,7.3809614,-10.028746,-1.3512253,9.055105,1.4606692,-7.240461,0.66009355
-271.2633,161.12994,14.364154,31.049671,19.069069,15.438531,4.976464,4.5028353,-0.25183958,2.4932024,7.410927,-7.961664,-10.213641
-179.27522,180.55777,-23.030264,30.043682,22.360224,27.257366,1.2464283,2.2125328,-8.734588,-10.55095,12.541697,13.757719,-5.794953
-155.24925,170.81686,-36.08379,30.270811,7.8603315,30.139416,1.4583228,-3.0328705,6.1096807,-5.380809,1.5191746,24.723452,-4.2382927
-189.30919,142.23625,-22.855127,50.380054,11.116101,36.67569,6.841772,-2.4781914,-0.94216406,1.7818305,13.589179,15.413784,-3.689815
-234.27866,153.7676,-4.8601274,38.618656,25.685349,32.317387,3.0771403,4.017406,3.9971118,0.9756044,4.703552,3.075637,1.225021
-216.74834,114.42439,16.008875,68.328026,19.776752,36.159107,-9.416074,-1.5845193,-2.291502,14.183889,1.173899,-0.36138928,-2.5080268
-209.78256,104.86361,-4.9566655,66.80104,7.4971633,39.3181,-2.005619,2.2108185,-4.2514305,5.4825892,-1.1244134,-3.6128883,-1.148688
-212.10873,125.22134,12.38181,66.21867,17.294258,40.046227,-2.9062102,-1.0122354,-1.5318949,6.585239,-6.5094028,-3.5418136,0.78296244
-273.3013,164.05637,26.490194,45.293194,34.155117,24.516054,2.7449856,-3.359974,3.4723432,3.8934405,-2.3307436,0.14634944,2.1445332
-282.44617,162.99234,16.669104,45.88932,38.058502,14.216192,16.945086,7.9177957,-4.2804685,6.0700803,16.682863,0.14594632,-3.2152455
-221.54994,198.38034,-2.6761303,23.506844,32.188824,20.21725,7.597794,-6.893687,1.7107743,8.276077,2.114048,4.9458704,0.95758873
-254.59106,177.69647,25.848785,34.259098,33.37119,27.056505,1.1548519,1.9098027,0.9501753,12.353042,3.1017609,2.5449145,2.0585053
-277.49905,147.2626,9.956946,27.065523,22.888092,28.236385,4.3812304,5.572741,7.2678223,6.42595,7.2743254,2.7473953,-1.7160031
-192.26782,166.82477,-5.359088,24.356403,3.0097299,26.213427,-1.5866323,10.227901,-5.756149,-8.016665,1.5676042,12.928935,9.466321
-203.11583,144.5793,-0.5245789,54.547028,14.808233,29.678703,0.5502648,16.938585,2.9424076,-4.97551,-6.2852187,-3.2707314,2.2949271
-184.1508,144.29774,0.6964381,57.2188,-7.625339,26.807554,5.7210245,13.92609,-4.5911803,-11.944177,-8.743323,-1.0918661,11.3862505
-237.72076,135.62799,25.873016,60.520252,0.06715801,30.602436,-0.41540846,5.1037908,9.637487,2.8845444,-1.8988407,-5.1040034,7.1377335
-217.6275,146.25288,16.61415,53.87173,-1.0676161,23.08788,-7.7677217,5.5835166,19.709038,13.553432,14.600792,11.091379,-0.047899347
-291.9703,168.73637,18.177145,11.641092,7.7481456,2.7735922,3.3867483,0.423374,7.564777,16.318779,19.450829,13.256518,6.3916745
-298.13712,151.91623,24.46396,32.839966,12.574457,8.916536,-1.7730114,-5.019723,8.037169,14.216846,22.106588,12.2592535,9.388266
-283.69464,182.90224,25.472052,17.157898,17.878967,5.990343,3.7643187,-0.051728938,6.5959864,8.669617,6.4399962,6.5414777,6.8665333
-177.52043,138.16965,-4.358474,55.26733,-3.517204,27.670923,-1.6291866,11.654469,-4.579665,-0.9222784,8.962351,2.2383127,-0.1109923
-125.57742,138.07927,-27.353643,51.901203,-13.847067,20.019056,-14.188232,12.651904,3.7877297,-5.439496,-10.587133,7.9125786,7.1622415
-275.29373,165.68388,26.135246,33.674488,18.098541,22.628126,18.166967,17.195019,12.365119,7.5013766,7.6109357,-3.096508,-0.65965337
-314.75726,139.62701,36.07451,41.038006,22.246582,27.249605,21.883133,14.193341,3.6731946,2.7846172,1.5517285,-6.5146046,-9.370337
-220.51782,109.310265,17.432114,65.5677,-16.600954,20.632664,9.554038,24.081152,3.2845602,-4.725714,-1.577576,1.3263651,-2.7710476
-330.67325,161.176,58.265896,37.838524,20.427797,14.903068,21.375597,25.959885,16.680212,-2.54384,-5.7757993,-0.66708803,2.2897167
-242.84218,159.81984,9.02042,39.017178,25.706938,22.860344,9.652558,11.042007,-0.17049037,2.7831147,-1.4662467,0.9448073,2.4485645
-179.58714,156.96605,-1.1345724,30.520641,-20.80348,12.242778,-7.431433,15.050151,8.048849,-8.163592,-9.907375,-0.61131173,-0.15295012
-241.95546,183.3313,10.498351,27.800026,9.827293,7.5857325,11.678864,2.1232612,-1.8439063,15.166716,17.088049,-15.655526,-7.491457
-263.1736,158.06345,9.75476,27.151571,18.971945,21.277872,11.06166,9.784616,3.6186678,13.621788,17.50658,-3.20718,-10.061129
-230.79333,163.50179,8.36975,24.18786,1.3936075,6.649923,-2.9590943,16.589746,7.433789,1.4226263,-6.2106733,3.4851084,-4.2867312
-151.56221,147.95229,7.1394606,52.21732,-20.405394,1.4301533,-0.152867,34.604362,9.056214,7.1001554,-19.640047,1.3666599,-8.252857
-152.49176,98.86433,0.23686759,62.01216,-20.193485,43.58734,-5.9491377,15.471491,12.978184,12.948607,0.639795,6.4754634,-2.1282625
-173.53467,132.20978,-10.664439,54.20422,0.4533117,29.025612,-9.659561,8.634253,6.577904,4.489884,4.8170843,4.8999386,-0.4571512
-165.99258,141.90334,-18.606733,67.56382,20.799383,24.031374,-17.01916,-3.2615523,6.825912,6.9624095,-9.556626,-3.1051855,7.244773
-295.40256,175.71332,25.637682,24.87219,38.674225,19.828932,8.230223,4.5924726,6.7939777,7.268664,6.177216,4.8328624,1.5503725
-287.51398,152.00578,21.690304,43.388905,20.78088,16.03171,9.969576,5.2476454,3.3020825,1.3706067,11.702901,-5.053742,-6.6822176
-317.0478,176.05048,52.97712,22.706264,23.374163,26.232382,15.310351,5.422555,6.4339814,2.8722577,5.111669,4.678427,-0.5681797
-350.36252,146.81587,46.760006,27.048698,23.890388,18.27929,21.654058,20.30831,16.536016,12.927317,9.815961,5.369094,2.631271
-310.7869,143.21098,20.787825,39.059002,25.402147,12.567276,11.286467,10.325328,10.762444,6.5370917,7.159572,-1.7288362,-1.8440992
-293.38727,166.92976,28.233635,28.031109,22.383291,14.206046,4.65847,5.461084,7.546831,7.830712,14.449818,2.573194,0.34456316
-293.28973,182.51007,23.062475,5.5999827,22.7566,13.79292,10.249694,9.71065,5.78524,6.592133,9.071155,1.631448,-1.7407877
-292.31995,152.19742,19.875114,33.178917,15.051147,14.998026,12.663858,8.422723,3.3821282,-2.3402913,6.387083,-1.090455,-1.6713272
-322.75882,171.28818,57.70002,25.374165,17.552216,24.785406,15.472688,4.102842,7.6255302,5.296913,7.1809196,5.372178,-1.6033744
-313.24152,160.36015,42.69869,34.85037,32.73057,25.444906,11.199469,6.832626,9.395554,14.365927,6.4159245,-0.5379447,-3.1937032
-148.03745,123.77514,-25.812548,62.62414,6.600063,29.769241,-13.817719,4.526689,12.177915,4.495053,-8.092008,5.1993184,2.004463
-228.62369,171.25772,9.787311,31.483654,3.7926958,8.593978,3.0351717,8.043403,3.6340392,-0.936498,2.69904,7.5614944,9.066543
-290.7729,187.76897,40.371677,21.932468,26.658556,19.802814,8.719517,0.5087785,3.810031,6.203783,8.82022,7.806055,0.1404837
-212.02316,124.84401,8.760633,51.145546,-16.148651,24.852386,4.8182783,10.077239,-1.329789,4.055047,5.537226,8.014453,3.9202394
-244.92935,173.28519,26.706242,23.16573,1.6639302,20.857597,9.561032,13.092285,8.160235,3.1461477,3.1144128,13.070737,7.5369644
-237.27287,150.30414,18.065626,43.106674,7.1944294,33.20341,7.1329446,7.3307495,2.8795545,6.0620136,6.952893,4.507871,4.6744113
-134.16855,142.02324,-14.053582,38.586052,-11.512495,36.113132,-14.4555025,-7.2867146,-4.8786488,0.36704084,-12.043791,14.031959,-0.76839954
-116.21743,127.020996,-29.472986,44.925747,-7.8041997,25.611984,-19.128172,-2.4648576,-0.5681755,10.56403,-5.971481,17.411552,-14.728152
-136.97255,138.13881,-24.98067,47.58293,4.004727,17.40151,-14.760985,5.240311,-0.8395059,11.706537,0.6668917,11.890238,-12.202059
-173.326,157.94005,-29.355556,21.108574,7.523958,14.856571,-10.696229,10.497977,-5.3063164,1.5938414,0.9094453,16.156223,-0.8936758
-118.12582,132.93117,-21.14557,49.095078,-18.477802,38.196,-13.798465,1.685703,4.020423,5.8255844,-2.753787,25.289103,2.5334597
-192.77803,171.82831,-10.35241,39.380665,32.104965,23.125463,-9.3248,3.0622818,-7.504762,1.0698841,-6.889215,-3.4820652,-3.2053354
-174.25809,136.78864,-10.560798,38.176826,1.1984867,36.76369,7.893517,7.811808,-6.2120175,10.991848,-1.2589536,12.754116,7.652035
-128.26578,120.29578,-22.355104,53.244736,-5.559847,29.613571,-15.977174,-2.5827973,-2.9985993,19.76309,-6.9465637,-2.805211,1.9329655
-283.60114,170.54613,18.32266,20.32887,29.220434,22.21853,3.9976335,1.2441099,19.118023,19.22535,2.6519277,3.2512662,9.3015785
-304.28174,143.49927,10.630665,31.205513,23.910702,12.808277,10.949337,7.6542354,5.3045163,8.6449795,15.678685,0.95707935,-3.3838234
-269.0869,185.19757,24.662495,25.356346,28.178719,17.6301,0.017093103,-2.0215073,1.5513536,-0.21024087,5.954247,0.08202289,4.59646
-294.18924,183.60548,25.873383,11.9116335,32.65739,16.59155,5.709845,9.415929,11.857856,6.1172237,1.686868,3.4490023,6.356729
-291.52243,155.48442,13.114384,31.437494,24.665968,14.403922,16.827732,15.915498,9.565419,1.6844273,3.0534666,0.20861012,7.4069257
-269.27676,183.9686,14.441645,20.611252,31.715826,17.520763,8.8412895,2.385055,0.90070945,7.028104,11.311547,0.7799821,-3.3912883
-200.083,187.1411,-8.989573,29.488173,16.46985,20.769178,5.830557,3.5946727,5.3546987,0.102373466,13.431068,10.068604,-5.078162
-201.91765,160.75175,-13.556112,36.089474,12.671834,19.28432,-2.138666,5.382018,2.7753782,3.7947874,-1.5756123,-3.7109883,-4.6800404
-209.82063,179.06184,3.7273383,28.36449,9.521313,20.755919,6.6123424,2.4262679,8.433223,3.4277554,-10.199384,8.30548,-1.3870534
-205.0117,158.75145,-6.708602,30.955963,8.957349,25.759596,6.3402185,10.501157,6.7801514,4.368914,-2.486975,11.102896,1.6838459
-139.177,154.80751,-28.551105,44.249954,-10.165959,22.605705,7.2197175,12.687736,-3.0609224,-2.6915786,-0.57759136,3.466121,-0.9917017
-257.26822,160.5205,10.880019,39.30556,22.303215,18.768614,14.395511,8.579903,1.857756,4.64836,8.019925,5.7166615,-1.1617856
-175.44254,146.95032,0.6226234,39.50946,0.7718355,18.049189,-11.126588,9.833953,3.9157026,16.762482,-3.9009318,-3.887385,-7.4849567
-174.12144,125.76846,16.323816,33.441223,-19.7014,18.72144,-19.900703,19.057083,0.63237596,12.460229,-15.749925,-3.9320488,-16.172945
-165.34633,152.19063,-21.064783,44.85167,2.3137326,17.889421,5.4305096,15.555615,0.40356517,7.5651293,8.107359,6.0075917,-10.1278925
-172.2245,150.30519,-15.876561,33.189137,-1.760409,27.510601,-1.5676585,8.884441,5.154112,9.621413,7.2887893,26.0505,12.872767
-158.68709,117.55234,-12.946715,61.352932,11.873508,34.199657,-8.844736,12.859964,-4.3604527,10.315129,-0.14469711,7.303326,-6.1810627
-141.38216,134.69876,-34.549576,66.85593,15.3949375,34.054028,-13.664745,-10.706481,-4.8218,6.541868,-3.976868,-3.6106987,-4.412872
-140.16098,149.26173,-21.165064,44.118546,16.389935,42.253204,-5.475452,-8.009329,-15.337496,6.2985315,-8.773648,-8.773225,-16.446192
-151.66924,120.4798,-29.948063,59.942287,9.86328,30.483109,-12.0209875,-5.172153,-10.433953,-0.88944304,-7.5801525,-0.48403686,-6.9750166
-163.45628,148.57628,-13.998223,46.54141,3.2992334,26.398418,-11.684088,-12.047559,-3.212528,8.224649,-0.76442033,7.8466334,2.582826
-277.11133,170.53165,24.999952,24.49234,15.534993,24.324905,10.575737,-4.8693757,8.206622,9.705118,-0.0040207687,8.214993,15.938438
-260.29077,178.48799,13.899643,39.03245,32.40284,11.317067,5.0814953,-7.566063,-3.1623359,12.442328,9.0398245,-4.9579945,4.99004
-245.66245,171.4987,10.483149,44.97584,33.423717,19.25312,7.1218233,-0.30402848,2.8288238,10.408905,-0.3612618,-3.5091245,2.48487
-139.64247,142.12326,-15.9467745,65.16758,2.4367409,31.19429,-6.907994,-11.026546,7.067502,11.955337,-7.8815494,-0.72165936,-9.562177
-130.82365,112.9657,-20.55808,71.87241,-4.8785453,34.77916,-12.246893,-11.115547,3.3523364,9.759764,-12.770665,-8.298163,-11.664716
-173.26866,129.71358,-3.7604086,63.59232,-13.543977,19.95267,5.1315017,11.374215,6.132451,8.0892315,-7.0788555,-2.4821427,-7.1639633
-129.34093,150.37894,-22.433592,33.105164,-15.810774,10.146464,-6.1996937,14.720229,9.345003,9.121115,-13.326213,33.454636,11.781617
-156.59657,151.42719,-16.417944,44.370132,-3.4006994,13.465838,0.6670386,19.346304,1.1336002,-6.586462,-14.774609,22.102354,12.343041
-155.32114,140.68944,-28.525887,35.556515,-7.6976767,28.776176,-1.5899822,6.8923335,7.451141,-1.3350939,1.671577,31.180676,-0.46610004
-119.30822,150.91339,-31.167854,37.011433,-7.8421597,27.883278,-9.39888,-0.96551204,3.2720454,-1.3156294,-9.006104,27.146332,-12.881014
-124.11758,137.85043,-37.69246,34.16481,-19.295052,36.680183,-1.2976338,10.055424,1.2836742,7.816148,-3.0843985,13.04341,3.6316159
-121.557686,147.89043,-52.10937,40.66874,-4.1362576,23.415033,6.2547417,19.281883,-4.1920314,15.787914,14.247594,5.1471786,1.7237301
-149.30228,154.66772,-30.659958,34.402027,-1.3745965,34.467648,-0.24584611,4.780396,11.200174,12.987691,4.5816703,17.411327,0.46847668
-239.9063,183.18198,-8.776927,29.997871,30.674438,5.27215,16.792883,8.961337,1.6121758,6.785445,4.6082954,-1.3602498,-5.74895
-219.11034,173.39218,-17.775393,39.917,25.41741,6.4767966,17.050362,12.131976,4.164922,5.034021,1.8499781,-6.1850734,-6.657634
-142.06696,162.32779,-28.303198,41.289265,-0.2891883,19.633936,5.6651897,10.311961,3.2862635,11.520897,2.2201686,9.825951,0.59386003
-153.59164,125.18017,-14.654409,53.63888,2.8969877,41.756557,-8.202136,1.3971382,0.6242647,6.766774,-1.831184,-2.2600615,-12.491403
-178.20016,160.20178,-22.609379,40.072712,10.745579,14.161699,-6.972617,11.022415,0.64281106,0.54065996,0.09241779,-4.914129,-2.797013
-173.83778,156.57109,-13.334964,41.925198,19.572624,25.262615,-25.950819,9.079225,5.6762047,1.851726,8.429197,8.7304125,1.7855278
-150.24318,148.73419,-17.285366,49.846832,13.553274,29.210752,-24.46724,-1.1305641,-6.8095775,3.2868798,7.1888447,11.782978,-5.6153297
-131.466,117.688965,10.010567,53.162968,-13.057362,37.289124,-16.397326,0.53384894,-5.7479353,12.6731825,-7.736463,0.57838064,-19.086329
-140.9362,147.42252,-16.528118,50.149204,7.2628956,26.439917,-26.182959,3.8141274,1.3689344,5.0147777,-10.97558,-18.255919,-9.80367
-184.72113,143.10312,7.0755315,45.332516,7.8684998,25.833317,-11.510081,7.6611357,-6.9866147,0.8159023,-5.415796,-12.526242,-15.666569
-171.45633,125.04894,-8.493316,58.629433,-3.1615028,18.147839,-4.822944,-2.8933918,-11.479252,7.520567,-4.582576,-0.28460178,4.6533217
-141.19124,137.86461,-24.555332,65.48217,5.01987,18.358187,-5.5787873,5.64051,-6.5896783,17.224358,-11.328767,-10.529809,5.256942
-221.5113,146.41748,0.20164205,57.956635,18.251236,15.930356,-1.0273821,3.8076544,8.594002,12.445223,-4.2904024,0.77651304,11.949193
-239.1237,164.67499,-9.719459,49.638622,31.872877,11.464142,15.471864,1.534063,-4.463321,-0.31325752,6.5799212,1.3137063,-0.0109711
-210.37901,178.26743,-16.289568,32.07789,14.534214,0.71466213,11.448351,11.380814,-0.24262501,6.7752204,4.5060735,-3.0686514,1.078577
-174.21533,161.0741,-18.657526,40.44798,11.176449,26.298513,7.6169605,-1.593383,-5.591842,7.1784945,-1.2283952,-1.3073692,-14.824291
-158.32083,134.65834,-26.891504,44.934704,-7.367991,25.812807,-0.8474759,-0.23137012,-1.7251322,5.3937993,-2.2742198,11.047581,-0.12929992
-141.58734,161.48463,-30.233072,43.01412,-4.394045,18.578178,0.43185335,5.0380826,-4.009454,-1.1146683,-2.4411025,15.078398,10.858869
-153.07144,144.08221,-22.215904,39.053585,-4.98996,37.262856,-10.26556,3.2488046,0.71166795,-3.8266091,4.4820356,21.060577,5.7713737
-141.46716,114.447685,-13.494166,56.324104,-11.658055,36.284473,0.15389596,3.4214272,-3.3409462,8.291874,-1.2158309,9.561779,-7.7117
-101.03162,140.9507,-44.92571,55.328636,-21.198381,37.560184,-6.497688,-5.8321476,4.8867493,2.718476,7.493353,9.886901,3.8365412
-102.69692,137.8194,-43.873974,50.987617,-14.14245,41.537514,-4.2172303,-2.7218451,5.906774,9.805408,9.056942,14.667175,2.954825
-101.86863,143.12746,-49.51446,48.030888,-6.839108,33.64666,-10.435214,5.064805,1.4250989,9.375349,8.755677,12.662202,1.628176
-208.93932,170.66582,-19.087507,48.53174,27.812986,4.1583166,3.8494248,5.934589,-2.336602,0.70086414,7.6338673,-6.5711536,-7.343667
-303.27667,134.11627,0.76160127,31.744688,32.225693,13.811616,7.043636,2.9953492,-7.3887315,-2.414103,3.1265426,0.96028906,-3.2440565
-216.05664,127.90609,-42.5187,10.678537,7.5866942,10.277137,-14.139511,-15.772123,-33.93217,-15.427153,-14.503139,5.021571,3.374246
-140.87782,148.72011,-47.251835,13.951219,-6.0834146,22.340578,1.1674103,0.9616614,-8.319607,2.074586,-15.05432,10.150255,2.1110535
-232.0478,192.95605,27.314215,13.128696,8.228761,29.600527,7.246434,3.6448104,3.4185333,1.7286508,-11.187154,-11.854191,2.500766
-238.57176,155.78877,17.89823,36.95244,-2.2411716,21.187437,10.264019,5.4611077,1.3239337,1.2873111,-13.249864,-17.25195,0.81262314
-241.0464,179.54419,35.023144,37.87041,8.338762,26.94161,11.096961,12.277928,7.082832,-0.76741916,-8.599468,-13.676185,9.067457
-273.33047,180.13402,47.47821,31.87646,15.015388,24.841442,5.613717,13.48739,13.183554,-1.5894252,-12.671235,-16.56272,6.4571157
-257.56415,155.63788,13.335588,24.789684,-1.8765855,14.747852,7.6590157,1.3757825,2.408811,5.848304,-9.828653,-12.833673,-11.372672
-277.88254,168.80566,30.438412,23.249388,6.498085,22.633408,7.9795094,3.9526455,7.951048,-1.9518611,-3.7846482,-10.129823,-5.174348
-280.29132,183.90903,37.496357,21.760612,16.462404,20.354797,8.564003,10.858805,14.485613,-3.834543,-4.782561,-0.4390847,-1.7666981
-201.47243,131.36446,-3.0044045,49.759068,-4.770826,24.750496,5.482636,3.1928885,0.22121154,5.001808,-17.010227,-10.223722,-3.2520244
-177.49217,143.5955,1.416446,54.796608,1.9984626,22.752157,-6.923851,0.98910975,3.0972528,13.41296,-13.197556,-20.191814,0.88468194
-151.1834,129.93408,-10.596928,52.20745,-8.013501,36.005413,-4.188294,0.0017957021,0.49706322,9.2718725,-2.3916788,3.3531103,0.29592052
-157.43881,133.26834,-23.311426,41.531864,-8.146913,36.771843,0.5736105,9.209996,6.611036,15.848074,16.633526,24.053856,7.6480827
-134.36885,125.698364,-34.606884,39.014194,-28.476683,39.249874,3.2239454,20.11838,15.027064,10.975735,17.67047,26.231846,11.73489
-211.05144,163.26703,19.523947,34.872887,-5.6327934,33.310837,11.680788,12.099979,2.1704233,-1.885983,-6.6377954,-1.2876762,1.8592671
-247.32854,160.11809,23.77699,39.90021,3.0776424,17.80604,8.887203,8.785855,6.400267,1.211081,-13.310131,-15.534897,-4.772047
-265.10345,166.14447,23.296251,40.50177,22.832878,24.775616,11.120545,23.330769,25.703255,-5.67025,-14.030613,-14.203674,-0.6091645
-286.91464,171.0775,36.814465,29.84414,15.757514,19.828468,9.825007,19.953484,21.724735,-5.5401626,-8.259788,-11.420063,4.9469852
-251.44202,168.96025,21.876387,29.540497,7.2347627,18.750214,9.415117,6.877577,9.206203,8.339762,-4.8172035,-7.4920206,-6.9661746
-276.89227,170.80519,27.638054,23.6208,8.315126,24.168818,17.543179,3.9673014,5.970883,0.9329747,-2.1747255,-8.92044,-8.542
-285.78918,178.71829,35.871647,26.80913,18.94394,15.09127,1.7031096,1.7501228,12.084193,1.6270674,3.2349296,2.3257058,0.16968699
-223.94186,125.44673,12.384123,48.019825,5.020291,25.510284,-6.2461,0.29965946,-2.102885,2.8454802,-12.575631,-7.6908283,-4.511213
-157.57274,134.5112,-6.3791766,60.93945,3.9514735,32.467,-2.854669,-9.714618,-6.562818,10.638088,-13.500115,-12.0367985,-3.6193151
-167.66321,138.15744,-11.48241,44.256863,-1.4680476,36.236225,1.0552673,0.16479269,8.054596,13.482889,4.593114,14.47905,-8.830398
-151.1375,126.555695,-24.802416,46.77382,-6.764625,36.6899,-3.873676,5.98474,10.333998,17.473957,12.217846,28.012709,6.249044
-212.46033,149.70476,-1.8580182,29.805891,4.30332,29.726198,0.06525734,5.1149125,10.981491,16.673075,8.511154,23.506084,13.117673
-126.42388,138.52824,-22.770428,43.66047,-25.578468,38.52907,-1.3619298,4.290691,4.5816894,10.97998,-5.9258113,14.645705,7.9814205
-186.72406,120.76999,10.51383,53.436115,-25.665945,35.09005,5.746487,9.416922,4.691708,0.3573582,-11.413132,0.10521352,0.0780232
-131.43098,141.69159,-13.465341,40.31266,-28.583277,34.79935,-3.363147,18.740265,7.525157,5.141013,-9.568536,4.834493,6.2511935
-232.20648,167.33897,13.183646,26.834776,-5.881423,24.430162,14.289243,10.425935,13.022624,4.872271,-5.6464686,-12.20548,3.5224931
-264.25284,163.45102,27.220581,33.8836,10.191987,20.198359,11.287187,9.053061,8.93512,7.4284673,-4.4886475,-7.6695204,-3.420932
-292.54968,159.22899,38.651485,39.102257,9.815803,16.89927,14.561864,8.377133,11.694856,4.219114,-8.463492,-16.087893,-6.0721145
-277.74936,171.95392,32.37578,35.63184,16.34577,13.770464,9.321656,13.839419,11.985973,-2.601655,-4.30045,-12.346444,-0.95132244
-236.49115,145.29826,15.570565,41.550594,4.038193,19.137348,-0.09081313,5.883897,1.3249872,-3.6843052,-14.94555,-11.167439,-3.966909
-148.62689,111.66006,0.90908396,42.45256,-10.419162,41.215683,-17.142475,3.1987326,0.45012894,12.58623,-17.70001,-0.83124447,-4.6281095
-170.18933,155.72122,-9.685196,30.170513,6.956931,25.198479,-9.573665,3.7962103,3.018195,18.715645,0.3833865,0.36098292,-0.2984495
-158.70511,134.52586,-19.956667,52.27158,0.69988346,30.544235,-6.311711,0.3968771,10.602396,12.476747,-1.7941393,12.019028,-3.011104
-137.92593,136.0597,-29.387327,34.944637,-24.772146,33.848488,0.38601995,8.399282,7.9499397,17.579803,-2.0721807,22.809227,16.964664
-168.09824,157.68784,-5.682773,39.332302,-13.560971,36.992455,8.770118,9.248814,9.147898,2.3292365,-11.690906,2.856194,14.193606
-261.0377,168.81715,29.968147,24.309124,0.99282295,23.264267,11.120394,7.4712815,10.672315,3.8305047,-12.013387,-9.1453905,3.800668
-259.62674,163.64186,27.886505,39.658245,6.506211,16.069427,6.1788316,11.054414,9.782631,-3.562625,-9.244628,-9.736335,3.562066
-279.14572,166.81151,33.049686,33.481686,11.14073,17.73771,13.475965,16.61734,12.393729,-2.640846,-5.2100306,-7.677909,9.784977
-220.05156,156.36995,12.816621,46.274704,11.218219,21.344055,-0.46149024,13.274937,12.016387,3.035725,-9.246047,-11.71186,-3.2522037
-141.1196,153.9977,-40.310173,33.718597,-10.445127,20.977509,3.2040348,6.1412163,4.6645417,13.041385,0.06683904,8.536403,2.841585
-129.44421,149.88658,-26.04359,35.931458,-17.130175,25.907848,-1.764413,14.211208,7.6449046,12.8789,-1.8570855,6.3431168,6.1877036
-120.41327,124.9964,-25.212482,49.434883,-25.07426,18.13938,-5.8195558,14.729638,-4.418039,10.014951,-22.737835,6.786609,8.37947
-163.45409,151.63344,-19.68675,45.431545,-18.537378,18.368196,7.5222936,3.3002827,8.348774,5.681067,-11.253789,7.2688527,14.547393
-290.98993,185.76872,35.58081,16.499609,19.569944,17.58615,11.174285,0.9268979,17.687946,19.540901,-1.1014291,-0.87160915,5.9999666
-253.65482,171.5247,21.305431,34.830105,24.741625,23.501947,0.61367923,-0.09576261,12.22765,15.170087,1.7389823,-1.12716,-0.5767317
-242.8138,143.61815,4.4840813,58.871758,27.303926,23.619646,-3.450608,-1.7440847,17.368942,16.658623,2.2447107,4.667235,5.2088313
-187.07497,172.60901,-0.2229239,43.723873,0.5124318,26.399704,2.52064,-1.114967,13.398406,5.7916584,-11.683432,-13.996203,5.2516556
-202.59132,181.89798,1.5190568,22.571566,2.5616374,22.868273,7.1401668,8.769427,8.684651,-6.7089787,-12.333243,-2.2435172,-2.136195
-138.98013,166.25859,-26.538511,35.72799,-5.6276193,25.024374,-1.8555684,13.076366,3.7470806,-11.741761,-15.681853,0.9256741,0.16701363
-174.07574,162.19116,-3.672107,36.71486,-9.324484,20.69189,-1.3210835,5.5454645,-2.9995544,-7.017109,-20.463167,8.650622,13.296146
-237.02377,176.86015,18.570759,22.280478,3.5024626,17.299284,1.5683677,5.1788125,0.7424322,-3.624811,-8.28055,-3.6283426,4.5304384
-256.51245,170.78322,24.49577,28.89394,10.653988,25.387104,6.0687556,1.0672818,0.06730097,-7.8612676,-7.1570926,-6.4473567,7.9112225
-182.18323,174.33955,-1.7407665,26.938807,6.286727,22.107685,-11.826675,11.325971,-3.1868613,-5.6660185,0.7926044,0.8264501,0.6000086
-163.30254,169.91429,-14.9613905,35.17532,2.275675,25.709631,-8.4959545,3.339431,3.3258007,-9.628229,-13.753888,-0.9084126,2.8676379
-197.08446,175.11621,-1.040269,34.83278,4.1144776,13.947053,6.461641,12.845704,11.868335,0.030395497,-16.2117,0.88837075,3.6683068
-159.67427,177.33672,-8.341454,22.20852,-6.27065,8.225531,5.428325,14.983755,0.7193892,-0.28862974,-24.578856,18.080313,6.1275883
-175.12875,192.63333,-8.918866,26.459677,6.716842,7.0026984,2.9368472,15.580842,3.0508735,-6.287082,-7.8751645,9.752787,1.5144832
-178.43019,196.7427,-28.442968,29.00704,16.802916,1.188511,0.6373805,-7.006551,-4.136975,-0.675322,0.3143355,-0.73157597,0.01331336
-190.93521,181.95932,-34.8703,41.826237,32.191032,3.144211,2.3399327,-9.249042,-7.223845,13.948231,4.8719945,-12.406018,3.6823993
-227.8309,188.22473,-22.435167,31.3618,41.323566,-6.7533965,0.5653479,-8.423865,-5.0195355,23.012592,8.718773,-8.565639,1.6955912
-227.0382,165.7649,-31.8156,31.285042,31.215374,6.8157377,2.1017985,-6.7174497,-11.838207,5.671722,22.998465,1.2250049,-1.9606875
-283.88577,167.53696,4.7300377,24.39134,43.401108,21.985706,12.186866,3.45047,-4.344582,8.731062,24.248487,10.307758,3.3805323
-334.04044,159.32433,45.643692,30.277157,35.185852,22.849375,12.162385,1.4680005,0.8856214,12.518125,19.243788,9.682643,0.8374003
-267.71558,182.59889,22.058374,27.003809,24.678183,15.485331,2.4179893,-3.2329376,2.0759468,-1.5415432,1.2721313,-0.87095755,-1.5665762
-247.42819,187.4724,3.931372,24.463648,29.249266,9.730639,9.008128,8.708859,-6.0039005,-7.5403643,6.112486,-2.0675523,-1.133909
-275.78333,180.29028,10.551568,27.98802,42.86804,6.229876,8.538681,15.111831,-5.0469437,-6.517709,10.019559,6.24737,0.91441506
-283.23773,159.1417,15.779789,30.94297,20.449314,15.404097,6.5167556,1.2571368,-5.086497,-12.276809,0.14345966,-4.3018947,-5.3323174
-287.3401,182.93246,35.43287,25.377104,29.977148,27.12833,15.355903,1.5676345,-5.2245827,-9.115444,-4.201463,-6.6037383,-3.264834
-233.89876,203.38145,-6.589239,19.40143,42.506924,4.748086,9.701851,12.064863,-0.18070419,1.9089752,-1.8679446,-11.494455,-10.241974
-207.27357,202.04454,-15.853614,24.305834,29.618517,3.6483698,5.942905,3.4547317,-3.6834493,-3.511649,3.5852609,-0.30914408,0.7218247
-200.39491,195.44147,-28.909708,30.159332,33.849697,-2.3521287,-0.63520634,-10.916616,-8.620301,14.364692,13.33112,-3.2109406,2.1214194
-246.16531,181.09009,-9.88907,31.235619,33.6559,-3.39698,3.9507418,-9.209968,-7.441419,17.849854,6.868299,-7.5713296,0.11667501
-267.3005,163.25055,0.7593934,28.051119,24.492573,9.9309845,-5.6416802,-17.650023,-9.689826,8.381989,17.079187,-2.6086495,-7.1248736
-270.70096,166.31267,4.0225034,36.034267,41.645977,21.20301,3.4109178,-17.886097,-12.4597025,14.743211,25.38429,0.42022976,-9.125698
-324.28983,162.91711,38.214638,31.598236,46.943447,26.354494,1.1204413,-11.766806,-2.2124782,15.828654,15.139597,-1.9159539,-6.5727916
-234.65543,154.21062,-0.15046927,33.74752,16.037685,24.971926,-1.6276531,14.4227495,2.4435122,-16.039011,4.9360723,1.9356788,-3.9999003
-186.73454,149.02577,-30.0727,37.905373,9.966815,22.364576,-6.054478,11.091782,7.3745146,-10.347791,0.18284398,11.989299,3.3975742
-164.98221,151.0124,-29.13116,46.42879,-3.76608,15.76255,-4.8512187,5.2467117,12.411737,-6.319972,-12.499576,8.650071,-0.6486443
-218.64992,155.52171,-18.913666,26.69348,-2.823982,12.137383,-0.25157645,-3.7812464,3.8798342,-12.648458,-8.464554,6.5842667,-1.0499282
-203.56737,160.79237,-18.143496,43.86078,9.907624,21.93875,10.662926,5.7839465,13.8158045,-1.4362569,8.255416,18.202707,-2.09388
-250.71425,182.31648,3.666033,26.084972,21.949385,15.482884,22.260933,7.5555425,3.8337402,-1.8165468,6.535444,15.926923,0.08982354
-218.99512,180.87846,-16.464235,33.73316,22.931883,2.969763,-0.39909926,-6.2649407,1.1116047,1.5872556,6.476699,12.119062,14.983314
-261.6268,178.06049,5.53602,26.70939,28.744879,7.997856,3.4183357,-0.30718964,2.6984396,3.7229505,3.4458647,10.43362,22.156343
-280.91562,171.27354,13.2867,28.75266,32.57475,6.0007586,-5.2769246,-4.5594096,6.609932,13.912391,9.7134905,4.2263174,14.6273985
-278.65717,147.0243,-12.854231,32.10363,32.11421,-2.2760644,-16.309488,-9.820758,9.897931,16.458582,13.016752,13.735005,22.20411
-309.76172,149.05426,30.449062,48.64365,39.826965,16.93722,-6.225781,-3.414781,12.849722,14.473417,16.898014,13.150757,13.122402
-375.68286,127.89086,53.343735,45.373295,42.857094,23.54241,9.384639,4.6455126,7.336747,8.483719,10.241448,13.10124,9.825807
-314.41452,150.27516,33.299206,36.9625,20.022846,13.218951,10.208151,3.8662016,1.9144222,-1.5485975,2.6377087,-0.97077656,0.92475003
-311.70728,157.46844,26.061413,27.835775,28.887037,16.456083,9.7744055,3.139936,5.5477223,9.324807,9.017993,5.3399777,6.55322
-218.4402,184.19112,-36.078545,21.14795,42.65056,8.144022,0.5009164,-11.479248,-13.167225,5.0162063,10.87729,2.1710534,5.993312
-231.18582,165.3963,-48.7633,13.794635,34.48307,1.4468569,-4.3222384,-12.843158,-17.122278,-1.5210161,7.4641623,-4.3112483,-0.68638915
-233.44377,185.90416,-13.459807,25.90644,49.381065,24.533972,-4.063758,-15.969064,-14.364179,-6.303083,6.110952,2.6902876,5.564838
-266.0621,183.50745,-3.3921328,15.36712,45.412815,12.3868475,-3.201576,-11.364071,-13.370157,2.0729103,10.139933,6.778089,8.319933
-240.45726,181.44183,-12.818571,26.074078,39.577396,12.198868,2.5726473,-3.7635765,-10.024473,-6.432119,2.847057,-2.3460753,0.68149364
-281.4925,177.52989,13.307661,19.212788,33.928814,16.108326,11.134846,4.4111633,-10.522834,-11.832668,2.5027413,6.2661557,7.8289156
-259.6821,175.29425,0.8444248,28.680443,36.94917,16.1056,12.042547,9.985768,-4.0609818,-5.278212,10.279974,1.5220352,-5.6194534
-306.683,143.3668,6.803887,30.400705,34.16243,17.986818,10.035247,2.0258398,-4.5170226,-0.062764235,10.321925,-1.1158322,-8.529825
-329.9172,141.19475,44.75498,48.19415,32.28576,27.869118,7.724887,-1.5565737,1.823874,4.0702105,20.577047,11.816657,-1.0163702
-341.28485,153.8562,52.944324,43.896767,38.680904,15.907151,4.5449595,-3.9210417,-2.593079,8.148884,14.2043495,10.594503,2.0602179
-257.71063,164.61919,-8.078482,50.13537,42.545227,-4.421323,7.00389,-0.3499529,-10.242349,7.3129244,8.434785,0.7589634,8.387799
-196.41695,183.77075,-40.221348,36.729874,36.829216,-1.3482367,0.5908594,-11.300588,-18.219687,-0.48016384,7.4987636,-1.1932964,9.733317
-174.14268,170.4943,-41.914345,52.01259,27.88844,4.8249736,-3.4362576,-7.354919,-12.635797,1.190818,9.882361,-12.045588,5.7435846
-165.70721,161.83716,-30.032045,54.78928,15.318039,17.239923,-4.6117415,-3.0108938,-9.608361,-5.174066,4.997634,-15.475074,-3.2199554
-147.64185,167.0871,-33.06042,47.72432,12.256138,16.715734,-14.410981,-1.2565416,-4.01938,-7.4477434,2.604935,-13.313756,-7.9166436
-157.11473,144.37361,-15.877485,49.04419,1.4328265,23.226807,-14.094024,1.4438545,-3.803447,2.2807608,8.872228,-8.4188175,-8.33384
-137.87636,152.12213,-13.664757,54.167084,6.1811624,22.949865,-16.086378,-0.55548,-2.0510232,0.77704215,5.9060135,-4.9490185,-10.629923
-117.2008,138.92566,-21.883184,41.872795,-11.120591,30.255306,-9.987508,6.7371335,-1.3850079,7.2956996,2.5051858,2.189559,-4.8844028
-117.034,155.95816,-33.93327,32.707325,-16.150805,20.715979,4.737931,16.620857,2.419369,16.130726,6.157895,-1.3019811,-3.442013
-115.81544,156.15898,-47.206516,30.842638,-15.461964,18.5319,5.235638,11.784586,3.4063787,10.145402,-2.578646,6.5341306,-1.3600119
-173.39496,174.15956,-26.387281,37.74204,7.110253,1.9216305,3.7592192,11.846342,-7.8722568,-0.07376755,4.858391,-4.8552094,0.54931736
-215.94243,176.38565,0.7191326,25.485003,13.199805,15.985986,0.15939014,15.400266,-2.242065,-3.895028,1.256237,-7.846087,-2.1401625
-214.44423,174.67789,-6.8654046,38.128975,24.251692,4.313754,2.9687784,13.419391,-1.1429207,0.15002342,-1.8696296,-5.0186367,-2.9163287
-216.00465,167.42656,-4.6555986,45.874428,18.780542,11.28866,7.850539,3.2633646,-4.188673,6.1326923,-2.9697487,-9.224312,-4.8431334
-194.99562,186.68138,-27.301048,44.310894,30.03354,-4.750203,9.096215,10.434808,-3.6052005,-0.9164937,1.9210354,-8.018409,-4.174892
-200.20137,163.30283,-4.1466074,40.346745,11.368842,12.074114,2.0321698,10.450498,-4.1056285,-1.6508656,-1.0054622,-4.922027,-7.611476
-128.76323,148.29178,-32.039223,56.21197,1.4306968,15.555088,-6.7886543,-2.1130233,-7.4482245,3.985672,-10.689563,-12.198968,-12.238912
-130.76236,134.92502,-21.612246,52.280296,-0.908375,29.631144,-12.081875,-3.123419,2.420037,10.699461,-9.244203,-9.679611,-13.434225
-106.15639,146.4195,-28.99853,43.47184,-18.905441,26.767097,-2.8479285,1.1122043,-5.772077,6.656885,-6.257073,17.676046,11.404292
-115.36433,148.58754,-30.036516,37.09185,-22.936205,34.510002,-5.5286684,6.024436,5.0531716,4.879698,4.462182,24.730005,11.188011
-104.73946,149.86305,-31.855738,41.76794,-37.42086,34.92432,-1.1140337,11.822569,6.7632203,-1.144394,0.5753742,10.393897,9.380886
-123.129166,141.0516,-24.65158,38.79984,-33.06674,36.547176,0.081648834,8.778204,-0.33827326,-0.5387753,-8.054258,8.711267,10.577527
-186.16501,169.6504,-15.247252,38.17387,3.0860088,8.357374,6.3100805,10.65418,-0.7154978,0.80820954,-8.767284,-7.926703,2.735639
-229.92992,179.783,2.8893845,29.63845,10.628317,9.364487,7.313182,14.514325,14.789005,1.4260257,-3.3262482,-10.791752,-0.495599
-230.46307,178.53696,1.6810281,36.571968,17.921192,1.0149877,8.629128,14.233677,11.342019,8.453312,-3.9467695,-15.647478,-3.024902
-204.9309,166.39093,-11.746794,44.02383,15.015547,5.040927,5.682733,4.8555903,-3.0904107,5.966853,-3.5715463,-4.15913,-4.6915474
-221.93698,178.96384,-8.019527,43.2751,18.487799,-3.132316,11.919431,6.4640093,-3.25433,7.111824,8.354931,-9.782336,1.9592572
-222.06277,170.30724,-2.3614652,41.28402,25.024036,6.394383,0.9543966,9.169748,0.5354024,3.9380305,7.2236223,-0.9917501,-4.992668
-130.21863,125.06215,-13.753658,55.884056,4.879702,32.379456,-13.088849,10.656023,-8.060505,9.945569,-3.2295177,1.7242225,-5.2405667
-131.83015,158.77652,-24.583977,42.036446,1.6815143,16.646193,-11.043216,-1.611818,-0.7051862,5.6084538,-5.641906,6.194183,-5.8432817
-103.40251,145.98225,-26.32544,40.8824,-20.056503,28.468159,-2.862948,6.343471,-3.1869442,-1.4073647,-6.649168,22.751614,7.442216
-126.14597,155.9472,-22.56416,32.352097,-10.81137,24.66691,-8.328762,3.7042913,-1.8674886,4.7265935,7.8027782,27.006575,9.909281
-136.1188,153.13332,-20.518032,29.059658,-9.586216,22.092321,-6.846114,5.4155045,1.9880837,8.988794,3.611283,16.040339,-5.386195
-117.792015,139.6771,-15.00883,44.35181,-33.33881,29.671003,-7.047054,3.907885,4.099957,3.6843543,-6.8714614,9.5428095,8.409512
-133.13951,128.12085,-8.201624,47.293606,-23.669447,27.361135,-6.0082417,12.330433,-2.2144713,4.86733,-9.471409,3.9123719,-2.1771073
-131.47893,157.15175,-19.195992,25.92334,-26.414165,19.81823,-5.641531,12.015224,3.2995074,-0.61028904,-12.712876,8.962896,5.024787
-225.98524,172.71301,4.1823797,29.902807,5.7300763,7.9619093,0.21196279,12.307294,5.8784056,-3.1903586,-3.7368438,-5.316744,2.6636648
-156.8513,169.70137,-25.648096,40.042282,-1.3361995,-1.4369113,-3.0334384,8.968831,-4.3324633,-1.210543,-7.7147365,6.731011,8.479345
-124.08564,159.76526,-37.630707,41.2653,-6.257413,14.506652,-8.080583,8.248176,1.9474937,-2.3675117,2.7924418,13.932507,3.141122
-200.31938,169.00871,-14.565066,33.579918,19.499697,13.868594,-4.709279,6.6540394,-4.8446455,2.0128245,6.323332,-3.371875,-4.862619
-132.78581,137.58522,-24.529104,51.768173,-8.5862,21.276083,-12.649251,-1.8238137,-10.964238,-0.56359833,-10.696471,-2.9577444,-10.545196
-140.30147,168.00534,-20.658552,34.916676,-3.0792482,17.517841,-8.027615,-2.5005612,-3.0746343,5.5904922,-2.6268477,8.208959,-3.5205972
-168.98706,177.68478,-25.002377,34.39791,11.33218,11.086907,-2.5470042,7.0005274,2.551853,0.8873089,1.149065,8.866453,-4.0661917
-135.00926,147.73738,-30.734417,52.50408,0.9988118,23.577261,-6.6417966,1.7146035,4.1355586,14.828195,2.802849,14.338525,0.015069828
-126.915405,179.32007,-30.517347,25.139418,-6.70529,1.557331,-4.2028666,12.39683,-6.489149,9.947491,-10.651964,16.773329,13.959341
-202.15436,191.31017,-6.7816987,25.151508,14.994088,6.0305743,-1.2016929,2.8859048,-3.1146095,4.7047205,3.2477262,-0.5466938,6.8067017
-196.93828,165.02554,-8.724578,43.403515,11.286938,3.8853362,0.15885407,12.172599,-0.41066396,3.5095205,-3.7606332,-1.5691099,-3.1208076
-216.3996,177.94522,0.7410798,45.090363,11.151799,-5.382452,2.66799,9.238809,-1.4965047,1.3069658,1.4921511,-12.003794,-4.0577564
-235.34488,181.14195,5.020647,31.62386,12.65291,2.2191193,10.630931,15.85746,3.6177418,2.2837155,1.2669406,-10.883366,2.6726537
-136.67722,159.75172,-27.619595,41.422523,0.6151809,16.264734,-9.434402,5.5687547,-5.140767,0.81604695,-10.841754,-7.2119083,-7.090332
-119.334145,157.6731,-42.224747,32.21062,-15.221843,18.904995,2.388671,9.615134,3.7757592,9.62872,-1.0873871,6.6590085,-0.5316117
-107.41615,144.1658,-40.59213,37.29749,-23.216455,18.226076,-1.3345453,14.220973,6.8675566,9.184665,-5.094682,6.8239574,-3.8048813
-108.71104,146.13028,-36.691486,49.237423,-13.745571,10.720077,2.9400027,12.119835,-4.698416,3.3295047,-11.615402,6.850889,-0.11788991
-180.2957,183.22118,-24.77252,38.055424,11.921104,2.2272081,6.8092837,2.1568897,-0.54987466,8.147666,0.27090335,-2.6775513,-0.7899815
-218.39835,182.00352,-18.34424,38.83098,33.8082,2.1789541,7.6129847,0.829826,-1.8699818,14.233701,7.6456676,-6.932351,-0.5491944
-148.58878,153.98235,-16.459381,61.322163,17.35758,25.939377,-9.66561,-5.129357,-5.1521482,6.504333,-10.14353,-12.0440445,-5.5392537
-180.64084,166.41333,-19.531578,46.103497,18.799215,17.252056,-3.119454,-2.5446298,5.3217363,16.804577,4.925546,-1.2097149,-0.6782219
-214.51758,172.91737,-5.1714854,23.60821,5.494538,14.671659,-3.7378843,-1.2749445,4.000089,0.76866144,-9.88357,-14.841844,0.09926957
-117.45987,148.92722,-29.044973,30.8683,-18.424381,25.14627,-4.692541,13.494838,-0.22417405,1.754376,-5.9353423,9.279067,-1.7715491
-123.103004,163.50435,-20.233845,33.446762,-17.814922,17.883759,-8.030039,15.546524,-7.8417273,-3.7080085,-10.078336,4.597421,7.2373133
-195.38824,169.35936,-17.636385,35.410034,13.7732115,8.291019,4.842718,1.9566982,-12.350697,13.882234,2.3040733,-13.1868,8.051421
-180.31625,168.02843,-16.348278,40.938477,8.5579605,9.693587,1.4893831,3.0593126,-12.48198,1.0627059,0.9203358,-1.7319386,8.085047
-204.77396,172.98715,-14.244569,36.825497,18.473751,7.2234583,1.7299117,4.4836264,-2.431407,2.0428843,4.8139625,-2.093283,-1.6089184
-110.34006,165.1801,-30.892834,31.294996,3.0113358,16.72742,-22.28508,3.5687146,-10.74063,-2.7857392,-0.6085148,12.42379,-2.129791
-176.02252,170.85597,-11.713893,39.32251,7.650101,16.172796,-4.62106,10.981952,-0.46234414,-3.0378819,-4.043364,-10.716211,-1.1267209
-155.76878,174.28218,-4.835815,28.33432,-12.766643,13.506155,2.3779986,17.42223,3.4724433,9.550373,-7.8525825,9.968162,10.640931
-237.30241,192.9693,0.037941933,15.919899,21.223938,7.8908296,11.910189,17.274305,8.572486,5.70757,4.0769124,-9.4368725,-6.8517895
-171.57217,164.62636,-27.22201,47.71668,17.969954,13.068269,-5.3548794,1.0341244,3.7667322,8.397859,-9.214365,-14.844351,-5.1590776
-210.85487,172.55618,-17.14976,34.418842,25.975225,11.684552,4.245561,1.5215846,1.9107034,12.76453,-2.0002341,-10.103531,-0.32298806
-206.17274,166.3985,-5.503348,32.771446,9.2454405,22.905935,2.7314157,2.5752726,8.409412,4.3932443,-15.203576,-18.058228,0.47197312
-138.36366,147.68266,-25.010645,27.264702,-13.609117,23.935865,-3.2794683,7.6942196,-1.2063957,2.973365,-11.7366085,7.709468,-0.30503657
-121.04926,161.72227,-24.337967,30.581324,-15.400592,17.502916,-7.60477,15.145962,-7.7345114,-1.1200674,-15.398263,7.8960104,9.911367
-189.51048,164.34874,-16.64961,35.895515,11.483588,4.8731737,4.2803574,17.822731,-8.9389715,6.284154,0.1962115,2.5196404,13.024893
-206.10597,165.84357,-3.0901716,34.146793,6.013919,9.661356,0.115681075,10.424937,-11.867451,-5.4434476,-0.90778065,-1.911721,6.2096543
-244.07361,169.9986,-1.7288712,33.42773,22.154715,9.545456,5.06922,1.9793781,-3.7524674,-1.6997489,2.912406,-4.394147,4.727618
-113.21526,148.90762,-31.564354,48.916054,-10.139933,24.076468,-9.782768,-13.6830845,-7.7366858,6.7990675,-2.2546163,10.423224,0.09366992
-169.80899,168.43823,-3.6864767,37.79085,0.5527905,18.444843,-1.5019581,4.585453,-9.165261,-2.121364,-7.0840106,-9.436126,-5.955158
-138.11855,171.74158,-23.48196,33.9323,-18.047401,13.359683,8.567969,11.686546,3.5308256,10.868486,-8.99346,-1.1622024,10.326815
-134.04323,158.25592,-28.674294,37.61108,-24.863293,15.825892,8.847652,15.282833,8.855316,9.969894,-10.217941,4.1556005,16.728642
-180.28189,187.24306,-26.032124,20.526922,11.628941,13.676498,6.6851487,12.190048,3.4333458,3.34312,3.4696052,4.230457,9.662969
-198.4561,173.15106,-27.191133,30.412384,36.21542,28.69139,5.460206,9.648925,5.43455,5.1036396,-0.03777697,0.93845254,2.2256722
-193.87318,162.19756,-5.243441,50.56944,20.286732,23.28367,-5.6951175,-4.2106476,6.3036685,4.019413,-12.148754,-11.654842,-0.51814127
-195.84116,151.42754,9.2474,26.931538,-2.6013472,30.311193,-2.3622513,9.189663,2.4537103,-3.1494591,-10.045641,10.569215,4.848169
-126.42481,158.91968,-16.361858,26.524118,-27.929426,27.800055,-2.5468218,16.236485,5.7365146,-3.3400507,-10.842869,18.075508,4.044062
-174.87573,163.8652,0.7628495,28.114355,-16.82319,18.426764,-5.44795,12.510937,1.7456491,-4.904043,-11.74804,9.1605015,17.447601
-249.88858,172.14647,32.0105,24.91114,1.932303,20.649508,5.486316,11.535151,2.2206821,-9.573939,-11.333298,4.8673735,11.995029
-283.53668,157.50548,26.846186,27.025652,15.416341,26.792892,7.8672533,7.7069497,5.4396996,-9.822352,-8.921193,1.0400971,8.962371
-218.49474,163.99245,22.900194,45.22987,12.313053,32.41799,-6.5618215,-1.8970069,-8.750276,-7.311407,-3.0074875,-3.4577835,5.3383164
-214.66765,166.2148,29.954649,45.66614,2.8733623,38.667812,0.8686117,2.9283717,-5.403293,-13.6430435,-7.7391925,-9.777344,1.1126014
-230.58138,174.31102,26.466448,41.37312,7.0839033,24.233416,3.7199242,9.642741,10.052158,-6.35047,-11.215792,1.1575363,17.147657
-236.4187,186.50838,32.908463,34.21433,2.3204188,9.530702,5.891372,8.8389015,4.451278,-1.4164708,-12.320778,4.8514757,25.071934
-264.3023,184.63261,41.39461,36.039986,13.596317,11.414085,3.7837222,5.945621,8.5079975,-5.9002447,-12.920206,8.867416,21.831852
-319.40714,175.72002,56.09453,24.287336,21.502205,24.356764,18.610817,11.057616,13.418138,7.026553,-0.96752185,8.86746,16.018991
-343.53513,158.23163,48.629955,19.425745,29.916214,32.60661,21.525068,9.575241,14.824652,17.843111,12.729414,17.036263,12.825774
-383.53226,128.98036,54.63137,28.393774,33.683044,34.959587,23.662247,11.557605,13.3433485,19.842913,20.786047,18.65855,8.459976
-446.86655,80.120995,65.46687,49.00686,36.16683,27.812319,21.611015,15.665882,10.532894,8.019483,8.589807,10.322287,10.482574
-460.07498,63.65768,53.882973,41.488308,30.201342,22.348808,18.153028,16.24248,14.837296,12.784805,9.921602,6.800222,4.1863527
-478.54837,39.774475,35.763893,30.31824,24.742332,20.070381,16.791483,14.852394,13.849217,13.260065,12.622083,11.64073,10.253045
-481.60568,35.575623,31.8247,26.510435,20.706844,15.389024,11.161927,8.1549225,6.106604,4.5850325,3.2364385,1.9521589,0.88811135
-490.92078,23.040693,20.989199,17.875004,14.098051,10.116389,6.3713713,3.2223096,0.9023561,-0.49832734,-1.0226023,-0.8156551,-0.082991324
-501.74417,8.278047,7.776815,6.9905515,5.9864774,4.846786,3.658956,2.5060005,1.4580603,0.566427,-0.13934888,-0.6511601,-0.9792493
-506.33466,1.9232295,1.8195878,1.6520963,1.4283513,1.1584669,0.8545809,0.5302678,0.1998802,-0.12213986,-0.42195803,-0.6870033,-0.90656394
-507.71933,0.0,0.0,0.0,0.0,0.0,0.0,0.0,0.0,0.0,0.0,0.0,0.0
-507.71933,0.0,0.0,0.0,0.0,0.0,0.0,0.0,0.0,0.0,0.0,0.0,0.0
-507.71933,0.0,0.0,0.0,0.0,0.0,0.0,0.0,0.0,0.0,0.0,0.0,0.0
-507.71933,0.0,0.0,0.0,0.0,0.0,0.0,0.0,0.0,0.0,0.0,0.0,0.0
-507.71933,0.0,0.0,0.0,0.0,0.0,0.0,0.0,0.0,0.0,0.0,0.0,0.0
-507.71933,0.0,0.0,0.0,0.0,0.0,0.0,0.0,0.0,0.0,0.0,0.0,0.0
-507.71933,0.0,0.0,0.0,0.0,0.0,0.0,0.0,0.0,0.0,0.0,0.0,0.0
