Second,Count,0,1,2,3,4,5,6,7,8,9,10,11
0.0,642,0.80261654,0.54485303,0.2739471,0.28627884,0.32794398,0.27049556,0.067379706,0.035028238,0.03039049,0.04663966,0.0987223,0.24181996
0.5,1324,0.8692011,0.35181034,0.046384383,0.021823429,0.025826354,0.080953576,0.09040864,0.112912476,0.07998614,0.10288917,0.25779122,0.20298763
1.0,1406,0.13329716,0.13488999,0.40686053,0.19199885,0.02042088,0.036933996,0.04267663,0.050619785,0.047296766,0.14670677,0.6775456,0.26741362
1.5,1301,0.45449176,0.2928646,0.82472813,0.36107972,0.016219908,0.011823578,0.009057789,0.02617508,0.13271976,0.31408116,0.7324554,0.52476484
2.0,1278,0.54131776,0.25634775,0.17958131,0.06579204,0.019388847,0.020255066,0.025520852,0.02376569,0.045681372,0.14848597,0.58168787,0.30388162
2.5,1246,0.5869452,0.31215855,0.40343028,0.12375934,0.01616197,0.01704696,0.02073778,0.01845379,0.019051896,0.08262168,0.4358347,0.20154426
3.0,1192,0.57284325,0.20421456,0.09862182,0.3219538,0.22666872,0.44862863,0.1674181,0.017699853,0.0150607,0.09828247,0.49305752,0.25413442
3.5,1406,0.84054095,0.33901325,0.06729841,0.13682267,0.11066166,0.20059368,0.08433809,0.018663496,0.019429106,0.085537925,0.34281272,0.21396106
4.0,1392,0.21516,0.10517054,0.18463609,0.23183301,0.269698,0.53110737,0.2759855,0.041580677,0.017634343,0.09786102,0.59056103,0.2350738
4.5,1305,0.11010756,0.04876159,0.072519526,0.071518354,0.31091774,1.0,0.5507121,0.0550021,0.023641173,0.058626268,0.16011326,0.10245514
5.0,1342,0.4773326,0.23670651,0.11457992,0.060640913,0.15960093,0.48079544,0.2685322,0.043389294,0.028053494,0.12323802,0.5730864,0.26516294
5.5,1427,0.7043635,0.33062732,0.122539945,0.055063475,0.099270746,0.28252336,0.15687563,0.057100896,0.061036482,0.18751648,0.43917084,0.24251406
6.0,1476,0.6007997,0.36173669,0.29387453,0.2205392,0.14387861,0.46393213,0.21082602,0.08362499,0.05859741,0.13763855,0.47557524,0.25416568
6.5,1483,0.86481696,0.49625197,0.40754616,0.2962963,0.1126327,0.3436346,0.21952878,0.17575966,0.12956296,0.19570029,0.43446168,0.2566539
7.0,1648,0.28297988,0.21451116,0.31500056,0.22491314,0.17705339,0.52239317,0.3064153,0.11126087,0.07855196,0.15334323,0.64382803,0.27567446
7.5,1669,0.08604483,0.039863944,0.11348622,0.08865389,0.31060514,1.0,0.54754084,0.061668552,0.06771586,0.1599613,0.3568732,0.25302956
8.0,2046,0.44942927,0.21861145,0.16736245,0.08098942,0.18847275,0.6140328,0.33613512,0.045367002,0.044733606,0.13986608,0.5194509,0.28184322
8.5,3695,0.70087737,0.313863,0.27240306,0.1003224,0.055463225,0.1530954,0.10093912,0.025582928,0.023820156,0.092850335,0.4305766,0.22315347
9.0,4026,0.49339885,0.1982543,0.14278087,0.44376063,0.2839615,0.48675248,0.21397878,0.1137009,0.0705889,0.10023341,0.3838854,0.22846903
9.5,4226,0.7776945,0.31871566,0.091656126,0.2266505,0.16395165,0.3722405,0.16251105,0.082235165,0.064954095,0.14398308,0.51807886,0.33173686
10.0,3857,0.3646866,0.16440539,0.11031428,0.109252356,0.20347096,0.59355795,0.32234135,0.07739519,0.03166507,0.10174622,0.54556626,0.244097
10.5,3318,0.11748124,0.060109515,0.08529892,0.08315744,0.30093825,0.9191836,0.5254993,0.11367484,0.12487363,0.19042078,0.28205132,0.2210207
11.0,3098,0.31217864,0.1879273,0.18945128,0.23692046,0.2263357,0.38466763,0.3785114,0.30198786,0.372127,0.5543436,0.71832544,0.53613704
11.5,2948,0.22759952,0.33106261,0.4894454,0.3157416,0.15830196,0.3428516,0.15843827,0.013963928,0.0058165775,0.036240865,0.02809331,0.07488644
12.0,2361,0.022539986,0.038272254,0.087211706,0.048835244,0.18334799,0.7020142,0.45732105,0.32318094,0.1038512,0.01578737,0.029747982,0.017861146
12.5,1777,0.005875218,0.016289735,0.10835532,0.06280497,0.010276411,0.021723105,0.2086382,0.92866874,0.49670795,0.058620486,0.037301276,0.020856908
13.0,1561,0.11682797,0.10832761,0.13433059,0.094044454,0.1582026,0.50902134,0.3782832,0.39470345,0.3011527,0.2811839,0.5220737,0.30526498
13.5,1831,0.029024063,0.01699669,0.014225094,0.02776634,0.18299338,0.6936685,0.47010306,0.34005243,0.16239205,0.035978813,0.038145494,0.03234047
14.0,1674,0.44425008,0.28447142,0.2430366,0.18820849,0.20167111,0.4245074,0.33772907,0.35435915,0.47208688,0.62829876,0.95897764,0.8160171
14.5,2082,0.38668513,0.3388015,0.36129412,0.3610584,0.55027187,0.94707614,0.7361978,0.55103123,0.45674208,0.512207,0.62435156,0.5402696
15.0,2280,0.3924113,0.26966017,0.2523118,0.30633283,0.3930121,0.6206413,0.39317286,0.29015854,0.2869975,0.34263957,0.5680653,0.50355124
15.5,2322,0.68565905,0.5262274,0.35130212,0.3311656,0.18962733,0.11433894,0.15645401,0.25114396,0.21032691,0.23841834,0.42164052,0.48182026
16.0,1494,0.5433361,0.41242263,0.36598316,0.3810453,0.28366962,0.16318321,0.20757578,0.38359118,0.38594684,0.44271648,0.6237117,0.5634582
16.5,1603,0.50036305,0.5019482,0.5960474,0.2875742,0.097023994,0.12972826,0.12896588,0.103460155,0.20562916,0.5451651,0.5222617,0.47359374
17.0,1697,0.45191538,0.25739804,0.19453715,0.14718224,0.19371296,0.36448658,0.2799162,0.23446268,0.40134847,0.6421875,1.0,0.8488541
17.5,1726,0.442865,0.502606,0.5868164,0.4458284,0.36502114,0.5855057,0.47894412,0.3742576,0.39466438,0.50560457,0.6718472,0.5658532
18.0,2338,0.15845574,0.16414642,0.23265104,0.24851668,0.34066743,0.69627976,0.47714213,0.41575003,0.2961114,0.21900205,0.1811102,0.15410167
18.5,2903,0.0044554914,0.005201221,0.015357224,0.009089397,0.010736347,0.01616443,0.12691538,0.5279745,0.4984111,0.5024996,0.24442005,0.023537628
19.0,3141,0.039439306,0.063638575,0.22759743,0.19940867,0.1829504,0.36897257,0.37615266,0.55985534,0.36984146,0.21117324,0.1259673,0.04667661
19.5,3630,0.31720644,0.4483906,0.63415986,0.36150986,0.21941482,0.35650727,0.3255841,0.2492432,0.2841256,0.5336384,0.47462243,0.31733495
20.0,3524,0.5463288,0.43653086,0.37499043,0.17894849,0.0929056,0.11022825,0.09762094,0.10272641,0.18005109,0.3478293,0.5374477,0.5468424
20.5,3195,0.60432386,0.4161862,0.23469566,0.11231508,0.07882869,0.11033506,0.100256085,0.11650882,0.17298685,0.28364828,0.4935319,0.528713
21.0,2921,0.7124465,0.6360221,0.44149378,0.30259994,0.215111,0.1941073,0.18796168,0.19659115,0.23187338,0.32332718,0.5725334,0.63617176
21.5,3863,1.0,0.56015354,0.16740532,0.018384632,0.010815278,0.004878582,0.01319785,0.048061766,0.022838904,0.030681435,0.12335419,0.44147253
22.0,4796,0.5787027,0.50353664,0.43307024,0.3600678,0.23550238,0.17065863,0.23374881,0.37384534,0.40326083,0.48167846,0.64220387,0.6200907
22.5,4678,0.18845609,0.10485195,0.08333822,0.07563878,0.12133605,0.2802864,0.36639565,0.48654822,0.50208706,0.5591725,0.662407,0.44590658
23.0,3913,0.56027555,0.52703774,0.5569773,0.47770575,0.47388077,0.8236038,0.6888404,0.56836826,0.60901874,0.73989904,0.90391344,0.7641033
23.5,3849,0.472525,0.5191835,0.5923922,0.45988727,0.42036948,0.55746484,0.50000006,0.42392758,0.35843688,0.40283766,0.4313174,0.4072814
24.0,3759,0.38295445,0.25906372,0.1960388,0.13723849,0.22535941,0.7151565,0.4137566,0.24486484,0.07724224,0.04764292,0.0512493,0.082443714
24.5,3728,0.025393663,0.06460502,0.32633993,0.18754505,0.0764187,0.050623164,0.14627734,0.7559286,0.50741327,0.22101633,0.045730107,0.027198292
25.0,4928,0.0625384,0.039436664,0.030761093,0.039804272,0.25361082,0.97455364,0.49564663,0.06762594,0.028199978,0.050918065,0.04320902,0.03751952
25.5,4760,0.13430336,0.113553144,0.09288501,0.051107656,0.16519171,0.8856048,0.42905787,0.14391021,0.09883301,0.07426943,0.04805179,0.040482864
26.0,4370,0.24640733,0.20265621,0.32051894,0.17002015,0.24862581,0.5029797,0.54662997,0.8920986,0.50108206,0.32037303,0.39930043,0.33406347
26.5,4167,0.4003331,0.22133829,0.16866726,0.11973424,0.15887445,0.36096168,0.2826056,0.2494362,0.33995065,0.60106754,1.0,0.82072234
27.0,4819,0.4013348,0.15431853,0.08202695,0.095239,0.12284141,0.1892394,0.14906578,0.19000943,0.21716627,0.3993313,0.8359769,0.6993816
27.5,4453,0.81432396,0.6213199,0.3243105,0.13827464,0.09629216,0.02792959,0.053308655,0.15975009,0.11823538,0.11329028,0.15229893,0.33841658
28.0,4970,0.5913861,0.44288838,0.34421897,0.3650156,0.27396014,0.15890393,0.2018017,0.32435578,0.38181376,0.49789938,0.70184314,0.6133745
28.5,4704,0.57287174,0.53490686,0.59160435,0.23304352,0.06690418,0.07290568,0.06500101,0.08072109,0.13251358,0.33417085,0.26400462,0.33779094
29.0,4760,0.655525,0.4909364,0.3843132,0.27233943,0.2364097,0.4082164,0.35840282,0.35272148,0.5135199,0.74648607,0.9761743,0.8890668
29.5,4856,0.4139291,0.37217268,0.46603984,0.32414523,0.2115683,0.27246028,0.122305594,0.072921515,0.07650242,0.18218069,0.15907961,0.18648434
30.0,5004,0.22058533,0.16013356,0.12984814,0.12771192,0.23745559,0.6855601,0.57126266,0.40211248,0.31760493,0.38786316,0.31224567,0.19193913
30.5,5010,0.10524391,0.07857489,0.08238688,0.06956831,0.103509694,0.22681564,0.21059178,0.33094865,0.2916922,0.39267412,0.7217953,0.37451354
31.0,5485,0.71755636,0.2900546,0.027427427,0.015060172,0.028376453,0.051377684,0.034026433,0.030061942,0.02733004,0.07503761,0.3183168,0.38541186
31.5,6118,0.5132487,0.49556798,0.5707881,0.28295857,0.1297383,0.21689343,0.15245995,0.10924058,0.14418574,0.16229536,0.2127865,0.21883126
32.0,5926,0.4913073,0.21995477,0.11850317,0.091842294,0.1236146,0.25171232,0.17829181,0.14325218,0.2133275,0.42939034,0.7733646,0.61041355
32.5,5269,0.08158676,0.039126243,0.037160203,0.039327975,0.13637798,0.28989303,0.25673136,0.5059529,0.28008446,0.16911544,0.33634755,0.18342552
33.0,5354,0.47467032,0.32665163,0.30906352,0.41062745,0.31483018,0.3268806,0.27759418,0.23889795,0.22862181,0.31220725,0.579304,0.51067233
33.5,5239,0.7405606,0.54878753,0.12910858,0.013611271,0.004677539,0.0030625674,0.0063521285,0.022294525,0.011417378,0.019272802,0.112294175,0.269018
34.0,4959,0.43522578,0.27942064,0.28472123,0.41812786,0.31726262,0.1509716,0.21629779,0.38252532,0.34711322,0.4800581,0.7812395,0.50355643
34.5,4827,0.18698388,0.16882764,0.18974328,0.1341269,0.07875638,0.17013718,0.19678855,0.36061078,0.32894593,0.43099928,0.80893415,0.44461095
35.0,5451,0.75168663,0.6805258,0.6356316,0.45776984,0.33119223,0.65136015,0.549124,0.4686611,0.61814505,0.80783296,0.9267146,0.8362385
35.5,4924,0.072971985,0.043524582,0.04354519,0.07779842,0.2393538,0.3407087,0.30243683,0.45236576,0.23930149,0.17399085,0.2979346,0.18466087
36.0,3857,0.4459419,0.37727177,0.3240758,0.4394987,0.33811453,0.33528572,0.3213776,0.29548264,0.26285875,0.3015171,0.5144643,0.54462516
36.5,3240,0.7593111,0.57951057,0.14151932,0.01101841,0.0030771762,0.002591894,0.0051860805,0.01647408,0.008459474,0.015914025,0.07153924,0.22841077
37.0,3175,0.47657147,0.40832156,0.43368548,0.52417123,0.4153666,0.23290516,0.2707019,0.3769256,0.41362217,0.56959814,0.818601,0.5821942
37.5,3185,0.16071007,0.08545423,0.07529966,0.06124024,0.045370393,0.087471575,0.06307275,0.055690676,0.13476735,0.39970088,1.0,0.5708073
38.0,3120,0.35193977,0.2061257,0.1905682,0.14923984,0.10199881,0.2069102,0.14799647,0.11682822,0.29358676,0.56168973,1.0,0.79504377
38.5,3067,0.3952467,0.3695622,0.4207454,0.3937091,0.38263485,0.70693755,0.4881175,0.27550617,0.35258344,0.5774456,0.9919034,0.75934017
39.0,3030,0.5869083,0.552809,0.6124406,0.58178914,0.51918805,0.5423157,0.48524758,0.45513836,0.49360093,0.6356839,0.82056004,0.77163637
39.5,3081,0.75186515,0.7623643,0.8615028,0.73672473,0.5744391,0.546805,0.6025346,0.65636617,0.5018804,0.5343681,0.5806742,0.65526175
40.0,2996,0.56139606,0.6283517,0.8899674,0.6591016,0.4615008,0.4407117,0.47386953,0.5509643,0.53478533,0.47645086,0.54058015,0.5826172
40.5,2843,0.75245863,0.7564299,0.7516844,0.5966311,0.52846515,0.50031877,0.39431238,0.36305273,0.35946837,0.41974965,0.55888057,0.66654074
41.0,2846,0.61664134,0.6604407,0.6865396,0.5707651,0.45601952,0.42297444,0.4663545,0.6753012,0.6609222,0.52258223,0.51018625,0.55202276
41.5,2803,0.6598415,0.5899498,0.63393176,0.64515704,0.6615815,0.7297758,0.5488374,0.49341455,0.46149015,0.48042536,0.5224146,0.63066715
42.0,2719,0.5486477,0.51720107,0.7070138,0.64798903,0.50615937,0.5111254,0.5227138,0.7170077,0.6220571,0.45362452,0.39055613,0.4598842
42.5,2613,0.4577151,0.462019,0.5051399,0.5549512,0.5696062,0.6020779,0.6711309,0.8209875,0.80711275,0.66527957,0.5248697,0.43071717
43.0,2613,0.49679258,0.43694335,0.4421415,0.45818093,0.4724744,0.55865943,0.58201295,0.69154257,0.6987203,0.53977853,0.525171,0.49798086
43.5,2571,0.5404285,0.56714815,0.6373616,0.4952734,0.39451846,0.40620023,0.42775163,0.6687493,0.68085754,0.46095613,0.4450056,0.47992343
44.0,2470,0.6412656,0.63444793,0.6076368,0.56353575,0.5047152,0.48790196,0.5338794,0.78479075,0.76688313,0.5629997,0.538558,0.6092507
44.5,2433,0.5822956,0.47124565,0.43730238,0.42484236,0.4073797,0.4219371,0.48460206,0.6859192,0.72569776,0.55605245,0.49351537,0.48268136
45.0,2444,0.4981484,0.5102729,0.5612381,0.58039415,0.566808,0.566445,0.53366345,0.7518901,0.7248083,0.61571234,0.611984,0.50705534
45.5,2562,0.43481633,0.420105,0.43996683,0.4874886,0.44871464,0.4089905,0.41711804,0.5965577,0.7277241,0.7092701,0.68397367,0.5103918
46.0,2448,0.4641198,0.5195219,0.6464867,0.58167887,0.4414876,0.46286786,0.46699658,0.6427924,0.6264368,0.49557784,0.5187039,0.48170164
46.5,2406,0.52772444,0.57802963,0.7541567,0.56223154,0.41953903,0.35643056,0.42925084,0.5145972,0.47956303,0.47230604,0.4763932,0.5541638
47.0,2442,0.6758633,0.6439559,0.60917336,0.56795025,0.5334666,0.5359749,0.509431,0.62461185,0.7375745,0.7114358,0.66020733,0.6457054
47.5,2396,0.6412989,0.6582871,0.6662037,0.7323675,0.78442925,0.7680141,0.65202177,0.5968674,0.607641,0.630235,0.62405944,0.60115814
48.0,2471,0.46996868,0.54789114,0.6235863,0.602346,0.55832464,0.6497752,0.65815514,0.7628991,0.6871605,0.45107043,0.42816955,0.43822795
48.5,2451,0.3999868,0.4073344,0.45246652,0.49340877,0.43582156,0.49324802,0.4693074,0.47074136,0.46064648,0.46002778,0.47553235,0.42168027
49.0,2428,0.5154967,0.5430068,0.6077871,0.618091,0.5820695,0.58940685,0.6229872,0.8046672,0.84379554,0.6913424,0.6351868,0.5258483
49.5,2354,0.5591969,0.5118292,0.60959184,0.65744776,0.4207768,0.38586143,0.40889838,0.5540982,0.662066,0.5385566,0.58592343,0.59759825
50.0,2345,0.7055016,0.6789138,0.6511351,0.5998942,0.55225223,0.51626253,0.50883734,0.6974032,0.7104928,0.63833904,0.69948435,0.7086116
50.5,2339,0.45333698,0.40478504,0.49582884,0.7028999,0.48745707,0.38418576,0.41601723,0.5265417,0.6372458,0.52729803,0.42291704,0.37960777
51.0,2315,0.55949837,0.583081,0.802673,0.86471194,0.6110794,0.5487888,0.48421004,0.5386965,0.663686,0.49985433,0.539691,0.49988717
51.5,2436,0.58407104,0.6005674,0.72105587,0.6749287,0.5243897,0.4941202,0.5739904,0.6444649,0.47642505,0.4617864,0.5072478,0.52413046
52.0,2394,0.42697078,0.46490797,0.63234425,0.56716365,0.46686557,0.3959268,0.4548415,0.61453694,0.5474171,0.46838787,0.46625057,0.44562757
52.5,2252,0.5866142,0.7333659,0.7444229,0.49570358,0.37715465,0.39893484,0.48455822,0.47551835,0.4340132,0.41481164,0.4586996,0.49384832
53.0,2203,0.5679549,0.64146405,0.6774462,0.61039454,0.47588447,0.4186141,0.46817425,0.5653449,0.59085095,0.46658835,0.5490385,0.59057707
53.5,2093,0.5862521,0.6448948,0.7614966,0.76236165,0.658061,0.701968,0.52331555,0.47180974,0.51606643,0.564471,0.5642025,0.5331205
54.0,2168,0.63722306,0.65850145,0.6475899,0.5762519,0.5711122,0.5725917,0.6198345,0.70330054,0.64581424,0.6127682,0.50778747,0.50730157
54.5,2134,0.44422984,0.50097233,0.59193426,0.6658412,0.702678,0.71501637,0.72104394,0.7150236,0.6403421,0.60107464,0.533386,0.43988538
55.0,2074,0.52169085,0.5105633,0.5572428,0.5855409,0.5883707,0.65386367,0.6191792,0.72047746,0.76887965,0.63397926,0.6162903,0.53313524
55.5,2145,0.4863509,0.5416109,0.66609144,0.47094333,0.3722142,0.3934453,0.44395477,0.64314675,0.6183441,0.4412158,0.40721184,0.444952
56.0,2082,0.80436105,0.7960709,0.72104144,0.6448174,0.62910527,0.6548862,0.6359582,0.6656646,0.60155827,0.5657823,0.6482252,0.7321877
56.5,2044,0.5718494,0.55916655,0.58019733,0.5864805,0.5491844,0.5398491,0.5340683,0.6887411,0.7366153,0.6214394,0.59277934,0.5558514
57.0,2040,0.61372656,0.65561974,0.6700486,0.66123885,0.66277236,0.69040257,0.7390912,0.7256075,0.6335064,0.6478782,0.7777401,0.6726005
57.5,2152,0.48883212,0.510331,0.6967463,0.6078407,0.43235806,0.42866418,0.44190446,0.54509413,0.4909004,0.46721628,0.6104011,0.6412941
58.0,2354,0.49962714,0.49086434,0.51526195,0.52099013,0.46117994,0.49923858,0.5490598,0.6617607,0.70529324,0.6360695,0.5872418,0.5098009
58.5,2421,0.4732716,0.41334844,0.62088126,0.69548565,0.38673565,0.26680258,0.31182286,0.52065927,0.48008525,0.31181374,0.33817285,0.48105294
59.0,2513,0.6849966,0.6997048,0.7502078,0.73583835,0.5949681,0.5074507,0.44588578,0.4914439,0.5129297,0.5387958,0.5801877,0.65359
59.5,2840,0.56814,0.6601307,0.713821,0.6158659,0.5942506,0.58167756,0.61344725,0.692967,0.5903287,0.59405273,0.5717602,0.53694004
60.0,4143,0.45233497,0.47624353,0.5013347,0.64159477,0.79327375,0.56649166,0.53392786,0.61770976,0.5699452,0.47119984,0.45397332,0.4321805
60.5,4002,0.45233357,0.44574082,0.5486329,0.5685958,0.59209317,0.6746832,0.5795374,0.778899,0.59005207,0.5263468,0.5894098,0.6061234
61.0,3519,0.58744425,0.57216775,0.60344535,0.6065459,0.6445996,0.6809611,0.68763673,0.75381815,0.74946517,0.6372217,0.64036155,0.5845104
61.5,3120,0.5390374,0.5778242,0.6529102,0.5956635,0.40167236,0.3776765,0.4457757,0.5193804,0.5954336,0.6133295,0.64330596,0.58384585
62.0,2833,0.6237823,0.6790674,0.71103865,0.6939157,0.6090329,0.54288805,0.56617296,0.53830147,0.497418,0.5003223,0.5517693,0.5812095
62.5,2829,0.7011384,0.6712528,0.68507546,0.6336981,0.62088937,0.6199364,0.5517943,0.6096706,0.63500273,0.50694674,0.58613664,0.70925575
63.0,2947,0.44361967,0.50550294,0.5896123,0.6210714,0.4638274,0.47469446,0.55079,0.58645713,0.6443163,0.5929221,0.46352324,0.42929423
63.5,2711,0.6700768,0.7234943,0.7962606,0.79859596,0.64858305,0.62429196,0.67013735,0.76525676,0.5912965,0.5736099,0.63249445,0.65983653
64.0,2648,0.71352273,0.80533564,0.85697025,0.7645159,0.6781076,0.7436165,0.71146107,0.797268,0.7325754,0.6787814,0.7527805,0.6984167
64.5,2651,0.614228,0.84948534,0.59155196,0.455321,0.45116398,0.37562007,0.30160046,0.31674197,0.40211642,0.492048,0.47150746,0.46502638
65.0,2691,0.92440796,0.8836472,0.7955023,0.70512104,0.6906967,0.7520588,0.58241844,0.5240942,0.5897915,0.71203715,0.9188268,0.9370751
65.5,2718,0.5092414,0.47525463,0.4932208,0.48274806,0.55956954,0.8180714,0.5380969,0.39595476,0.43658638,0.6109337,0.7840431,0.60177535
66.0,2671,0.55361694,0.5737189,0.5548662,0.53839827,0.55771464,0.6136085,0.5846583,0.53135246,0.57898974,0.72932905,0.6889784,0.5805231
66.5,2679,0.36316797,0.42320812,0.54216576,0.52028596,0.5395806,0.88777465,0.6864746,0.4859622,0.41211316,0.4188403,0.56063765,0.46505308
67.0,2670,0.38267,0.3292065,0.38089117,0.31125745,0.3182861,0.3785296,0.29793572,0.29302627,0.38764942,0.5430205,0.9690294,0.72390217
67.5,2655,0.55971617,0.48422796,0.48943982,0.3642742,0.35578743,0.4992464,0.36618182,0.2975961,0.40565228,0.56785667,0.95874256,0.81701493
68.0,2427,0.610554,0.5560274,0.55651,0.45440218,0.4608652,0.74927616,0.538345,0.35039523,0.41811436,0.5334471,0.7528525,0.71378326
68.5,2188,0.53709435,0.5623504,0.65644836,0.58909583,0.5842279,0.6980155,0.59647286,0.69131124,0.5563903,0.5127976,0.5007561,0.48141032
69.0,2185,0.59016263,0.64659816,0.77234936,0.73556244,0.7321697,0.77415615,0.71285224,0.6434748,0.6169033,0.73104095,0.6894928,0.5923513
69.5,1996,0.4166354,0.37044284,0.38825092,0.36081436,0.41046363,0.6509945,0.4682042,0.4099084,0.42730552,0.5553057,0.81905895,0.64904493
70.0,1975,0.51601034,0.46800697,0.54121417,0.4553275,0.46488145,0.63884264,0.5043681,0.45169485,0.5227942,0.65381616,0.91358745,0.73255116
70.5,2019,0.5806048,0.5040658,0.49937877,0.36363858,0.32282037,0.39741626,0.31011006,0.32761914,0.4616692,0.6154959,0.9878582,0.8173162
71.0,2005,0.58509827,0.54388815,0.5905743,0.46590117,0.45920634,0.71209323,0.46742648,0.36615324,0.50738853,0.6044484,0.90984124,0.7649585
71.5,1891,0.5604204,0.6196862,0.7591446,0.68057793,0.6468215,0.74891084,0.62850887,0.7145599,0.5680119,0.54223967,0.52029806,0.5023552
72.0,2057,0.4985485,0.537126,0.6468918,0.6170963,0.573901,0.6189825,0.61897415,0.6799147,0.6497606,0.6755031,0.5205556,0.45028314
72.5,1938,0.44653285,0.4550716,0.5540444,0.5459963,0.5679671,0.67427635,0.57970124,0.5284558,0.5000545,0.6384391,0.8938328,0.63325554
73.0,1825,0.4804022,0.46262076,0.4828047,0.50204426,0.5383293,0.6053594,0.5065542,0.45195186,0.455234,0.58261824,0.8576618,0.6238195
73.5,1882,0.21397968,0.1968812,0.24682036,0.17231697,0.23228703,0.71077865,0.32925698,0.16513237,0.21726336,0.31699198,0.6684866,0.42459345
74.0,1885,0.49857286,0.47526553,0.5291025,0.41387504,0.4419702,0.73381037,0.4563364,0.38365066,0.4116994,0.5230719,0.7336079,0.6087134
74.5,1726,0.36358604,0.45391935,0.60715485,0.4267391,0.26405403,0.36059314,0.22788124,0.1687964,0.16990699,0.21459503,0.2261521,0.23458709
75.0,1413,0.026061136,0.036847454,0.049442656,0.03938866,0.21504661,0.89423025,0.5257093,0.13811356,0.033938736,0.017065356,0.03518879,0.020132365
75.5,1958,0.005549205,0.020049967,0.14301963,0.07389442,0.010756657,0.024192048,0.19657402,0.9315927,0.49570546,0.05540597,0.034946036,0.018852524
76.0,2302,0.10604461,0.09773568,0.117529735,0.085667565,0.12315639,0.34310153,0.36325666,0.5741284,0.3625475,0.2732154,0.49707502,0.28913224
76.5,1542,0.02869615,0.017095199,0.013998443,0.030276781,0.22271314,0.88438994,0.487994,0.14924416,0.06758377,0.02784049,0.034461897,0.029355606
77.0,1045,0.34551886,0.21216924,0.17134929,0.13150375,0.14409134,0.33126792,0.32349783,0.51673186,0.49015298,0.4981233,0.75693476,0.64237875
77.5,1193,0.4356517,0.34723526,0.3466915,0.33203766,0.4942142,0.8584263,0.6685929,0.5187671,0.47896388,0.57388747,0.7571787,0.65794754
78.0,1364,0.24455443,0.2163235,0.30937743,0.3551053,0.41280726,0.7743013,0.51138467,0.3003574,0.31287944,0.4114969,0.5991371,0.45651647
78.5,2305,0.6846526,0.538848,0.35598612,0.351461,0.27823046,0.15287375,0.17113926,0.3198665,0.24473739,0.22208118,0.37409556,0.4516169
79.0,4332,0.5640452,0.34862268,0.31650937,0.3753801,0.28630415,0.16345005,0.20506823,0.33394262,0.34928596,0.44420335,0.69932425,0.6445004
79.5,4656,0.54391295,0.5735245,0.6021915,0.2674895,0.07432308,0.08247123,0.09616914,0.13689117,0.1871762,0.43252635,0.3525281,0.36515066
80.0,4957,0.44437018,0.26096442,0.23038203,0.1666185,0.1821474,0.33512893,0.25716585,0.21525647,0.38186797,0.64077145,1.0,0.8435237
80.5,5034,0.5259617,0.47358042,0.43715575,0.3577421,0.39620617,0.67488116,0.54899806,0.43483353,0.48671666,0.62531674,0.8661316,0.7359245
81.0,4091,0.20909901,0.2568325,0.3925208,0.34704944,0.34338427,0.6953555,0.4247878,0.21911632,0.20819458,0.2152199,0.17012848,0.15037386
81.5,4233,0.005353889,0.011226645,0.0374437,0.016239319,0.010514111,0.022755826,0.19040456,0.7125755,0.5220933,0.32770061,0.12836775,0.01444011
82.0,3893,0.013526258,0.033467226,0.18222451,0.14450206,0.09442656,0.17336975,0.22601995,0.48933867,0.36056873,0.35528004,0.19053817,0.024175422
82.5,3439,0.33423698,0.4207107,0.49264652,0.32072547,0.2982984,0.5400441,0.42535472,0.2803673,0.29550722,0.37407205,0.44229215,0.3296133
83.0,3362,0.5054109,0.42748907,0.42690367,0.15400012,0.044362556,0.07446503,0.09345723,0.07119642,0.15874377,0.45351812,0.46855626,0.45161426
83.5,4141,0.58659106,0.42720422,0.27945888,0.15088494,0.07070694,0.062009536,0.05143385,0.07125754,0.11471655,0.2170071,0.42576438,0.483167
84.0,4347,0.59677774,0.57617927,0.47981519,0.38208672,0.30493316,0.32246655,0.30516294,0.3015251,0.3327717,0.4288676,0.6871825,0.6686957
84.5,3448,1.0,0.591888,0.19083764,0.02577763,0.013484623,0.0059159393,0.011527753,0.03732669,0.02194326,0.03420355,0.13301751,0.4559335
85.0,3008,0.75396204,0.5980697,0.4363819,0.33473057,0.2071625,0.13817407,0.20205262,0.34370422,0.33894104,0.369265,0.43769875,0.5248069
85.5,3228,0.1482356,0.045003626,0.025201121,0.027377112,0.06614995,0.16087873,0.25713465,0.3839657,0.40711287,0.49267977,0.6977554,0.4769
86.0,4146,0.23061061,0.24652763,0.23969047,0.22834146,0.30618125,0.6307554,0.8806163,0.49681583,0.27586126,0.2852144,0.337449,0.2794546
86.5,4279,0.49407333,0.46901664,0.32181114,0.27233458,0.30811638,0.40305853,0.49276388,0.42794535,0.2617011,0.30763978,0.48318937,0.45072144
87.0,4223,0.405372,0.3200957,0.30893588,0.19887176,0.231082,0.7143871,0.36257967,0.059502367,0.042117465,0.10706257,0.08288887,0.093304045
87.5,3927,0.025774384,0.078686595,0.3076793,0.17886488,0.079938725,0.054413307,0.16543904,0.75713545,0.49981916,0.21824501,0.048374724,0.026735796
88.0,2707,0.049333595,0.051271573,0.12814239,0.07026104,0.21145865,0.79907304,0.49230456,0.2621214,0.07596733,0.035724256,0.04049797,0.03267963
88.5,2367,0.10189386,0.07542221,0.030069457,0.020844413,0.19844241,1.0,0.3860542,0.019416472,0.028858878,0.08254917,0.051522013,0.039563
89.0,2039,0.14765447,0.2957659,0.47461918,0.24608499,0.17494664,0.31121773,0.40485436,0.7103558,0.36255974,0.22860245,0.22641996,0.1345066
89.5,2051,0.4556717,0.2505243,0.31393933,0.5757024,0.3486355,0.41502827,0.34992093,0.27537984,0.31821895,0.34029713,0.33509037,0.30497795
90.0,2120,0.22445197,0.17983365,0.18815295,0.22131823,0.119884625,0.14175525,0.10806054,0.14734302,0.2584646,0.43854132,0.745432,0.52404654
90.5,2160,0.83081234,0.6025411,0.30567658,0.14022632,0.120157644,0.034923952,0.07271564,0.24334526,0.101062596,0.06278385,0.12084261,0.3366312
91.0,2106,0.43949452,0.35594997,0.4229889,0.37568295,0.23848371,0.26421496,0.20912133,0.3040293,0.35250154,0.46794772,0.73084235,0.5590295
91.5,3076,0.58429694,0.51821756,0.52171874,0.18524107,0.05323094,0.051989928,0.048645746,0.08685334,0.113771774,0.31993124,0.18388422,0.250541
92.0,3589,0.30615863,0.2833103,0.4531676,0.35818684,0.22324231,0.31515837,0.36902618,0.45479056,0.36555868,0.448741,0.5050005,0.40847245
92.5,2981,0.367757,0.42875183,0.7130575,0.46717227,0.1533383,0.18020844,0.1429418,0.19572812,0.18304764,0.29845273,0.30899656,0.2575104
93.0,2366,0.29082516,0.19670649,0.13918272,0.15302643,0.31697294,0.866438,0.53574824,0.2581846,0.23696367,0.3593179,0.35437655,0.23256426
93.5,2372,0.039590254,0.032441977,0.0464566,0.02859257,0.03827572,0.09504977,0.18190798,0.45840698,0.29348525,0.2994795,0.5540942,0.24042591
94.0,2214,0.5661391,0.24144179,0.101734415,0.065587126,0.07499071,0.19316351,0.10323463,0.05676259,0.07496314,0.18663226,0.49061722,0.45353487
94.5,1575,0.47983688,0.48886552,0.5564886,0.26966918,0.1225271,0.23854557,0.14823022,0.09003827,0.12027245,0.16092744,0.19416738,0.19876212
95.0,1804,0.5517275,0.22058082,0.11566114,0.06195108,0.05586965,0.15327033,0.09296104,0.087706506,0.13132232,0.33573562,0.62006634,0.47436425
95.5,2374,0.15512021,0.09825264,0.12881029,0.09685435,0.18832651,0.39370167,0.31048214,0.5341623,0.33119413,0.22527899,0.30719092,0.21554828
96.0,2421,0.2514897,0.19577248,0.32516077,0.37176406,0.2905343,0.4431641,0.2780223,0.17731385,0.1823955,0.37836248,0.71856284,0.5111293
96.5,2338,0.84630924,0.63057333,0.13366051,0.01695907,0.006259535,0.004993725,0.0075405096,0.025936395,0.012881311,0.008355646,0.017366339,0.16534612
97.0,2325,0.42420587,0.2455095,0.34534588,0.50169224,0.31327453,0.2288043,0.1929334,0.29862267,0.277849,0.39935857,0.73808366,0.56384826
97.5,2298,0.07706694,0.06347355,0.10114822,0.061920542,0.051675823,0.15707222,0.14189918,0.2913504,0.24544583,0.37343872,0.8286667,0.36410367
98.0,1951,0.34652084,0.42716935,0.5223623,0.39657202,0.2495882,0.5237568,0.3488485,0.17290957,0.23897298,0.4536558,0.5838211,0.38874465
98.5,1995,0.15924965,0.1753494,0.19335246,0.1588142,0.27145782,0.428229,0.38470006,0.49962723,0.28430077,0.20803048,0.23321341,0.17457432
99.0,3327,0.23329924,0.23941131,0.3432582,0.39980578,0.28460076,0.40508536,0.29208657,0.22221312,0.20972475,0.38675037,0.7919065,0.59237903
99.5,3280,0.8263043,0.6280224,0.14577721,0.013366711,0.004529165,0.0035341878,0.0066421996,0.019727645,0.009751163,0.0053873006,0.012908961,0.1840668
100.0,2997,0.56102914,0.42376125,0.41708174,0.49197268,0.38580525,0.21880832,0.24979722,0.3426521,0.37714458,0.51015013,0.7280539,0.6280111
100.5,2701,0.08510675,0.047274195,0.045632236,0.037894238,0.030043295,0.06100409,0.040256318,0.03150453,0.07275924,0.34836537,1.0,0.45162812
101.0,2388,0.34537533,0.19628698,0.17665514,0.13765138,0.08501428,0.16510251,0.122656345,0.10896038,0.28743392,0.5550979,1.0,0.79125345
101.5,2184,0.12467859,0.083458625,0.103750885,0.1396139,0.2664884,0.2853795,0.16125591,0.1366648,0.22570933,0.57550806,0.7729256,0.30822524
102.0,1925,0.25493968,0.25123876,0.2729011,0.31311116,0.49448466,0.33473808,0.24553686,0.3139446,0.4420614,0.87361777,0.4760084,0.28227553
102.5,1754,0.29787296,0.3192713,0.46467936,0.3497273,0.26978832,0.29475316,0.39659753,0.9793999,0.47484654,0.28465042,0.34799233,0.34078386
103.0,1654,0.32029736,0.31695774,0.43917114,0.3247838,0.279302,0.31968063,0.3772278,0.9673634,0.5002275,0.31591845,0.45354083,0.37523925
103.5,1518,0.42801514,0.36486223,0.31896093,0.2414672,0.3554909,0.98482347,0.507991,0.2507055,0.23201716,0.28924754,0.40440217,0.39370376
104.0,1584,0.76416546,0.6524725,0.5902458,0.518727,0.5865063,0.8752567,0.535515,0.40175027,0.42531556,0.5228722,0.7128905,0.695456
104.5,1473,0.502191,0.4740998,0.48576066,0.46551794,0.5719105,0.59541285,0.42096227,0.36843553,0.39353254,0.594899,0.960918,0.63145036
105.0,1449,0.47331008,0.47675085,0.5222374,0.5781835,0.6759204,0.6945873,0.57876915,0.557781,0.6125352,0.89490205,0.62452793,0.4724249
105.5,1483,0.33109114,0.39051372,0.5401434,0.50951236,0.4654662,0.4720192,0.52875084,0.93868834,0.5856581,0.3938894,0.4303518,0.3365659
106.0,1424,0.37278047,0.40181944,0.5145346,0.48723155,0.49333906,0.517187,0.5500177,0.8665477,0.6499813,0.5573798,0.56472224,0.44125327
106.5,1379,0.5286726,0.49662057,0.5659205,0.40297797,0.4891717,0.8460286,0.45587367,0.29706222,0.30654743,0.3619246,0.4900173,0.4928183
107.0,1334,0.62718546,0.7039659,0.9805748,0.60737556,0.49231812,0.60344267,0.43817866,0.36758417,0.40200835,0.5283895,0.6625334,0.62934625
107.5,1312,0.3794125,0.41700628,0.5241182,0.4465828,0.46378416,0.63010836,0.5598191,0.5644699,0.5347229,0.47875026,0.42412615,0.36920604
108.0,1399,0.78556436,0.49890193,0.32520586,0.3254734,0.35666525,0.41132444,0.34808448,0.38546038,0.3176289,0.34480494,0.51577926,0.61533797
108.5,1581,0.29937047,0.41399956,0.8669235,0.43931118,0.16460131,0.18950643,0.1694741,0.23243323,0.21264426,0.24026631,0.24079277,0.21969555
109.0,1646,0.42994997,0.39514,0.7040521,0.39431706,0.15545651,0.17738944,0.1659259,0.17951733,0.19240837,0.37357983,0.32579288,0.25751606
109.5,1686,0.55101275,0.4769101,0.64095855,0.3354944,0.12835106,0.13757755,0.12045735,0.14457907,0.16331933,0.3094273,0.28559762,0.31592897
110.0,1599,0.4585438,0.5578936,0.8897603,0.5346903,0.29238245,0.30369684,0.25569695,0.2874396,0.3187521,0.56346375,0.46061313,0.40242565
110.5,1761,0.38743147,0.32942665,0.50355256,0.42484644,0.3764536,0.5714906,0.32499966,0.27257973,0.23040487,0.2680524,0.31303397,0.28742328
111.0,2173,0.57900316,0.529043,0.6308829,0.43985075,0.33540186,0.35914767,0.3104132,0.3348036,0.2721776,0.3319185,0.41535097,0.4181119
111.5,2614,0.28184733,0.30049807,0.36897376,0.3815277,0.34833324,0.38574135,0.32060525,0.36568776,0.31920177,0.5187029,0.95228213,0.55183387
112.0,2734,0.21681912,0.18932329,0.21210018,0.20970167,0.21536626,0.2348657,0.25933132,0.38539985,0.33380184,0.4045656,0.8259623,0.5178987
112.5,2778,0.7004769,0.54887956,0.32906485,0.2319872,0.24274091,0.39092338,0.2884691,0.25857887,0.23823547,0.383887,0.6649736,0.54056925
113.0,2874,0.38132384,0.35185617,0.35440475,0.30673715,0.30352613,0.3932446,0.27603996,0.23186955,0.24564277,0.4721933,0.9652928,0.63793516
113.5,2782,0.25052652,0.2287937,0.23574458,0.21220993,0.21828355,0.24743621,0.19777489,0.17334563,0.18752947,0.42441294,0.9804711,0.5989469
114.0,2758,0.354336,0.39090946,0.40100688,0.3720454,0.35668233,0.40763685,0.28442326,0.23725745,0.24681509,0.51900923,0.8987379,0.54105985
114.5,2862,0.54410666,0.65540785,0.8958469,0.71028274,0.4523081,0.44218034,0.46796447,0.48648927,0.35468927,0.42871764,0.5454986,0.526226
115.0,3134,0.5234094,0.6385692,0.8519656,0.5876351,0.34995556,0.32266876,0.39783558,0.4166139,0.37297696,0.4548354,0.55858046,0.51783013
115.5,3097,0.8377328,0.82347614,0.75981116,0.5598752,0.4453284,0.435547,0.40832698,0.4531902,0.58546734,0.7381975,0.86137676,0.85432976
116.0,3099,0.665143,0.8564887,0.9108487,0.62565565,0.42187843,0.38000524,0.34133738,0.33048755,0.37461525,0.47812364,0.6014049,0.6113865
116.5,2969,0.629514,0.64285684,0.7619945,0.6002964,0.4742724,0.5353598,0.4200844,0.4469016,0.42595166,0.51208943,0.60435736,0.6260378
117.0,3098,0.55649525,0.58677614,0.61543083,0.5668656,0.60154283,0.5829827,0.4805222,0.46822393,0.46112242,0.51746136,0.5682899,0.48846507
117.5,2945,0.3190745,0.38701278,0.49966133,0.44632548,0.40039125,0.45306253,0.7521985,0.820304,0.48247957,0.38915735,0.45082647,0.40024886
118.0,2776,0.2885771,0.38169804,0.43980196,0.33204865,0.38246363,0.5429853,0.72526246,0.69406176,0.45108566,0.3902498,0.47621745,0.39586964
118.5,2753,0.5313642,0.5465577,0.53801703,0.40589485,0.43820825,0.41491482,0.35065678,0.4685838,0.46991894,0.510201,0.48910484,0.4877303
119.0,2841,0.63434064,0.6644138,0.63468474,0.4715877,0.43680316,0.51589036,0.5954187,0.65055716,0.5017134,0.46217647,0.56704336,0.5977951
119.5,2785,0.4982376,0.5243519,0.57265085,0.41087958,0.40389264,0.5035684,0.56073266,0.57606614,0.45100856,0.41711247,0.56832695,0.65164876
120.0,2978,0.5424771,0.5393611,0.50390583,0.49181384,0.57441527,0.52502275,0.41281384,0.4794507,0.5270024,0.66840875,0.67819506,0.51600814
120.5,3022,0.40907058,0.42035115,0.41485193,0.36900628,0.34395072,0.38884863,0.46367633,0.64131415,0.617294,0.572386,0.7079856,0.5370066
121.0,3189,0.45426953,0.42086267,0.44538727,0.42351252,0.38166472,0.41566285,0.48494384,0.71843946,0.6314443,0.6136235,0.7658829,0.61937094
121.5,3268,0.6265623,0.5908874,0.6642483,0.4711183,0.35298932,0.38850194,0.3703284,0.45471072,0.47036216,0.5697607,0.7352057,0.6913056
122.0,3579,0.53440547,0.5655984,0.60916305,0.47245523,0.4195356,0.5265297,0.5355831,0.70397574,0.5884156,0.46684313,0.5245667,0.52895
122.5,3560,0.47680798,0.47607684,0.58707505,0.44366398,0.364242,0.42918757,0.49654734,0.6920417,0.51879036,0.55608445,0.58435917,0.62213737
123.0,3904,0.33920556,0.479239,0.4307554,0.43429556,0.62092054,0.46541607,0.51731825,0.5323881,0.45017108,0.6269846,0.4951833,0.33138502
123.5,3930,0.33399165,0.40665537,0.5478929,0.40521833,0.35461333,0.3950822,0.5204675,0.7601932,0.56215036,0.46805054,0.42642796,0.38581467
124.0,4016,0.44811842,0.37751126,0.43547523,0.5246973,0.47512197,0.45373926,0.5301253,0.6663824,0.6554497,0.59608763,0.57863754,0.439197
124.5,3894,0.5555761,0.45755476,0.4683886,0.47070485,0.47242808,0.3672093,0.32264683,0.49106023,0.48516026,0.48198003,0.6751089,0.6599373
125.0,3843,0.49491918,0.5314432,0.61559445,0.46874645,0.41479617,0.4692874,0.5382295,0.72848135,0.557188,0.5186759,0.63310736,0.577306
125.5,4000,0.23556694,0.30547595,0.4225928,0.20540142,0.1438141,0.19304524,0.47784507,0.6318197,0.24538186,0.15786755,0.29458493,0.5632988
126.0,4079,0.41758153,0.44592157,0.63451886,0.57014525,0.54174197,0.41289237,0.38828543,0.50493044,0.37136903,0.33170542,0.3521906,0.44550797
126.5,4382,0.6015657,0.71450144,0.9501612,0.7746696,0.5567711,0.5444885,0.5848199,0.6488572,0.4789446,0.47524083,0.5121037,0.5370337
127.0,4309,0.58674437,0.64010316,0.8536938,0.6093491,0.44042385,0.41826612,0.506118,0.5793989,0.4220116,0.42290527,0.52982086,0.6813086
127.5,4544,0.8989101,0.88478774,0.89517534,0.69889945,0.56686383,0.55040735,0.4754445,0.4377347,0.46699977,0.58899844,0.76047003,0.84295636
128.0,4331,0.8570673,0.87472093,0.95014316,0.79813045,0.66917974,0.6466206,0.55817354,0.52075976,0.52559304,0.60025746,0.7307816,0.79987025
128.5,4288,0.7391434,0.7955491,0.7708575,0.627189,0.58301115,0.6074399,0.56298035,0.5603633,0.4894087,0.5201339,0.5914188,0.64467615
129.0,4350,0.49200848,0.5512695,0.65827376,0.5788223,0.6678793,0.576161,0.47455704,0.5127569,0.4964369,0.5053396,0.4741748,0.4259365
129.5,4316,0.44982648,0.61741966,0.75456697,0.6357615,0.5471451,0.5822387,0.6985832,0.73523027,0.59863436,0.5028365,0.5351217,0.46820122
130.0,4261,0.42280844,0.468044,0.6460998,0.6111371,0.56829876,0.65962166,0.69650465,0.7821543,0.61300564,0.5123756,0.5576864,0.4620423
130.5,4074,0.5433255,0.5600153,0.70096934,0.5697666,0.4754673,0.5434961,0.4587802,0.6201483,0.5197188,0.55173224,0.5490488,0.5465291
131.0,4198,0.71284145,0.75703996,0.8720966,0.7211975,0.5465264,0.53797555,0.51636773,0.6491135,0.6054279,0.56325155,0.5921167,0.65502447
131.5,3925,0.7010239,0.68497646,0.8110544,0.7674719,0.5798924,0.56037575,0.47987875,0.57462525,0.568851,0.51785284,0.5487076,0.6965595
132.0,3936,0.5446163,0.55405706,0.57564366,0.6161904,0.72460306,0.6495428,0.57218456,0.63752204,0.57769316,0.67127967,0.71172565,0.5868672
132.5,3880,0.4537822,0.45412418,0.6412161,0.5955442,0.48363605,0.5743815,0.44431534,0.58953416,0.62790465,0.5233045,0.5708608,0.5465341
133.0,3752,0.4245679,0.5035696,0.7428714,0.5386137,0.45398575,0.47650772,0.5627738,0.7754864,0.5302418,0.4387225,0.51175475,0.5633659
133.5,3464,0.58754206,0.61743385,0.6938635,0.54158616,0.5381205,0.44254896,0.40594304,0.57462287,0.51033926,0.74769616,0.61897963,0.58177674
134.0,3587,0.7672623,0.7794348,0.84956634,0.74275213,0.5901712,0.5723354,0.5398326,0.68368894,0.6783589,0.66258115,0.71821886,0.7195314
134.5,3339,0.70359534,0.5979498,0.6443854,0.6629133,0.52750075,0.5514198,0.5193573,0.6584092,0.68080217,0.63406694,0.58309466,0.64096975
135.0,2732,0.44106975,0.46567944,0.5417124,0.526759,0.56317395,0.5472626,0.4578067,0.6819821,0.65330184,0.82586855,0.6410538,0.4617107
135.5,2301,0.49510828,0.53479356,0.5817293,0.60129505,0.5990638,0.6376099,0.7353862,0.87548786,0.73643106,0.54497635,0.5353874,0.48084593
136.0,2104,0.44578218,0.50998765,0.6036742,0.6412983,0.60634637,0.60051405,0.67106277,0.8067296,0.76075196,0.5777275,0.50821733,0.457077
136.5,1611,0.58791023,0.5329086,0.5013491,0.47662008,0.42870605,0.42976868,0.48625028,0.65067697,0.62033725,0.6755755,0.7761225,0.65495414
137.0,1526,0.7081147,0.7065237,0.7465844,0.7062671,0.59448314,0.6807933,0.6277756,0.7538634,0.68728656,0.60345155,0.65722144,0.6864188
137.5,1411,0.8376169,0.41072327,0.5390926,0.64400244,0.36479905,0.30282405,0.27610493,0.37804234,0.45589447,0.3253977,0.35280016,0.63551843
138.0,1548,0.35941118,0.330944,0.4340812,0.4152007,0.3597004,0.42096058,0.4310663,0.6455001,0.49525806,0.62587506,0.5572543,0.4100382
138.5,1575,0.6508763,0.6817236,0.76844245,0.74642503,0.6309561,0.7425127,0.75742143,0.9202368,0.70193726,0.65305567,0.77611357,0.73496795
139.0,1646,0.76811415,0.6141606,0.7791631,0.8157084,0.5990054,0.6460777,0.6159917,0.7379149,0.7099173,0.64044464,0.810954,0.78011173
139.5,1583,0.87302727,0.8464681,0.8895757,0.6517489,0.56944716,0.6467409,0.50195026,0.47705942,0.5379853,0.6627809,0.85776174,0.88316524
140.0,1516,0.92570263,0.8975706,0.8839386,0.7314435,0.6862156,0.7217464,0.5919844,0.55649376,0.6015605,0.7046433,0.88273346,0.9090051
140.5,1527,0.56729,0.54864633,0.5902248,0.5207522,0.59852576,0.7871948,0.5237603,0.41813034,0.4642553,0.63361734,0.7825455,0.6394097
141.0,1578,0.44336888,0.41148394,0.39622542,0.3808509,0.41729945,0.5000229,0.48013958,0.40234882,0.48225468,0.72419256,0.7627849,0.57100016
141.5,1413,0.4848877,0.5628071,0.6960596,0.65921205,0.6411142,0.8748469,0.6956081,0.6005964,0.51278466,0.52644354,0.5980068,0.5043658
142.0,1437,0.3745642,0.3908311,0.55116314,0.4404736,0.49557605,0.7335877,0.5129012,0.47794107,0.5444387,0.5150709,0.7847643,0.58450943
142.5,1436,0.5903059,0.5291664,0.544492,0.37164247,0.35094297,0.5108089,0.35833824,0.30487594,0.44614747,0.5688788,0.96401596,0.8216693
143.0,1380,0.59597653,0.54214585,0.54159,0.46004176,0.4929461,0.8329117,0.5535473,0.3670848,0.3953356,0.48857346,0.6510731,0.648244
143.5,1265,0.55213624,0.5707947,0.65393806,0.56742156,0.5427417,0.6240988,0.5151606,0.64935863,0.5186321,0.48685494,0.5506207,0.5451857
144.0,1100,0.5667863,0.6190672,0.71458066,0.6803318,0.73407567,0.8209476,0.7032783,0.60757923,0.5482305,0.6376689,0.5687091,0.504856
144.5,1063,0.40942916,0.40887213,0.46693227,0.4070911,0.44761777,0.7163706,0.48578224,0.38286018,0.40281177,0.5281513,0.7538094,0.58299893
145.0,933,0.38701373,0.33858398,0.4113687,0.33489606,0.3314844,0.41688094,0.35885033,0.35988876,0.4230501,0.6047584,0.9524945,0.6818998
145.5,859,0.5081757,0.4480769,0.4756033,0.3486807,0.30989775,0.36141378,0.28397214,0.29549924,0.42320323,0.62842673,0.9934171,0.7844586
146.0,763,0.5743709,0.5123959,0.5449067,0.42959648,0.4265522,0.59193164,0.40341485,0.33578062,0.459889,0.58160275,0.9173017,0.8098043
146.5,657,0.5295528,0.55260116,0.6838388,0.55383503,0.52684915,0.6537674,0.5425465,0.66651815,0.5311802,0.5729571,0.61885256,0.54785705
147.0,729,0.5327702,0.54801714,0.66206765,0.67427313,0.6986317,0.76968145,0.7020543,0.7297725,0.697767,0.721166,0.5581379,0.48644254
147.5,749,0.48032305,0.5388358,0.615831,0.57412606,0.5241466,0.5560229,0.501805,0.4670102,0.4268609,0.5878163,0.77063483,0.58332056
148.0,708,0.45744297,0.43994725,0.52750665,0.53113574,0.61348224,0.7400675,0.56357586,0.47911754,0.4896651,0.60777676,0.8405622,0.6288035
148.5,736,0.38380542,0.36942208,0.44975334,0.32370397,0.35656112,0.7776319,0.42162377,0.27250087,0.3341532,0.3977293,0.70260876,0.4936935
149.0,725,0.455296,0.42606607,0.47873724,0.3631737,0.3952717,0.7024629,0.41644406,0.33676198,0.371785,0.48012894,0.7602802,0.5964569
149.5,696,0.35689878,0.35356274,0.4128466,0.23406173,0.1458166,0.19082731,0.19896239,0.33066908,0.26396808,0.3879272,0.490947,0.34132746
150.0,695,0.27793363,0.14103144,0.12096773,0.12905084,0.27784368,0.89305514,0.4684497,0.17778985,0.108781405,0.12088315,0.18758298,0.1880689
150.5,742,0.27771336,0.23252569,0.2996125,0.1538609,0.120568365,0.3897713,0.35537148,0.69551945,0.26123047,0.094497345,0.1358943,0.13864072
151.0,712,0.5428581,0.5001772,0.54136544,0.43972215,0.44782612,0.588859,0.4935455,0.6172741,0.34444088,0.31882048,0.40944842,0.47039294
151.5,750,0.7511473,0.34105656,0.14707607,0.13494699,0.23878066,0.9637878,0.4226513,0.13104592,0.13668297,0.19557764,0.19570991,0.26280454
152.0,772,0.383954,0.30842704,0.27107623,0.27412805,0.45672464,0.96969754,0.5504406,0.18164423,0.16127524,0.22889346,0.2560711,0.28717202
152.5,737,0.44832695,0.3694507,0.33577392,0.2930625,0.2940804,0.34502465,0.28552252,0.21579543,0.315099,0.5321179,0.8888503,0.7166104
153.0,768,0.8574334,0.43889597,0.10082969,0.058105744,0.08460884,0.12166412,0.121336825,0.31144702,0.18005109,0.16865784,0.26155347,0.40066293
153.5,713,0.66671073,0.6106594,0.49103355,0.3193912,0.09213895,0.061230727,0.04572603,0.04166994,0.034182522,0.05539135,0.11421964,0.26551735
154.0,761,0.77632797,0.8073498,0.81485057,0.73002094,0.59563446,0.5792215,0.50565207,0.4803269,0.53721553,0.62351584,0.72178423,0.7180607
154.5,749,0.7953202,0.7027858,0.6020809,0.5170393,0.4821376,0.47554845,0.48056683,0.5406762,0.6714374,0.7820905,0.86018103,0.83381903
155.0,797,0.66551656,0.6204436,0.58821684,0.55815023,0.5237165,0.50057095,0.46307516,0.4714433,0.5462797,0.6819249,0.87668467,0.7763489
155.5,780,0.4892885,0.40437582,0.43785098,0.4743707,0.52810353,0.5594961,0.5193742,0.4853622,0.5936221,0.73282886,0.88563013,0.70780605
156.0,804,0.76459885,0.7262335,0.6862209,0.6793923,0.6993541,0.7628653,0.6735114,0.5902778,0.6267714,0.70523113,0.81072086,0.7881202
156.5,814,0.729399,0.7233037,0.58979315,0.52715504,0.57472014,0.81708884,0.61426014,0.38828158,0.33212796,0.43363163,0.59783304,0.62720495
157.0,755,0.14551374,0.16329792,0.37008503,0.20768632,0.113978975,0.10720787,0.21305008,0.8578924,0.39715976,0.14318562,0.17328982,0.17265491
157.5,767,0.33230573,0.29384613,0.28383017,0.24107751,0.27583998,0.43917766,0.4125827,0.60204107,0.51210207,0.4899906,0.3445399,0.3443667
158.0,810,0.33707634,0.33495995,0.4171957,0.31534263,0.2857063,0.44853708,0.39705738,0.7441839,0.3712124,0.24330531,0.24886717,0.29434168
158.5,743,0.47395888,0.28022805,0.358888,0.27223077,0.29491878,0.7201057,0.35149258,0.10052745,0.13484138,0.27446046,0.28257832,0.28348202
159.0,783,0.3415384,0.2957484,0.30352572,0.28047967,0.35544622,0.89575535,0.5046709,0.14058632,0.15472367,0.25783873,0.36535177,0.3519191
159.5,778,0.4184459,0.18500642,0.14892983,0.086052716,0.13537131,0.58174425,0.33872312,0.24654539,0.14770319,0.07555084,0.095431015,0.12270322
160.0,752,0.65342087,0.48510963,0.5808193,0.44038507,0.40252876,0.47924152,0.42478064,0.52473027,0.5230374,0.54160905,0.64770687,0.66781616
160.5,795,0.78123516,0.60730267,0.4821264,0.41268304,0.4288647,0.5266343,0.48095638,0.48588982,0.6201085,0.7706024,0.90354156,0.86272407
161.0,744,0.8710699,0.8127823,0.7575963,0.710154,0.68200237,0.6857058,0.6016999,0.562675,0.6270749,0.7434055,0.88265705,0.8824234
161.5,780,0.69964516,0.6142412,0.60673064,0.5396258,0.51233155,0.5851142,0.56304973,0.5150137,0.6192013,0.718206,0.78854483,0.77517843
162.0,708,0.54704434,0.51930267,0.59483135,0.48007014,0.25722158,0.20152502,0.20712525,0.34864873,0.20833507,0.27001327,0.28643396,0.32198837
162.5,718,0.15885812,0.14535126,0.28735864,0.6471643,0.35498616,0.19685344,0.1427223,0.12989877,0.12133599,0.23150407,0.51835984,0.34359118
163.0,751,0.49935994,0.33812657,0.2760989,0.28867987,0.24828853,0.18846026,0.16382392,0.24697734,0.20305666,0.3341782,0.72429276,0.49144793
163.5,731,0.2215143,0.1720963,0.15937985,0.14117286,0.1237344,0.1316451,0.18535125,0.36224785,0.34162614,0.4542718,0.71891063,0.44805738
164.0,676,0.8732141,0.87792695,0.9288435,0.81331193,0.6621517,0.73444545,0.5361236,0.4134103,0.46453497,0.6625199,0.8347822,0.845311
164.5,646,0.92468685,0.8860744,0.8731348,0.72705853,0.59216994,0.6193239,0.49920988,0.4510664,0.5485912,0.73108834,0.8768972,0.9067786
165.0,687,0.70537436,0.6180565,0.61693823,0.508854,0.4467054,0.49022636,0.37669337,0.34527037,0.43853134,0.64587,0.6887768,0.64152986
165.5,640,0.6206132,0.47473142,0.41324836,0.214913,0.18202704,0.23840573,0.11830695,0.051821876,0.04590018,0.07851982,0.12012886,0.20798288
166.0,670,0.6485064,0.34400105,0.120091885,0.10650991,0.19802941,0.4278205,0.2545105,0.08717976,0.0947076,0.21158649,0.46697986,0.4412781
166.5,721,0.67122,0.5241678,0.26159564,0.11411967,0.19867879,0.4545714,0.27945507,0.12067398,0.13629347,0.1899805,0.2203237,0.30984816
167.0,733,0.055879697,0.033312693,0.03366559,0.039426323,0.11447298,0.311448,0.18318,0.039465904,0.034129918,0.3230975,0.9826529,0.46803114
167.5,796,0.10441653,0.084007815,0.09576506,0.092099264,0.17206931,0.415363,0.3482102,0.37973386,0.3603301,0.4413343,0.48017156,0.23452626
168.0,807,0.098425895,0.07647595,0.06796784,0.07061266,0.15436761,0.32651016,0.21182823,0.104017705,0.23357819,0.7071407,0.6024405,0.19149849
168.5,941,0.02995654,0.03156605,0.037072737,0.03006478,0.04345073,0.10669332,0.31168583,0.9986361,0.51990294,0.085448995,0.07681015,0.046061464
169.0,1045,0.26103282,0.25682032,0.26260224,0.24965328,0.28965384,0.400629,0.48949498,0.92199254,0.58348143,0.31876728,0.3377227,0.29204103
169.5,1099,0.54141575,0.44778544,0.35492274,0.31445265,0.43107012,0.77729326,0.6271557,0.51015174,0.5567266,0.6247261,0.70453966,0.6321909
170.0,1350,0.016968828,0.027138699,0.09340207,0.04901919,0.06273659,0.05521252,0.09825548,0.36923173,0.35607415,0.65985864,0.2652392,0.023530874
170.5,1601,0.02570129,0.024267402,0.025495673,0.029043276,0.06309522,0.05544382,0.03767924,0.030908115,0.2267536,1.0,0.40634447,0.03966562
171.0,2170,0.2474135,0.115874924,0.04417108,0.039620414,0.045652766,0.066935316,0.056231786,0.06527627,0.06853646,0.28833523,0.7732758,0.44633868
171.5,2545,0.10793626,0.03407456,0.022517066,0.02272661,0.028027223,0.056942955,0.048136793,0.05045835,0.033387605,0.23097993,0.92607296,0.42109618
172.0,2512,0.3785644,0.3535633,0.36658478,0.34418786,0.3710088,0.4514308,0.46650103,0.6099286,0.5569578,0.577032,0.7363499,0.55037856
172.5,2788,0.48093706,0.5359707,0.5726052,0.60030514,0.7261747,0.9772906,0.79443955,0.6129727,0.5522153,0.51984954,0.56735945,0.45766512
173.0,2709,0.41761908,0.35542002,0.357137,0.38300288,0.43538964,0.5390988,0.47244626,0.4473299,0.47352064,0.5827781,0.72637963,0.5714798
173.5,2621,0.48325682,0.52493346,0.6291279,0.5006498,0.29718933,0.30139595,0.34712267,0.3081775,0.3146758,0.3700686,0.39306596,0.40576962
174.0,3474,0.041400276,0.08702712,0.16096972,0.164992,0.28631726,0.8381513,0.40890986,0.035356976,0.0041196547,0.01096,0.0073365304,0.009912149
174.5,3018,0.047341082,0.053221427,0.13853453,0.06554909,0.041513223,0.204153,0.2891956,0.7309833,0.3846586,0.037291862,0.0038757233,0.0091759
175.0,3126,0.02222225,0.024833232,0.093733445,0.03242256,0.010589448,0.046782553,0.25671765,1.0,0.48010963,0.050663926,0.012104988,0.009015044
175.5,3578,0.04738541,0.026159756,0.034270052,0.037759338,0.21484572,0.8955903,0.46080062,0.16420181,0.07993349,0.038545374,0.033668533,0.03203178
176.0,4550,0.079446524,0.053357147,0.113345936,0.069847696,0.11787871,0.41502383,0.5139464,0.72473305,0.41339645,0.17236197,0.24410085,0.1959214
176.5,4039,0.14767522,0.17999114,0.7873711,0.37127104,0.13321117,0.41054016,0.34629697,0.4843479,0.35980457,0.30645466,0.5316135,0.41900337
177.0,3828,0.19324411,0.19561578,0.6870957,0.37583658,0.1445165,0.21295348,0.13475053,0.11217604,0.22076853,0.40148473,0.6735647,0.49227613
177.5,3134,0.45968038,0.4078332,0.30834588,0.25263405,0.26167914,0.39560825,0.24107201,0.2006771,0.20641486,0.28528383,0.56890064,0.49578655
178.0,2047,0.6532321,0.31993935,0.15798792,0.15904555,0.1665018,0.1325253,0.07149122,0.09556789,0.15537256,0.28430474,0.56588966,0.5995182
178.5,1693,0.48332974,0.47072467,0.5542075,0.31343663,0.18107283,0.21303564,0.1798108,0.15831994,0.14944413,0.35975513,0.24179131,0.2571297
179.0,1488,0.21664138,0.2094657,0.22332937,0.11748126,0.2855812,0.9135072,0.5116694,0.066996954,0.05257465,0.118460156,0.1647047,0.1839221
179.5,1790,0.08898219,0.0800522,0.14949463,0.13333088,0.34175318,1.0,0.63638186,0.16878943,0.14044619,0.21444024,0.25065997,0.17448606
180.0,2000,0.25372562,0.3017888,0.45732296,0.35494015,0.3361116,0.624222,0.33542708,0.117099315,0.11041605,0.13977024,0.14096282,0.14456238
180.5,1324,0.021123707,0.032174144,0.06156525,0.039385043,0.06894117,0.30489248,0.3416866,0.70745504,0.38407162,0.036112726,0.0113979215,0.009337473
181.0,1290,0.0007093335,0.011935597,0.13900425,0.11807682,0.039886173,0.006877358,0.058937524,0.35875532,0.44990537,0.629131,0.29711807,0.020448882
181.5,1384,0.089788966,0.13161941,0.18871184,0.09954855,0.25462568,0.78427863,0.51362306,0.21787235,0.08386437,0.071278736,0.1348314,0.10806863
182.0,1204,0.5132504,0.5268791,0.531313,0.19067056,0.045118574,0.072797835,0.1088406,0.06602702,0.08212939,0.3354429,0.16575447,0.21702829
182.5,1090,0.65472215,0.5326029,0.39980668,0.19335338,0.17533082,0.40990373,0.24443394,0.053148452,0.06824299,0.1726832,0.24611492,0.37098545
183.0,1268,0.49368456,0.47959635,0.41964474,0.2847933,0.2266604,0.31230557,0.2547653,0.19713102,0.23248024,0.34662172,0.6385135,0.602361
183.5,1598,0.8782732,0.5070046,0.1654971,0.012261636,0.006622032,0.01944336,0.0104217185,0.01749317,0.036634516,0.099542454,0.29503116,0.5428327
184.0,1473,0.89412796,0.5960155,0.2790498,0.093534045,0.031669144,0.040625416,0.03579926,0.0689121,0.033736616,0.031208664,0.09292424,0.34832385
184.5,1382,0.26433745,0.10278781,0.06940265,0.043737493,0.08805868,0.24240232,0.1838432,0.11433568,0.23026271,0.44100124,0.79614097,0.60434973
185.0,1340,0.06054591,0.017527647,0.024399918,0.048555706,0.25861076,0.80379593,0.6102627,0.39256805,0.29862946,0.25572404,0.26907435,0.18326895
185.5,1318,0.20652357,0.18013448,0.22291574,0.21772157,0.39123935,0.9321768,0.68346715,0.33189538,0.25410688,0.30057263,0.44195873,0.35550246
186.0,1353,0.39850423,0.339886,0.38064954,0.26048544,0.26541325,0.5829945,0.33905917,0.12083907,0.13764952,0.23041199,0.22816786,0.19521663
186.5,1810,0.16098541,0.13983169,0.1748064,0.13730952,0.12231591,0.28413266,0.21166205,0.46072242,0.40076873,0.20132455,0.027138354,0.029523777
187.0,2050,0.030699037,0.04824772,0.21097325,0.08123184,0.14715333,0.48412868,0.3680458,0.54881424,0.16189876,0.014123842,0.0071921055,0.010388079
187.5,2544,0.060386956,0.02935405,0.02181751,0.020505019,0.19034907,0.999555,0.4526994,0.023188459,0.014221869,0.058908768,0.016149735,0.011382255
188.0,3206,0.12771475,0.15444185,0.24644034,0.111784324,0.16342382,0.5276411,0.41588318,0.6190214,0.27692255,0.048293564,0.027574873,0.04071448
188.5,3376,0.28690082,0.30644685,0.7396446,0.37753403,0.25427124,0.70818466,0.5869289,0.60949177,0.3820323,0.31270066,0.4146384,0.38138577
189.0,2819,0.25476128,0.23610543,0.6200978,0.33754393,0.1592229,0.2666729,0.23340496,0.2516113,0.26436383,0.36166385,0.6211561,0.51193494
189.5,2993,0.5801036,0.39692235,0.21734025,0.11628991,0.09749717,0.093572006,0.08679508,0.1981786,0.10349594,0.1422652,0.3659788,0.40134758
190.0,2324,0.6067899,0.34837875,0.17512363,0.13042895,0.121471934,0.050256517,0.04993281,0.10021629,0.19039305,0.3418577,0.5736268,0.55441654
190.5,1573,0.43908244,0.5014465,0.6100102,0.33930653,0.17137414,0.16755058,0.13377771,0.11488621,0.12882154,0.31757343,0.21567632,0.20734034
191.0,973,0.57596564,0.35157838,0.15414917,0.06121214,0.20594712,0.6246084,0.37330818,0.09621036,0.046088565,0.061014652,0.11673636,0.29399988
191.5,1300,0.34707275,0.28078812,0.22238164,0.16085482,0.25390694,0.61478674,0.36044556,0.110949725,0.08219195,0.13988887,0.14030598,0.17816758
192.0,1930,0.102162294,0.15053748,0.37203836,0.30646777,0.26907733,0.62367356,0.3580753,0.13004068,0.13157852,0.19863604,0.13105515,0.088914275
192.5,1636,0.021543793,0.034691893,0.062350035,0.044186477,0.07537455,0.32155898,0.3087622,0.46848923,0.2712327,0.16147976,0.2254518,0.0870548
193.0,1238,0.26716086,0.21226582,0.21943392,0.16827917,0.11844898,0.17976832,0.12844722,0.13616343,0.11859008,0.27161238,0.7186376,0.45530283
193.5,1143,0.59058404,0.38437045,0.30021632,0.14330281,0.09764386,0.27021027,0.15567721,0.031572383,0.011782347,0.010612971,0.011399571,0.12075519
194.0,1198,0.563482,0.30947205,0.15655032,0.07119979,0.015707178,0.018498145,0.014953458,0.032430112,0.045934696,0.1505955,0.3143436,0.25805575
194.5,1060,0.18135042,0.08477124,0.08784718,0.09861141,0.27089176,0.5975625,0.36567146,0.3402493,0.1620685,0.14639182,0.3565557,0.23161648
195.0,1013,0.18181421,0.20389429,0.35500547,0.42391804,0.37431145,0.3923182,0.37330082,0.45234025,0.3031889,0.3068016,0.57671094,0.346029
195.5,1019,0.616667,0.51397145,0.12648962,0.016456671,0.007610134,0.018597396,0.0077962894,0.0055313497,0.006128083,0.067144446,0.23941068,0.2722754
196.0,965,0.676368,0.25694478,0.029097,0.022567991,0.025245406,0.05818528,0.02925381,0.038800884,0.02728716,0.14470597,0.48866016,0.53387785
196.5,1011,0.14262734,0.061794132,0.03507192,0.03713797,0.048909876,0.094483584,0.06291438,0.05537093,0.09976176,0.34865808,0.9244961,0.42806536
197.0,995,0.08836026,0.03486919,0.03250475,0.052598886,0.28042814,0.90845776,0.5832805,0.31549668,0.20953384,0.19296555,0.39143527,0.25633353
197.5,1002,0.1793542,0.13541389,0.13444343,0.15990773,0.32597476,0.67669064,0.4506718,0.31153563,0.19614898,0.15792137,0.22328001,0.20404054
198.0,987,0.18514131,0.14048232,0.13772775,0.099118285,0.12653652,0.26766184,0.3644532,0.51268953,0.39404485,0.42026773,0.7724904,0.5137628
198.5,950,0.61956763,0.49362925,0.20283526,0.094953224,0.10467441,0.13839026,0.119864106,0.09694492,0.08382575,0.13485087,0.2986325,0.33594373
199.0,962,0.5985045,0.3347637,0.12366247,0.112661436,0.12635903,0.19487625,0.1779931,0.29341772,0.20370466,0.2137764,0.3847054,0.35808414
199.5,939,0.52511746,0.46941483,0.5650324,0.28622782,0.19808991,0.29099557,0.2494966,0.22276019,0.25078535,0.4945426,0.3053839,0.265514
200.0,972,0.12649436,0.21171732,0.98099935,0.369265,0.10841181,0.12859273,0.15322405,0.107005306,0.15245982,0.74703854,0.27271,0.10393283
200.5,938,0.350013,0.30338958,0.48409563,0.3284962,0.29743624,0.29158786,0.29520363,0.26128516,0.26944357,0.5853649,0.648597,0.44538507
201.0,899,0.76932526,0.49959055,0.21321306,0.0819686,0.15946303,0.1238636,0.08312529,0.19374321,0.2574728,0.4521322,0.31599915,0.21015145
201.5,977,0.25879228,0.23697032,0.28003564,0.24973212,0.23129232,0.25079107,0.2724622,0.4713372,0.30420965,0.3619221,0.97726846,0.5249647
202.0,922,0.12904386,0.12827325,0.18996842,0.13772511,0.12091157,0.17486519,0.20400153,0.49390277,0.25364578,0.2751488,0.9985157,0.44861963
202.5,883,0.29479125,0.2606159,0.25523663,0.20770587,0.28737542,0.742425,0.41380683,0.35484606,0.26546976,0.30297595,0.620505,0.3949892
203.0,856,0.6202634,0.51458764,0.44895527,0.405637,0.50686353,0.96849585,0.56209457,0.3434,0.36483628,0.41999742,0.5046268,0.5164223
203.5,895,0.6066034,0.46126187,0.45481935,0.42750347,0.39734533,0.41784889,0.33470348,0.3235497,0.3794029,0.39619482,0.5994406,0.57674634
204.0,886,0.87096894,0.520672,0.1783887,0.13355595,0.1663535,0.19751799,0.14646515,0.17207134,0.19447945,0.24873106,0.19316687,0.23823085
204.5,879,0.122403756,0.114131704,0.12951723,0.13021784,0.1253567,0.13697149,0.13950692,0.20456088,0.15104066,0.24374452,0.9771592,0.4144753
205.0,947,0.08006938,0.07921026,0.10966952,0.11184245,0.109961845,0.1241709,0.11513665,0.16073312,0.1405544,0.2648368,1.0,0.3777543
205.5,944,0.7287829,0.45655698,0.2753293,0.1865737,0.18691708,0.31756207,0.20253368,0.30618337,0.22875763,0.2173516,0.43380776,0.3940567
206.0,932,0.6389941,0.57452244,0.8363728,0.45064628,0.3597584,0.45461893,0.4068757,0.37064165,0.31178594,0.36479753,0.3933726,0.44543445
206.5,1011,0.47704425,0.5204667,0.7197513,0.4951992,0.46431106,0.66875035,0.52312905,0.38777995,0.39479354,0.45984837,0.52714235,0.48633212
207.0,1003,0.53456336,0.33795223,0.2323354,0.23694502,0.25292015,0.31438738,0.30641896,0.4660512,0.4176989,0.3838727,0.4825621,0.5005987
207.5,946,0.41001946,0.4530549,0.78930485,0.45627737,0.21117042,0.23650457,0.19375114,0.20130752,0.1885741,0.20156533,0.22015993,0.2529745
208.0,957,0.53141207,0.4504428,0.6228009,0.34072354,0.14941238,0.17406331,0.17406477,0.23483205,0.22028127,0.28336477,0.23586482,0.24650982
208.5,951,0.46542093,0.43932977,0.67933506,0.3999946,0.27771035,0.2997853,0.17499214,0.19412631,0.17792387,0.39323205,0.32523862,0.2844765
209.0,936,0.40402758,0.454595,0.87285846,0.5597925,0.24732462,0.27237022,0.22448304,0.20442206,0.23912807,0.47367895,0.38023305,0.3295031
209.5,855,0.4875643,0.51833785,0.60832196,0.41539127,0.35982,0.49988848,0.37863293,0.47438565,0.346456,0.38838932,0.39463797,0.36885795
210.0,900,0.41995442,0.3662301,0.44445902,0.27864292,0.33745432,0.62678415,0.3442998,0.36057666,0.24519597,0.31116566,0.4820727,0.3643638
210.5,860,0.69623834,0.52790326,0.24630453,0.15313378,0.14936362,0.17294526,0.14308007,0.1333471,0.11958661,0.2327914,0.48587862,0.4370862
211.0,908,0.55254763,0.30423072,0.10100119,0.095147476,0.101444244,0.1267894,0.14555989,0.31302282,0.20677781,0.28690964,0.5867165,0.4491711
211.5,837,0.39330643,0.31981,0.19728628,0.121717356,0.121962816,0.1746799,0.1140993,0.121325746,0.13178924,0.311126,0.92102426,0.5405052
212.0,900,0.43619657,0.3632365,0.3048533,0.24129677,0.24109769,0.32089525,0.23028564,0.19743629,0.20163916,0.40245658,0.88738173,0.55458874
212.5,840,0.3845497,0.5292631,0.73964316,0.3402101,0.17477365,0.19788165,0.17537989,0.12775476,0.16542919,0.3608909,0.7181741,0.4563594
213.0,804,0.5943576,0.40418535,0.22443981,0.19962119,0.26266062,0.24229908,0.19145848,0.20524816,0.24974029,0.46056876,0.59980124,0.41893905
213.5,824,0.7956552,0.5635476,0.27421045,0.17185281,0.1634263,0.181992,0.18596025,0.32105035,0.23029906,0.17724746,0.22482768,0.31093794
214.0,813,0.82702434,0.2974291,0.15652761,0.11079366,0.101716086,0.1316978,0.16341634,0.4256131,0.20761885,0.15070342,0.32642058,0.3314699
214.5,759,0.123835176,0.110674545,0.14502572,0.095557354,0.14014177,0.34232566,0.17128025,0.17714421,0.1579569,0.28780335,0.9965549,0.41699734
215.0,780,0.21421419,0.18470779,0.18670169,0.15905316,0.18244718,0.33895695,0.19234458,0.12518251,0.1277499,0.2612902,0.9989402,0.41773054
215.5,735,0.21104886,0.14975864,0.17988339,0.14424118,0.17013624,0.2254189,0.14156899,0.110108666,0.122429796,0.3110093,0.9646349,0.5064831
216.0,727,0.7007601,0.41971844,0.38625392,0.20605356,0.20801085,0.22740154,0.17176773,0.20527948,0.24376874,0.40999803,0.3358016,0.2484287
216.5,723,0.47846296,0.49811584,0.60400486,0.57644296,0.54791737,0.5878508,0.6021026,0.94787437,0.63102126,0.4884632,0.5687645,0.46030164
217.0,739,0.35580236,0.39092502,0.5759763,0.5317587,0.51850915,0.61876756,0.55303824,0.8072931,0.68316597,0.61233735,0.6613143,0.4426095
217.5,674,0.44942218,0.2676505,0.21193099,0.1787035,0.23362266,0.4704015,0.29712516,0.47370458,0.34702104,0.33820593,0.52260995,0.39870587
218.0,669,0.20671119,0.21801803,0.29184768,0.20261891,0.20821375,0.29270238,0.1863834,0.13776015,0.14893451,0.32391566,0.9509161,0.46313557
218.5,670,0.29085606,0.31894562,0.4134389,0.30634215,0.32310852,0.5365616,0.49704343,0.55459136,0.4440158,0.41863242,0.5170253,0.35236993
219.0,646,0.49161404,0.322922,0.20215513,0.20592389,0.2242161,0.27332476,0.2802788,0.4664036,0.4322811,0.3773046,0.47568002,0.42729706
219.5,535,0.47380063,0.48656383,0.76575893,0.4374624,0.2317742,0.2623386,0.22104962,0.25274268,0.22436501,0.2512282,0.30025008,0.3152898
220.0,531,0.5094406,0.4111749,0.6455335,0.41444203,0.26722887,0.19509573,0.17133805,0.23802361,0.23948112,0.28597897,0.2578761,0.2886944
220.5,458,0.43619183,0.4369239,0.7357817,0.37644097,0.14388381,0.19600786,0.14636804,0.1472686,0.16270755,0.3723463,0.35809624,0.3102576
221.0,421,0.4021718,0.43199933,0.8515931,0.53566986,0.2212728,0.23658307,0.19778895,0.18691808,0.21937488,0.43428728,0.34415412,0.3042835
221.5,328,0.493604,0.4919508,0.60277325,0.3884394,0.29029462,0.45152736,0.35900682,0.44036448,0.35586822,0.39037916,0.3974056,0.39022434
222.0,237,0.36894515,0.33200258,0.4285908,0.3643149,0.4621613,0.5053228,0.34156492,0.44920638,0.29755113,0.36945373,0.4380615,0.31909028
222.5,122,0.7162107,0.48220855,0.2700433,0.18719645,0.16720445,0.19120598,0.16200759,0.14785466,0.13099475,0.24162133,0.5411295,0.49406958
223.0,27,0.52805287,0.31099358,0.15798055,0.09260146,0.081082396,0.10163913,0.11158643,0.19977719,0.16362213,0.28605008,0.55484724,0.3927626
223.5,12,0.41396892,0.2570711,0.12583826,0.09643486,0.097203165,0.17227258,0.10900484,0.10477146,0.10477604,0.29638657,0.9715565,0.5772909
224.0,4,0.3108177,0.27706212,0.28283226,0.24771918,0.25687706,0.39239514,0.25413227,0.19682279,0.20888123,0.4595071,0.96024346,0.56822354
225.0,1,0.31189325,0.2880722,0.2833888,0.24518223,0.2480669,0.27284878,0.21370265,0.18769936,0.19608952,0.42369968,0.9935875,0.63681346
226.0,1,0.1294628,0.091886334,0.10767753,0.107511945,0.13563557,0.23747584,0.15880643,0.12991215,0.12909849,0.39594343,0.9957884,0.48612338
226.5,1,0.1290009,0.0825727,0.08880473,0.09996362,0.12261314,0.15570469,0.15084313,0.16688257,0.15731269,0.41377637,1.0,0.53881454
