Second,Count,-421.4975,68.292206,44.206913,25.713804,16.586472,10.194122,4.1890516,1.0424619,0.77167004,1.1168784,0.8163391,-0.8502408,-3.7725198
0.0,190,-374.70462,124.991974,81.19286,46.037968,27.274212,16.769032,9.219204,3.4457672,-0.94051594,-3.447096,-3.4072242,-2.4658606,-3.8874207
0.5,370,-371.40115,127.70866,80.64361,44.06173,25.266949,14.866296,7.2921276,1.9098423,-0.76591706,-1.1618217,-0.6840294,-0.8375729,-3.4062614
1.0,364,-376.00894,123.00354,80.078094,47.0533,28.869255,16.606712,7.625206,2.6406112,0.8062254,0.8897523,1.4878275,0.23644103,-4.646251
1.5,361,-366.90204,132.66852,81.998375,41.57606,20.288532,8.755632,1.7846771,-1.3429129,-1.8756405,-0.9135484,0.59222406,0.77815896,-2.0443506
2.0,361,-375.86942,122.97766,78.84248,43.571648,23.609901,11.232221,3.7757738,1.3803838,1.7831804,2.195412,1.6587716,-0.30141947,-4.852032
2.5,365,-363.42456,137.55542,84.95166,40.74567,18.095533,8.43537,3.2036712,0.06170996,-1.4235575,-0.83658195,1.7958113,3.2718499,0.055922177
3.0,398,-359.201,140.58612,82.830795,36.993183,17.183725,11.778539,8.916736,4.902663,0.44654834,-1.8102089,-0.5607179,0.8096686,-2.1365998
3.5,427,-363.1174,135.35504,78.76841,35.914482,20.329765,16.515604,10.685468,3.0846028,-1.480849,-1.7509617,0.03311258,0.46860924,-2.2415206
4.0,440,-341.16376,154.47389,74.47829,19.134394,9.393006,17.308167,14.497812,0.78199023,-8.799723,-7.0703993,-0.2779322,2.2107058,-1.49829
4.5,452,-352.20218,139.98364,64.85259,18.339851,15.732963,23.421703,15.91423,0.5487003,-5.9392896,-1.3289115,3.829114,1.1246508,-6.660447
5.0,475,-330.46725,160.61835,63.70316,1.8182915,0.6937456,19.477633,18.391903,1.1214764,-8.071214,-1.8264661,6.709839,5.7598176,-1.6887763
5.5,522,-332.73938,157.44786,61.08662,0.53128016,1.272649,22.610632,23.997545,6.6726656,-5.705456,-2.7081022,4.8811636,3.7315152,-4.9606566
6.0,582,-325.53177,162.3056,57.41099,-5.571193,-3.6222994,17.455309,19.092266,5.3034997,-3.2627032,-0.300278,4.67425,2.4059134,-5.5532184
6.5,603,-312.81116,172.8585,53.52544,-18.015085,-15.315323,11.96383,20.685427,8.648973,-5.802582,-7.1759176,2.578934,6.4091887,-2.6684363
7.0,637,-315.19482,168.2937,50.425743,-13.450343,-4.6478033,19.725769,20.750324,7.4469895,0.9815596,4.558536,7.548264,3.40935,-3.9922543
7.5,725,-296.1937,180.17842,42.487473,-19.775404,-4.62173,16.285963,18.615988,13.175946,3.3364244,-2.5792768,4.8775425,11.432445,1.0732148
8.0,1096,-289.94836,175.58739,29.43327,-17.940592,4.35557,18.58357,16.992203,13.217994,6.289757,0.49343982,5.329115,8.682702,-4.006703
8.5,1214,-259.0246,169.70457,-2.077824,0.08141447,20.052876,0.5004206,9.768489,22.551756,6.984811,-4.761852,8.955981,16.944546,-0.73247343
9.0,1223,-238.01369,135.2009,-15.387339,28.185476,2.75597,-1.1703172,13.229768,26.345222,2.6096375,-16.725306,9.786981,19.74757,2.777658
9.5,1186,-266.7978,143.39107,18.506073,25.957026,-13.557565,-5.155194,11.802587,13.387224,7.6342754,-5.7177196,8.540567,13.423965,-2.2030244
10.0,1148,-131.32349,107.33678,-33.529747,48.60695,-4.8172617,27.247107,-26.946638,15.819603,1.5977093,-9.012595,8.628891,-23.964886,-20.482124
10.5,1120,-139.0404,148.12831,-31.986082,23.743425,-35.27987,1.9054508,1.4055954,18.888098,0.53965753,-5.1775703,3.3411279,-11.446876,1.5626322
11.0,1085,-154.58578,146.73727,-7.4711866,24.326042,-31.563946,5.707785,-1.2738503,29.260748,-1.1280283,-7.3088236,8.169654,-4.219428,-9.260891
11.5,1048,-148.71251,128.68117,-36.64194,28.13486,-30.612396,2.9309494,4.411682,20.359987,-7.0149465,-0.0054242555,7.040485,-9.419724,-1.5831155
12.0,1016,-180.9933,172.25246,-11.10554,2.7012908,-27.04398,-2.1779737,7.5004463,21.621191,4.4766135,1.6974291,8.248714,-1.5503079,-3.56818
12.5,972,-142.74194,134.15991,-11.622324,34.606117,-31.39452,13.166495,-19.450117,25.086948,-4.26108,-12.515846,10.022883,-14.714526,-6.764862
13.0,1070,-149.6023,134.5105,6.7114477,28.303648,-47.48441,12.774813,-13.815827,28.577862,-0.99626136,-2.2157373,12.305463,-8.234515,-3.9516754
13.5,1158,-122.897026,119.16755,6.4151525,46.19081,-56.491016,21.8889,-0.3182852,27.486002,-12.228751,-2.0325127,13.598145,-5.251925,-11.274551
14.0,1376,-146.44395,155.20067,17.73126,33.085167,-47.02644,10.460001,-9.310415,18.496113,-7.3677864,-3.8592594,18.252861,-0.49761584,-1.2958224
14.5,1597,-213.08578,183.73825,19.56887,1.1416321,-30.739368,-3.955435,3.9112532,11.520676,-3.8592756,-2.5822356,15.362212,-1.2186022,-3.2523463
15.0,1808,-113.49593,106.44397,-3.8440356,32.592197,-34.219723,19.766462,-14.459383,5.9711084,-17.40597,-1.6033318,8.901266,-7.270177,-16.253387
15.5,1921,-126.70482,129.29466,-24.909588,30.731497,-28.725895,24.025599,-6.8241286,1.4955901,-11.021175,-2.740815,21.3003,-10.48499,-15.764337
16.0,2258,-142.2482,149.85757,-29.721617,16.067688,-4.5308514,19.063618,-5.282916,10.357646,-14.481519,0.13731726,15.96744,-14.647523,-17.102148
16.5,2395,-153.99176,157.51051,-34.468113,1.1983975,-22.581537,2.1445718,-4.950633,14.37359,-8.832177,-3.5509026,17.309052,-3.0233686,-0.5354284
17.0,2575,-197.51038,183.0518,-11.003726,-7.4664464,-9.258749,3.9696095,4.5393724,12.674772,-0.22275256,-0.6420185,11.792193,4.1540055,-1.5298526
17.5,2804,-152.11516,152.91986,-36.296886,23.339642,-22.920502,-4.5200133,-3.87222,24.991222,4.624917,-10.535035,18.866774,-6.7071834,-1.8987191
18.0,3014,-121.60066,134.29633,-38.199814,33.221596,-8.731934,9.633546,-22.374071,19.85839,-5.857086,1.3709426,15.639148,-14.738505,-10.852553
18.5,3194,-113.68601,124.85295,-23.330713,31.540247,-26.605455,18.37031,-18.421684,14.149015,-6.29965,2.9929702,7.6566105,-7.0215254,-6.6639605
19.0,3378,-116.65342,133.99318,-18.696852,25.931017,-20.195614,17.393993,-17.140465,23.401346,-5.5090456,2.1478074,11.230483,-1.2992281,-8.444879
19.5,3767,-155.32536,147.02066,-4.81371,21.21982,-33.660305,10.45908,-11.870746,16.57946,-9.786466,-15.809931,14.960923,4.7421236,-1.6695035
20.0,4016,-213.27916,155.3265,13.624682,11.173824,-22.144768,8.515569,-7.3805485,10.973892,-9.724613,-9.434395,16.488234,-1.4496281,-0.55899143
20.5,4217,-142.32426,149.50067,-25.298103,9.425449,-17.039137,13.504238,-13.798296,23.937134,-10.939566,-7.377056,17.865337,-10.892995,-2.5892487
21.0,4429,-146.6007,140.3246,-12.031668,23.34916,-40.814003,4.8803997,-5.6200404,32.677925,-1.3682255,-8.514713,16.783245,-7.5623155,0.5810757
21.5,4523,-174.76779,151.74217,-25.980804,20.254644,-20.47954,-3.5980318,-3.5241764,25.196148,4.130073,-8.245466,22.004875,-15.7328615,-14.0263605
22.0,4712,-136.39793,132.92075,-30.168154,35.00623,-1.0136758,10.608949,-33.640102,22.379414,5.4969707,1.2069354,19.281479,-26.809685,-10.36918
22.5,4725,-162.69946,164.84262,-25.324095,12.091181,-11.657439,1.7150162,-10.946397,24.87417,-0.28397563,-19.358528,10.823605,-6.34163,-2.233696
23.0,4698,-139.11035,154.048,-24.454391,27.070486,-25.534668,-2.2682452,1.4913079,39.002113,-13.550259,-17.909937,13.003056,-13.330301,-5.8931646
23.5,4721,-131.08362,151.00336,-27.808775,28.277407,-16.177317,4.3112173,1.6581193,40.940315,-2.3466308,-16.38236,18.603405,-4.9740486,-16.586761
24.0,4825,-173.88464,183.47572,-12.886696,2.3018954,-18.101944,-1.0247967,9.782257,30.726034,4.1923814,-9.412385,13.6898775,-0.6538718,-10.906521
24.5,4968,-182.39569,172.891,-21.09374,4.8271894,-22.546766,-9.995421,15.687052,22.521994,-1.4797597,-1.626414,6.9836836,-5.479706,-7.1209526
25.0,5039,-116.179985,138.22775,-40.59869,9.618545,-25.755447,20.028898,-7.659326,24.700607,-0.16078177,-11.534089,7.04243,-6.722366,-4.626277
25.5,4920,-178.34267,172.15038,-21.949896,-6.3702846,-13.7642355,16.41291,11.124186,17.438812,0.9908011,-10.027434,4.4947386,-7.63319,-8.588799
26.0,4953,-127.76164,131.58818,-29.037289,25.829332,-10.343363,19.746447,-7.386764,23.23122,-6.811544,-5.457612,6.278646,-10.294433,-13.405695
26.5,5053,-127.69348,142.96947,-32.46376,30.817913,-37.977673,-7.1588845,-0.25187203,19.036642,-5.12566,-7.5769143,13.094168,0.62543774,-5.348588
27.0,4816,-100.575935,111.29229,-23.99313,40.50705,-40.51422,32.67869,-24.007317,24.550861,-3.8188665,-3.692638,3.8414428,-8.188762,-0.4453156
27.5,5131,-104.08447,115.06696,-27.974678,37.21527,-44.114395,27.087954,-8.927646,21.487396,-4.315711,-2.3057137,2.7530234,1.8418123,-7.509503
28.0,5289,-108.57294,121.61436,-19.244316,32.138744,-40.260174,26.332857,-15.536894,20.333477,-3.5674686,-1.2084206,6.267953,-5.2855053,-12.388867
28.5,5309,-84.41505,122.58654,-32.870617,29.462788,-26.204329,24.668358,-24.726654,14.394255,-4.3944488,5.322218,9.824407,-1.7485533,-10.663029
29.0,5033,-108.55362,127.99372,-13.205253,37.80536,-26.242136,22.330597,-5.6715794,26.972082,0.039389588,8.572016,12.8716,7.004567,0.6486755
29.5,4767,-109.33544,140.30812,-16.760033,34.786526,-23.857533,8.562436,10.8970995,30.07603,9.274849,6.644713,14.658378,15.778692,7.0180073
30.0,5000,-79.16387,115.2609,-23.255758,49.57343,-12.307136,16.683855,6.283295,15.912708,11.565894,10.649235,2.6165884,13.658335,6.1819706
30.5,5232,-139.20686,118.90067,1.2514814,33.449047,-24.531693,24.010046,15.170439,26.551468,26.062744,10.366783,5.496021,17.190739,2.8497462
31.0,5305,-110.628624,139.01617,-37.406666,24.18925,-2.1488397,26.442131,6.1929584,12.0098915,14.977466,12.777033,6.6808357,13.132441,8.794818
31.5,5126,-105.543915,135.7597,-12.70175,34.454445,-19.12732,33.39562,7.0190926,9.499208,6.1656685,13.174901,10.807145,10.397289,0.51293766
32.0,5165,-96.650955,121.918465,-16.327423,47.34587,1.1236212,24.05946,1.3412977,24.312653,-0.7077927,6.664929,12.792746,2.7004712,3.1779714
32.5,4938,-88.600975,106.78653,4.9925137,30.51726,-8.708904,26.36581,11.846682,24.569695,-2.3916123,12.766564,10.42765,8.047014,2.3222466
33.0,4508,-101.33069,107.6994,10.09108,39.75056,-13.155294,33.88397,19.208626,27.459553,-6.006574,12.573246,15.504749,4.638594,-2.5477087
33.5,4133,-98.11209,123.11991,-7.2077622,53.172443,-8.872682,22.710213,5.1881876,33.670956,-3.093718,-1.5239978,13.423857,9.991782,-3.3444912
34.0,4160,-119.222984,130.89127,-1.0953399,26.440453,-9.585059,20.978924,15.1090765,32.059265,-5.889545,12.150496,16.401295,11.967829,1.2592169
34.5,4010,-121.1848,154.30302,-30.812065,23.679546,-13.985581,14.321672,18.080584,25.257364,16.640686,10.129705,5.0004654,10.45383,-2.075221
35.0,3882,-70.67561,116.78115,-28.780296,44.63792,-21.44874,23.145674,1.6660898,14.665775,18.866753,11.384522,-0.9067007,13.649091,-1.3096389
35.5,3773,-120.10415,123.158554,-2.5976586,31.837101,-20.902845,28.026413,12.150304,24.320389,21.209803,11.868876,5.557376,15.257606,1.0603166
36.0,3584,-118.30718,149.07768,-31.918602,30.754087,-1.3026774,21.858955,-2.766702,13.074866,11.9418335,16.549372,11.019754,12.013388,10.995207
36.5,3519,-122.444916,151.99364,-10.909929,29.368599,-15.956336,17.405321,21.702765,20.637363,0.47261128,12.946207,14.1777,13.91873,6.6865683
37.0,3623,-95.21587,121.183846,-11.560706,42.947716,7.0763874,25.56379,-0.16846603,31.483719,-3.0663767,9.93337,14.852242,4.842622,2.6954477
37.5,3296,-113.86937,155.41258,-27.198694,24.213732,0.44632605,17.229023,14.242136,24.305729,-4.7796664,19.091194,20.613312,8.305493,10.066415
38.0,3524,-80.454544,124.53393,-30.326796,44.20832,20.951336,16.748125,-9.033101,27.599152,-2.4196987,16.756075,10.292243,-2.1888363,4.516304
38.5,3992,-90.57949,135.2945,-32.96284,43.84581,-0.58580184,18.434046,2.8980498,30.390554,-1.1056336,9.993249,10.376129,6.8362184,1.2895615
39.0,4026,-68.86544,109.62312,-30.720158,37.88487,-19.606049,25.760893,0.71873873,27.162428,-2.7981806,12.656024,9.638296,18.05724,2.4717984
39.5,4087,-90.41069,143.37605,-31.2664,43.112457,-15.005891,7.820737,6.5107117,18.668583,3.9554288,5.8588,11.388005,14.314287,6.7924395
40.0,4148,-65.806465,101.536804,-21.962837,49.017426,-13.078307,22.627943,3.3016124,7.1375556,8.745962,13.379315,5.403981,10.827269,0.48471823
40.5,4545,-94.41688,120.30731,-29.84825,44.048283,-19.439384,29.513536,8.084402,17.548117,7.839134,16.751822,6.1022162,9.3723135,2.44953
41.0,4798,-68.90709,101.24426,-32.504723,43.572227,-11.426213,31.297728,-4.836862,12.008464,4.6559834,16.659819,3.7137625,10.784412,0.09718452
41.5,4886,-81.91415,127.11214,-11.341433,47.547516,-25.472843,30.66601,13.894862,17.594418,0.008790637,9.686837,10.870343,7.0219374,-2.4416492
42.0,5215,-74.13886,96.6442,-10.857064,49.44663,-1.4294139,24.731281,-0.88120645,26.13505,-2.3820171,12.122809,3.4483738,6.1549,2.281697
42.5,5310,-75.499756,109.21129,-8.917174,41.77694,-29.358501,29.272713,15.47563,25.49203,-6.0894184,13.248152,9.709929,11.136828,-6.469965
43.0,5383,-80.054146,97.64585,-4.1491833,51.62256,-11.055752,27.529867,9.549829,30.5843,2.6994808,10.614114,12.960697,6.544265,-2.1017847
43.5,5128,-51.84204,95.87709,-10.039466,49.774242,-22.01155,30.618628,6.163086,26.623888,-8.510466,7.641386,5.672586,16.453655,-3.5419939
44.0,4825,-97.276596,115.45991,-4.683476,40.780556,-30.579742,28.64066,3.9350882,32.148045,0.60411566,14.405578,9.457493,15.697269,-0.45830062
44.5,4718,-76.19764,120.72101,-28.418427,39.50727,-24.726568,22.752884,2.2679007,28.000587,10.512358,18.634245,-4.0539317,11.776757,-4.149483
45.0,4424,-52.95928,82.02708,-4.03549,39.77847,-30.882149,31.021965,2.4634194,19.082815,12.8897085,20.120176,-3.1139076,14.896969,-8.840548
45.5,4353,-82.75156,98.1708,-7.7504244,30.018103,-9.113379,21.389824,7.6864476,17.545853,15.565462,20.603033,5.768963,13.690156,-2.410372
46.0,4406,-79.28639,89.32343,-12.330165,28.220158,-22.06022,20.397724,4.4505324,12.737877,1.853945,12.663025,10.303629,16.832378,6.4273973
46.5,4471,-167.60304,107.62559,-40.200424,3.5825465,-32.752113,-12.39569,2.5818465,13.173829,-15.751253,-3.3148556,3.1786876,-5.800411,-5.5821123
47.0,4681,-145.98094,52.467342,-43.89465,5.4407816,-19.826263,-4.6045394,-19.738035,1.8194628,-24.056822,-12.477821,-5.31114,-16.34268,-13.638562
47.5,4764,-155.72205,54.659748,-69.72415,-12.232754,-21.120537,-23.067957,-17.613108,-6.9376335,-29.29985,-3.8718255,-6.819574,-18.512564,-6.971497
48.0,4765,-132.08116,35.1256,-72.51032,-9.020077,-20.722506,-20.960934,-36.20898,-6.4417334,-20.741375,-17.116127,-9.211996,-21.559576,-20.04694
48.5,4545,-95.78332,58.145138,-43.600773,9.595177,-27.598454,-4.8398724,-0.16351828,-1.6371329,-10.414821,-1.4183294,-0.6469233,1.3718812,-13.373186
49.0,4665,-44.887993,86.361984,-22.029823,45.302616,-13.755976,29.262087,12.448137,12.056698,8.714279,25.857695,11.871464,12.68859,-8.624991
49.5,5037,-75.78337,99.67325,-23.940155,53.145313,-22.748499,32.483692,8.889479,13.92098,9.226476,34.578583,16.22284,14.014329,-7.8131194
50.0,4200,-55.574413,82.70588,-19.971954,64.14392,-24.79195,32.318142,14.792786,14.627298,-0.8340754,40.349678,14.134024,15.541911,-9.734032
50.5,3640,-51.45974,104.99515,-34.41186,55.57865,-22.541111,31.308485,4.536049,9.78854,8.389147,28.082716,11.053241,6.3292575,-10.662263
51.0,3215,-48.558876,126.32008,-37.571075,47.903877,-32.222054,12.541633,4.537776,18.353914,-2.6322057,12.900391,3.7523897,12.600804,1.0552523
51.5,3215,-55.990616,104.89427,-30.413765,51.69443,-22.94153,29.912918,8.955743,14.400092,7.07014,31.409552,13.075166,13.588981,-8.377806
52.0,3072,-81.79996,107.57896,-26.937092,56.219154,-22.996298,32.7976,10.67478,12.798296,8.280622,35.05779,17.747845,13.4277525,-7.874665
52.5,3534,-48.238796,99.41618,-35.33618,56.08969,-20.753708,31.044306,11.848549,17.917181,6.168784,33.043594,17.144964,19.546103,-10.278332
53.0,3949,-46.08879,113.286804,-36.20503,53.088573,-18.056255,31.724573,6.510661,15.459421,10.274151,25.212166,10.057102,10.710883,-8.196444
53.5,3925,-61.747265,125.97642,-37.012314,49.838074,-26.002806,19.810703,9.692971,19.492168,-0.04715607,15.509989,8.169214,13.12827,2.3293564
54.0,3372,-48.470444,100.779854,-30.206036,49.866386,-21.891483,35.07119,7.6662064,12.56713,5.9959617,32.88366,9.595686,9.28739,-12.784532
54.5,3572,-65.11402,104.131645,-27.80148,54.21069,-23.465487,31.120693,12.023713,14.656854,5.4218125,31.694683,13.586955,13.810761,-9.815756
55.0,4096,-59.463367,86.38253,-22.758242,60.585667,-28.660437,29.929512,11.674234,13.733855,1.2551306,41.833714,13.851995,16.40174,-8.45101
55.5,4381,-56.12952,105.385414,-32.148342,51.44734,-20.90714,28.926422,7.0375237,13.560335,7.780384,27.16112,10.854502,5.9975386,-9.385691
56.0,4508,-57.80326,118.060715,-27.4618,44.50634,-27.8593,12.474,9.951113,18.878883,-0.6477785,12.7022705,5.432255,12.252262,1.1088781
56.5,4469,-41.903214,95.62456,-29.540264,44.652523,-18.47176,27.125534,11.341865,16.874243,18.552998,31.562483,13.038492,9.233075,-11.522778
57.0,5059,-39.861603,90.9212,-20.594946,41.613018,-14.459155,24.19157,15.34461,14.881241,12.486892,29.604958,14.356033,11.133069,-9.554991
57.5,4948,-14.543466,76.938995,-18.477148,40.368793,-25.305473,24.018316,3.3074856,11.098852,12.65173,26.039951,13.540428,11.677813,-9.306638
58.0,5123,-11.111635,86.51978,-16.727098,40.565605,-12.597259,20.83634,8.041116,10.963288,12.903166,17.40001,6.752965,9.582464,-4.2221646
58.5,4895,-30.170595,85.16219,-16.968912,45.181526,-21.163574,16.255068,11.865376,17.187204,11.116322,13.243728,5.2956657,12.602216,0.87946594
59.0,4899,-37.3772,96.655594,-24.96964,41.179432,-21.81764,27.16673,7.0121827,16.326864,17.146177,29.431072,11.397414,5.9486055,-9.634032
59.5,4469,-38.06645,94.08501,-22.624748,48.893505,-27.291517,25.386429,10.314038,19.244417,2.4919424,28.765583,10.833632,17.863892,-3.6604366
60.0,5462,-35.150665,102.58699,-28.366758,53.370384,-30.528366,28.81786,7.6735682,13.928437,3.0244143,34.135025,7.69449,8.774698,-13.717889
60.5,5390,-58.886047,114.661674,-37.726353,50.93602,-25.510614,22.853209,3.8005984,16.039497,5.8244767,22.590628,10.323696,8.609155,-4.298396
61.0,5479,-65.632675,113.06324,-34.887367,55.36662,-28.248302,20.01824,10.268889,17.229616,2.1635785,18.500874,9.189019,15.854812,-0.18970557
61.5,5068,-62.001247,103.40409,-36.368603,54.937183,-19.216066,33.787563,7.5255,14.828368,14.96143,31.654127,15.205339,9.4479475,-9.491576
62.0,4816,-53.615013,106.49395,-30.369762,55.194546,-24.024122,28.027327,9.091788,14.343632,1.2280005,31.657423,13.676657,19.711895,-5.8591795
62.5,4368,-37.584778,102.229744,-37.143116,53.266983,-18.491594,30.03343,5.1650805,17.416883,8.450167,30.734978,11.7872715,15.896577,-11.702439
63.0,4804,-54.305527,127.60372,-38.225742,50.449104,-20.188015,27.252312,6.101029,19.602854,5.223416,20.290497,7.0391994,8.775223,-2.0892622
63.5,4512,-56.906483,116.854744,-34.798374,50.180782,-28.12868,20.439524,10.222863,19.197922,5.2497387,22.15318,9.071328,15.224371,-2.358451
64.0,5067,-47.18788,109.89108,-34.97931,49.70722,-24.957136,31.578281,7.968676,17.26053,15.168064,30.26315,9.288161,5.8706975,-11.711734
64.5,5572,-51.380356,107.24961,-24.917992,51.3342,-32.5834,24.023006,12.563236,22.759815,2.6414008,31.104467,9.615887,20.250902,-4.262643
65.0,5313,-37.7855,94.215256,-27.662813,50.056747,-29.155798,29.664736,10.180611,15.870731,5.047643,38.857227,10.220563,9.586518,-13.693735
65.5,5046,-50.657223,120.65857,-41.891582,42.18209,-28.314878,18.938755,0.9540739,15.704528,-0.63630563,18.820017,5.326888,7.7670684,-4.103991
66.0,6163,-58.340946,118.68022,-27.258854,55.63931,-24.73161,21.462507,11.606609,22.912096,6.9716406,21.940742,9.281909,15.3926935,-3.4119606
66.5,5779,-54.415257,107.77271,-31.92871,55.24011,-20.149195,32.66176,7.2005706,17.286417,14.218726,31.90833,12.384071,8.839493,-11.734751
67.0,5563,-44.193203,92.67015,-26.43236,54.039143,-30.453516,34.200146,5.408248,20.829395,4.7946396,33.125305,12.718377,18.381771,-6.6991343
67.5,5435,-20.423923,92.87324,-34.97903,51.22961,-28.721884,34.236656,-1.2339404,21.52073,13.205485,32.46729,8.146066,10.674596,-10.587444
68.0,5332,-33.781696,114.88669,-35.437973,51.100143,-29.670164,28.074642,-5.876462,20.679491,5.0077195,17.384468,2.1881342,11.633679,-2.286015
68.5,5283,-181.17946,145.39778,-17.449429,32.711327,5.9765334,16.975044,2.2957504,19.113173,13.272787,5.2320385,7.286739,2.641064,0.5708959
69.0,4971,-86.97561,99.55322,-35.636368,46.524105,-10.470735,31.992546,-1.9412628,14.173041,-1.028572,11.311639,-5.8741393,-13.836801,-9.670302
69.5,4774,-147.9515,116.52021,-21.633259,45.551342,-13.083309,44.73851,6.7936254,8.661282,-7.4325705,-4.8607907,-1.8870268,-12.950546,-3.2421992
70.0,4749,-134.99034,112.669,-29.95442,48.087532,-3.832736,33.353687,-3.0288012,1.9548945,-3.7119975,5.2570963,0.66658556,-15.868859,-5.192419
70.5,4324,-140.61661,118.62952,-41.466785,35.503067,-19.400364,15.066238,-6.6625686,9.336412,5.183736,6.252366,10.730953,-5.567367,-9.284968
71.0,4315,-194.1378,152.70253,-14.224411,21.824781,-3.551058,15.504398,5.201279,13.318644,8.421933,4.5184293,8.025973,-7.042209,-4.7076993
71.5,4187,-98.73007,110.001976,-43.135727,53.970657,-19.375437,34.259457,-2.8218594,10.569585,-1.9865311,-2.1695042,10.920262,-7.004022,-1.7651058
72.0,4079,-137.91272,138.42915,-34.903114,28.274544,-12.533196,15.03498,4.484912,18.855516,-2.6616867,-5.844078,10.678594,-11.028989,-3.3796678
72.5,3578,-95.574844,102.84389,-39.959778,56.454845,-6.6510463,26.027273,-4.1584473,18.124668,-5.191837,5.5447884,7.565497,-8.547661,-3.4556856
73.0,3314,-138.17728,140.8581,-16.82943,40.85282,-11.535307,13.698141,0.6173807,29.046492,2.0038843,4.88093,6.129628,-6.7312284,-1.4902358
73.5,3481,-193.65201,150.95758,-15.341726,24.53072,15.553129,5.7748065,3.0873094,16.985258,3.5890503,2.3315551,2.0281863,-12.467248,-1.7514182
74.0,3537,-100.6488,107.78588,-49.4157,47.88587,-1.5621413,29.600311,-7.6115346,10.200452,-7.9073215,9.700257,-5.437731,-18.325626,-11.199409
74.5,3420,-144.35191,155.80525,-36.76172,11.193322,-9.220384,16.676851,-5.546394,6.7412024,-5.326095,5.017116,9.095497,-8.612534,-5.162812
75.0,3330,-77.71615,99.88105,-34.513508,28.97371,-24.1048,25.951183,3.6089864,18.226276,-4.127339,12.50524,0.26228216,-7.013387,-3.5969477
75.5,3340,-95.87628,120.576546,-41.798523,1.870935,-25.852777,19.577274,-11.591421,24.93436,-4.695618,11.987406,10.746515,-7.9520297,-1.094135
76.0,3242,-91.87157,112.26054,-34.93749,21.088032,-21.639437,34.599907,-27.46853,12.853089,-5.00562,6.2411065,11.174762,-4.0295916,-0.65042037
76.5,3169,-101.79604,101.61722,-31.079638,43.93121,-19.275494,39.038555,-13.999511,19.835188,-18.386202,6.0934567,8.300988,-5.409392,-8.049147
77.0,3028,-126.4265,121.76537,-17.342766,35.415924,-29.500656,27.168549,1.7768768,30.410528,-19.486893,-2.4955657,14.307019,-4.153865,-10.827752
77.5,2990,-91.61147,111.774,-31.408794,50.445797,-19.81985,30.888252,-16.24683,10.362801,-13.278875,3.0523355,5.721893,-9.253469,2.3497603
78.0,3098,-94.61602,140.35568,-17.806694,40.486168,-27.518543,16.20885,-3.6944807,29.864227,-6.5137024,-0.4799633,9.915695,7.1341085,6.2083826
78.5,3234,-95.32408,140.7412,-17.17604,45.72144,-21.884802,23.62111,-5.610504,14.6342535,-2.1301262,8.603102,15.19025,8.266864,12.1365385
79.0,3100,-140.74869,149.91866,-21.769468,54.03392,0.5480136,24.372784,6.712622,17.759329,-0.64666367,4.6302485,19.027739,-0.68825346,14.084104
79.5,2957,-88.62543,131.5758,-18.465158,36.677578,-24.998194,35.0213,3.9768867,41.111588,-15.3005085,14.050916,19.135906,3.855117,6.5633807
80.0,2952,-100.58041,130.18379,-35.189682,29.793987,-16.646193,29.030378,7.649452,35.42018,-1.0472046,19.966808,11.827438,3.8060222,15.909195
80.5,2969,-125.73101,164.60565,-25.080658,22.796051,-17.867805,11.72174,11.283615,38.06933,-1.4707576,1.828484,20.25645,-4.30622,2.8008718
81.0,3025,-89.705536,145.6052,-30.672281,43.27734,-10.556617,17.798101,3.5499835,29.30896,-6.980148,9.574551,16.841314,-9.041414,-0.23197593
81.5,2850,-104.06424,127.052925,-20.478567,58.495544,-0.67043555,31.462252,-7.7112727,31.726538,-8.132539,13.540964,9.734431,-12.1073265,10.221971
82.0,2911,-117.78102,145.14003,-11.152623,42.71293,-5.1684227,36.95406,1.487147,32.863594,-12.020969,1.5344548,15.398361,-4.917517,9.826096
82.5,2882,-104.13105,160.99913,-27.203583,42.519215,-8.34657,21.47242,14.008466,23.20868,10.566632,8.569509,7.41981,-5.1530275,4.5080366
83.0,2841,-185.30933,170.21877,-0.7761195,32.157745,3.4443097,19.282108,20.96108,24.120136,6.1398635,5.453432,18.549347,-2.5677154,1.6671749
83.5,2855,-136.66138,148.90134,-29.631413,37.351486,-1.7585256,21.365679,21.634584,17.041334,5.90335,13.939651,11.251362,3.18042,5.974817
84.0,2828,-111.21696,139.99501,-34.13882,23.168566,-12.518578,32.62262,19.06156,32.674946,-9.466398,23.793295,5.652675,1.2068998,9.738244
84.5,2762,-124.48954,157.4486,-17.0197,33.257404,-21.216434,30.780691,24.24285,29.201609,1.1048768,3.822177,19.699389,-1.0979749,-1.3859345
85.0,2759,-114.88095,134.71713,-44.092213,42.414146,-7.780843,26.040615,11.477179,16.128613,6.9145207,16.674063,7.659831,-3.964772,5.8915534
85.5,2802,-108.04683,133.83165,-28.957972,44.96687,-26.3367,17.324642,15.551313,35.344532,-8.460782,6.2499633,24.841667,8.959198,4.5678086
86.0,2735,-110.00061,107.905525,-54.949745,27.047823,-29.440191,15.403276,-6.68069,17.284172,-7.015487,1.7821286,9.045722,-5.9433517,1.6911039
86.5,2612,-135.23518,106.02815,-72.85832,15.049082,-41.067726,-12.164396,-9.763873,16.508095,-11.910238,-6.9903216,-1.7936561,-15.846747,-10.264574
87.0,2610,-100.459145,115.824615,-69.60742,16.777882,-44.317467,-8.32358,-20.350607,2.7681437,-20.919874,-16.657185,-6.3112507,-16.140684,-17.747744
87.5,2501,-101.111824,104.75059,-74.91835,0.48427942,-46.33483,-14.387954,-31.27838,-4.620055,-25.682493,-4.072663,-0.30768797,-8.499813,-10.979368
88.0,2387,-107.41553,138.83194,-32.71366,32.562283,-16.789486,10.090078,7.450737,21.880096,11.432418,10.51481,9.687418,9.949714,7.078057
88.5,2277,-86.91078,141.66313,-38.577137,30.246607,-14.014392,12.279015,7.7043967,15.422051,14.482942,18.427784,9.699001,12.017834,9.106977
89.0,2291,-59.855724,104.785225,-25.71735,44.875248,-21.09068,20.747808,1.567668,12.24412,16.606754,13.016863,2.2731283,16.288157,2.218885
89.5,2146,-107.97844,130.76805,-34.021404,24.601486,-4.3841343,24.545572,8.337172,13.826511,21.68808,15.214789,5.49912,11.550607,3.6051846
90.0,2046,-102.17557,128.86142,-52.85075,24.762096,-6.5871305,20.347075,1.4776211,9.480985,15.731446,17.608673,5.2630653,11.686372,7.533125
90.5,2066,-101.79473,142.95851,-16.33657,28.250162,-10.965098,32.14551,3.6785684,15.222554,8.036265,12.387809,9.690087,5.472957,1.0594039
91.0,1896,-69.71164,106.08386,-28.225527,46.48573,4.1231446,27.170897,-3.8422525,15.866015,5.5607586,15.089759,8.167526,0.61377513,4.267804
91.5,2196,-82.44437,113.58843,-5.0369196,27.072731,-9.302075,28.328417,12.478202,23.250374,-2.054144,14.953604,9.497721,6.075114,1.6211505
92.0,2222,-73.85,102.240265,-15.520883,43.504505,1.1396583,34.124474,1.1496668,19.259111,2.332296,15.540557,9.518595,2.1398492,0.37369013
92.5,2567,-85.487434,126.110916,-20.997158,39.089348,-4.8573284,27.346172,5.1099,21.737888,-0.3147841,8.827715,5.109367,9.1153145,0.2837752
93.0,2409,-120.96001,143.17564,-21.856407,17.611292,-4.125671,15.480189,4.559084,30.314203,5.5214477,16.187431,15.440241,9.70887,4.789705
93.5,2564,-88.17622,136.52173,-51.894127,30.64645,-10.491204,15.669611,9.845107,14.907569,19.239523,18.814655,3.1842136,8.974224,3.7506113
94.0,2459,-68.2112,103.87825,-22.204851,39.255066,-26.803425,28.360603,0.9160519,12.669736,21.376415,17.471382,4.07242,18.674877,-1.4443413
94.5,2757,-95.53872,126.83936,-36.527714,28.120872,-5.447713,26.16408,0.621227,12.774654,20.25105,19.870378,8.784148,11.194095,4.503509
95.0,2590,-99.588585,144.41129,-37.262783,31.84382,-10.002148,19.340652,-1.2087542,8.854687,3.591809,12.567461,8.969248,12.825163,10.964384
95.5,2447,-121.41034,156.87016,-23.804142,27.885012,-4.8965373,17.737541,11.477647,20.014727,2.1347828,12.143822,13.387039,9.495746,7.3302937
96.0,2565,-76.07616,112.666595,-28.414679,41.070786,9.448304,31.416882,0.17617026,17.778133,3.1296244,14.656483,8.05368,4.05415,3.349151
96.5,2682,-94.64979,143.48738,-35.235172,27.718023,6.0535965,13.259274,5.8244934,21.121857,-4.4970417,22.454966,16.394535,6.4799714,12.669052
97.0,2573,-69.142944,117.55429,-38.697487,48.740597,15.435742,24.968307,-10.281806,23.080675,1.5038496,13.783685,6.4465837,-0.6373146,0.7584081
97.5,2472,-60.997383,134.99257,-38.142418,34.51937,-14.859549,14.765377,0.993828,19.39771,-3.4106414,15.341748,11.068064,14.305217,2.7324495
98.0,2406,-70.9349,132.7025,-39.465336,31.884998,-23.153095,18.764269,-4.1699476,14.72358,1.9943906,16.137554,16.664385,16.078478,8.460389
98.5,2529,-56.334194,131.09622,-44.463726,48.6501,-16.337011,3.807052,-4.3736024,5.8182864,2.000054,12.613504,9.237792,13.587499,10.381032
99.0,2330,-66.42657,100.06329,-23.242102,42.130913,-24.543045,24.718464,-1.5271715,11.80159,12.563436,13.3277645,4.1305103,11.566598,4.6596146
99.5,2285,-78.126656,117.68862,-48.12664,36.90014,-8.849167,28.64577,1.866333,11.978094,13.662832,19.125708,3.3678946,9.194046,4.9410133
100.0,2280,-59.242027,108.35639,-32.661022,46.55937,-23.590126,31.961159,-0.76314986,18.20123,-2.609802,12.643156,4.7362056,12.417367,5.6380057
100.5,2381,-64.23443,115.836586,-25.569666,44.603046,-15.531529,32.63402,4.9789567,12.083514,1.9392941,11.449922,4.009699,6.6665416,-1.2293438
101.0,2238,-62.729465,84.23478,-18.788876,45.326843,-0.7918332,34.25027,0.17991683,23.857388,1.3016918,15.550572,0.0066630896,7.73447,2.941872
101.5,2115,-74.22249,105.91336,-13.411315,39.679672,-25.086756,29.775892,8.7859745,22.083345,-2.992075,14.95708,7.848669,10.174185,-6.194795
102.0,2107,-55.403984,92.258484,-33.90146,51.5984,-4.5335493,27.777063,-2.6048915,20.032986,-0.09726688,10.665245,2.7757738,0.119883135,-3.197669
102.5,2353,-62.411587,104.82536,-15.181016,38.448025,-24.504725,25.677553,0.3834402,20.847513,-9.466514,7.881781,3.1581109,13.629826,-8.0698395
103.0,2346,-70.26475,105.11194,-35.18412,32.824722,-32.513454,26.980486,-6.329471,19.321295,1.8440315,13.810178,-0.09949611,8.049554,-1.6175566
103.5,2482,-61.813015,102.27848,-45.074234,36.42689,-25.37621,17.398643,-13.345441,17.14602,2.2965524,22.628887,-8.21665,7.006073,-7.2068686
104.0,2537,-54.3502,68.27894,-8.62276,28.287401,-32.350246,27.202572,-5.740412,11.500154,8.003217,13.370076,-5.3280435,11.96827,-11.487622
104.5,2447,-58.30752,90.981674,-30.956444,22.612549,-9.531524,18.013952,-5.4763474,3.9574802,7.312879,18.709442,-0.42961457,7.105351,-5.443568
105.0,2279,-111.16376,94.2683,-36.104107,10.435138,-39.022667,0.024691693,-3.5532126,0.61227113,-12.895432,-5.607484,-2.510138,1.6781191,-5.2026334
105.5,2540,-163.01445,81.709656,-57.999584,-1.2439585,-34.6436,-30.616674,-27.452335,3.5062017,-33.33658,-19.469154,-13.056788,-22.24599,-11.222115
106.0,2749,-146.9107,59.844913,-51.640728,-13.39914,-32.64618,-12.56132,-21.503498,-13.043663,-32.657257,-16.133331,-8.723862,-17.423231,-15.819179
106.5,3175,-124.03572,60.355877,-68.784325,-13.224792,-17.88446,-28.8594,-37.798534,-17.761604,-34.40536,-10.924416,-12.460729,-21.625196,-13.460815
107.0,3340,-116.41101,49.4751,-64.26869,-4.1916695,-20.551348,-21.873833,-31.79099,-9.180697,-25.388853,-23.638008,-14.027802,-21.059307,-20.91566
107.5,4635,-83.22285,74.07525,-23.876076,32.335415,-17.982212,9.69631,8.176562,5.9474926,-2.9435616,5.7688885,4.5498466,9.276097,-5.2447004
108.0,7261,-44.10318,86.16369,-27.122068,47.12708,-18.650454,34.75754,8.791318,14.186239,11.8160715,31.665249,13.72656,8.581894,-10.585614
108.5,7522,-57.33248,89.97235,-22.45904,54.242767,-22.019873,33.305637,10.478827,16.395115,4.1916785,32.308277,15.022487,16.701292,-7.2434645
109.0,7128,-56.815746,91.73092,-23.501734,62.71983,-26.43951,32.883053,9.752289,11.523608,3.3466847,40.59584,14.22,12.573937,-11.478026
109.5,6700,-52.48655,111.464165,-35.80934,55.97838,-21.170042,28.535463,6.5503817,17.157516,6.6194353,25.052164,10.238195,8.739501,-7.032437
110.0,5509,-57.958836,119.72116,-36.21014,53.363907,-30.34808,16.454054,7.523778,17.196314,-0.106683895,14.900175,6.3874326,13.378017,0.077753596
110.5,3878,-59.992615,102.52816,-34.52918,56.661575,-19.480965,34.553738,7.0299344,13.348948,13.426065,30.933474,13.760571,8.39362,-12.47276
111.0,3690,-64.64216,102.658905,-29.79413,57.58766,-19.83766,30.163155,9.898416,14.731187,3.482208,34.132614,15.459967,17.840506,-7.769438
111.5,3359,-25.177217,91.946014,-30.443512,56.61553,-32.012344,39.836563,1.2059426,18.883757,6.6713343,34.49923,11.728447,15.28769,-10.428382
112.0,2895,-51.158607,117.234146,-36.94817,56.005775,-22.490925,30.640009,6.688272,17.460646,7.474044,24.205816,7.95477,9.322298,-3.4282982
112.5,2655,-63.735935,115.396675,-35.011524,53.90661,-24.651598,24.791918,11.445304,16.28365,1.9890105,21.665468,9.944164,13.873512,-2.1229043
113.0,1759,-62.55366,107.12472,-31.056067,53.80421,-20.756237,35.550056,8.133257,12.889596,12.644031,30.902563,11.043855,5.71619,-11.90318
113.5,1718,-51.702896,95.196075,-20.652441,55.82243,-27.724823,28.689594,13.839928,17.960327,2.4083064,35.61147,13.027703,18.43833,-7.728952
114.0,1856,-46.677746,91.1927,-28.125906,56.901073,-24.570475,30.459309,9.891964,11.29239,2.6741993,40.071648,13.251891,13.033386,-12.291234
114.5,2010,-61.033062,119.7072,-36.702297,48.19374,-24.693878,23.365652,0.18883438,14.32882,1.0418653,21.345636,8.4341345,7.4415426,-3.6499326
115.0,2207,-64.09688,117.073845,-23.903212,49.433834,-31.129726,21.775772,17.174835,21.467669,2.2793624,21.152618,9.485425,15.454433,-2.5750797
115.5,2327,-28.373543,93.675514,-28.316399,48.65969,-17.1823,28.027346,0.03248485,16.254625,5.6681447,23.348001,7.618171,4.8636556,-14.403902
116.0,2235,-37.53301,99.06536,-24.042458,51.265484,-31.885067,31.761787,7.7828183,17.077883,-2.9377196,29.371506,11.970244,19.245674,-4.5002685
116.5,2171,-8.961857,86.61863,-35.063274,54.32064,-20.258024,29.949099,-8.489212,14.817959,6.5399694,27.299091,3.310808,9.115282,-10.983738
117.0,2273,-16.299887,104.74019,-32.563274,55.018795,-31.360584,28.538626,-4.7786818,22.57779,0.8621458,14.3524685,0.23466869,14.660824,-2.3571076
117.5,2200,-51.9945,107.23172,-35.786156,55.18433,-31.014864,28.242735,10.408638,22.769238,8.352709,19.874376,9.014877,16.561205,0.8135826
118.0,2342,-48.471436,109.77727,-33.435135,48.653145,-26.808918,32.137123,7.1988363,17.590359,12.913266,29.978706,9.864808,7.4295883,-10.774997
118.5,2372,-55.67843,105.026665,-22.317003,54.801826,-28.28081,27.909018,12.97658,20.079905,-0.5427014,29.273739,8.796624,19.304071,-3.0225277
119.0,3070,-38.005016,98.3435,-26.435139,54.25752,-29.279682,31.118652,7.9017105,12.657619,6.754502,37.377834,10.152656,5.8293724,-13.846857
119.5,3000,-42.19334,122.51032,-44.301273,42.986065,-30.021608,15.189968,1.365482,15.849938,-0.46103916,17.302374,4.9053926,8.015239,-4.6556554
120.0,3317,-70.73787,114.66236,-32.425343,55.22712,-24.739382,27.339708,13.267077,16.914171,4.6270356,23.055239,12.2372265,16.503935,-1.18666
120.5,3481,-52.158146,107.496925,-41.971237,56.722607,-14.607715,30.77729,2.1793628,13.798977,13.948786,29.665894,10.347364,10.966138,-4.4349
121.0,3591,-49.801254,108.88342,-32.244534,49.270264,-28.994802,33.187927,14.352265,18.62338,1.8926483,29.520233,14.388036,20.60641,-7.199623
121.5,3356,-23.140207,90.83789,-38.541786,56.22547,-29.383919,40.39901,2.3704128,21.172394,9.469775,27.860159,8.996967,12.361403,-8.084855
122.0,3140,-26.632074,129.39783,-42.918423,45.260296,-25.735323,17.789537,3.3059504,18.937193,-0.8060733,17.310633,7.87414,16.467285,1.0262264
122.5,3054,-44.132046,127.77137,-41.61411,41.10644,-30.02038,19.444233,1.1709721,10.89188,2.9074585,23.990047,15.036412,21.96327,-2.6863434
123.0,2490,-46.13531,119.91949,-31.910463,52.18712,-27.213293,23.736736,2.3366375,11.08337,2.6108937,22.58643,10.359543,14.263973,-3.4610581
123.5,2189,-41.488384,104.45345,-29.388924,49.09731,-34.22954,22.91494,12.65813,23.212173,3.4346256,29.387093,9.326018,19.591051,-2.6879945
124.0,2320,-47.295483,100.87669,-33.928707,50.618202,-25.40739,30.38118,7.6182733,15.601118,12.201876,32.61229,10.383816,6.556764,-12.864755
124.5,2376,-27.688745,122.684105,-39.1723,38.494534,-29.642887,11.925767,1.6909782,17.971386,-3.7024782,14.117455,0.86725396,9.073943,-2.5998757
125.0,2662,-45.407864,110.08645,-19.758444,40.676098,-23.481812,20.671711,18.336163,17.921753,8.284831,23.255613,12.701966,13.59222,-6.707464
125.5,2343,-35.78262,78.77807,-17.450531,50.098156,-17.853195,32.377747,5.5325055,15.748828,6.199223,22.914257,11.963345,10.218498,-8.319154
126.0,2223,-16.854368,67.69522,-22.496775,50.77673,-19.727598,31.761427,6.227214,13.87455,7.559881,28.003145,12.093116,13.02594,-3.958911
126.5,2117,-17.389257,84.08666,-22.484371,44.701065,-4.219266,22.208218,4.230936,14.60383,14.441968,17.718142,6.5719066,7.374995,-8.808203
127.0,2104,-11.204675,82.18689,-27.669277,31.036297,-28.01818,9.776967,-2.947295,8.728208,2.1961153,3.7145314,-1.9525009,10.880156,2.0065775
127.5,2071,-86.10038,71.916534,-56.732887,10.469064,-25.592077,1.9002402,-11.845932,-1.87353,-10.912425,-8.055302,-4.7752986,-2.0057483,-8.506745
128.0,1949,-109.66513,66.32183,-80.166214,12.365362,-30.68653,2.7366476,-22.585155,-1.1931057,-10.0639305,-15.360236,-5.1351223,-8.1144705,-11.550344
128.5,1870,-142.08449,96.55385,-77.58854,21.715506,-18.401678,15.380514,-18.600128,-7.6848927,-3.7046921,-14.0602045,-8.25419,-6.7617826,-6.4311695
129.0,1897,-149.55128,94.35368,-89.59284,24.45324,-24.702887,7.5488234,-15.083283,-7.6755223,3.3590007,-8.935161,-1.3975439,-4.567551,-3.7107785
129.5,1829,-153.03278,95.03448,-83.055084,37.140507,-19.114996,6.489977,-12.667786,-4.992208,0.43650675,-7.031743,7.2898107,-4.415607,-2.0112953
130.0,1933,-170.94495,103.859344,-84.8519,20.585472,-8.609819,4.491046,-12.399549,-5.7473116,-0.9696641,-7.5131354,2.81832,-3.5721166,-5.6931176
130.5,2004,-167.32433,113.973045,-96.7171,4.825035,-22.594728,-11.6232395,-13.861212,-12.438903,0.60862887,-6.139855,5.229808,3.4233274,1.2185217
131.0,1955,-147.25136,121.20711,-87.52158,-0.884988,-17.95332,-7.456146,-13.420457,-8.323791,-7.4759526,-1.5129399,11.70278,6.0169406,-2.526586
131.5,1938,-159.4602,105.656044,-97.07097,1.2953564,-31.764296,-16.958916,-25.676006,-31.311617,-20.540329,-14.573268,-1.7121528,0.75361973,-11.26651
132.0,1833,-157.82509,109.95226,-73.73057,37.394558,-1.4747212,23.176579,12.436367,-13.56542,4.5157776,5.3745904,6.931036,9.286875,-11.551868
132.5,1699,-132.44609,105.50318,-61.51716,61.195,18.68681,48.73437,25.832811,6.2124577,14.744126,17.665264,17.330847,10.261721,-7.833951
133.0,1692,-153.2173,115.49271,-58.258755,53.916565,13.465945,63.013535,32.353996,-2.8255744,17.705765,7.8101244,20.3541,20.720217,2.618202
133.5,1536,-138.07668,116.53688,-46.531822,51.163445,2.3728607,67.917854,42.643898,-2.697976,11.204461,5.5907874,16.6963,28.348843,15.161048
134.0,1684,-110.01885,102.497116,-47.00677,56.398285,-6.111857,62.88651,37.285038,-0.11741399,9.859002,3.8637185,5.54623,23.956362,24.868118
134.5,1692,-142.18044,152.0381,-49.451786,28.3199,-11.72356,47.0672,52.497074,-2.8367167,15.811561,6.6592135,-6.400583,5.6420794,6.5133505
135.0,1646,-116.17874,135.67819,-48.60205,46.39499,-28.294115,23.264597,59.424377,8.760924,5.5764813,18.5513,5.0005083,-3.7215548,-6.2192006
135.5,1507,-120.02228,152.10408,-35.946484,38.89558,-29.614258,18.652403,44.907787,18.912241,2.4981935,19.283684,17.261068,10.387474,4.894229
136.0,1584,-70.94252,132.02994,-27.584253,51.447624,-22.086498,13.898412,7.1952825,30.359642,8.489414,14.655248,12.375748,18.359236,12.236317
136.5,1547,-86.23995,144.54117,-24.365532,52.346897,-10.21857,10.235496,4.97561,25.08202,16.501081,14.056402,7.389021,9.958872,1.7995878
137.0,1543,-129.23462,159.25575,-32.352833,40.164303,-7.4351473,7.3186865,12.469712,20.315687,20.575932,11.864493,10.248188,8.081022,3.1558106
137.5,1522,-117.34747,127.088356,-48.319126,49.841393,-2.180265,41.7097,25.732952,1.8053517,12.24381,13.306293,13.644412,18.890795,1.0736214
138.0,1570,-140.6819,123.6716,-45.724735,52.446285,-6.8712726,63.875862,31.186733,-6.3339005,12.946789,7.917366,19.763357,17.43763,10.037769
138.5,1623,-120.13569,139.50444,-48.397964,35.09648,1.3875595,47.751896,41.19411,2.2587652,8.986662,7.252959,7.767351,23.718248,16.695393
139.0,1760,-117.91858,124.04088,-50.932846,42.84429,-21.881727,57.568153,29.103712,3.7233624,21.258764,11.412182,17.563097,14.366334,22.358124
139.5,1848,-103.89867,136.59383,-63.853466,36.543484,-12.171144,42.147278,21.321342,11.7788105,22.907078,8.882892,19.383732,13.724242,0.68174034
140.0,1904,-103.82383,133.61348,-54.14129,34.941845,-9.162037,46.46252,35.040688,10.501632,18.174465,14.26273,11.49316,18.593403,8.797833
140.5,2042,-112.21998,155.33359,-52.912205,45.27434,-14.405641,12.44669,15.65791,9.766732,16.759525,20.64764,32.18385,16.410347,9.534664
141.0,2153,-41.062622,102.0044,-28.156662,55.539078,-29.439295,28.502941,2.7564619,24.16022,14.879568,32.37957,14.530543,14.726787,-6.968589
141.5,2302,-93.8005,146.38383,-48.24019,51.705368,-18.466856,22.033173,16.865599,20.55832,25.733912,22.861004,21.091576,1.116633,-7.7200336
142.0,2395,-64.18728,112.97294,-49.30697,44.61778,-19.698168,44.10552,19.41552,12.012823,7.542739,17.203756,11.711744,22.779934,6.55031
142.5,2454,-68.459175,119.466286,-49.15888,42.225136,-13.148431,35.291832,20.85324,16.434784,9.817798,18.034298,6.7045493,10.578293,-2.2364028
143.0,2508,-77.8706,124.75705,-42.145725,44.150833,-18.40359,24.61526,24.573944,13.9405365,-4.5209246,27.921501,13.18173,20.542126,-1.0046569
143.5,2565,-45.661907,101.285545,-37.677177,53.38843,-12.57829,36.247597,10.803149,11.421996,-2.5991368,23.425383,7.5933723,27.014177,9.217959
144.0,2469,-70.754715,110.30253,-46.999195,45.855064,-21.174097,46.04142,18.316723,8.533643,3.604468,11.379212,3.4008303,22.342607,15.7921295
144.5,2544,-74.112785,121.80783,-48.474518,47.04519,-10.690552,41.198837,16.77492,12.216125,11.616634,18.55165,10.116455,20.81463,-0.47047868
145.0,2568,-74.10343,114.792114,-48.114548,48.792477,-7.697502,35.190754,10.178576,12.483428,11.49332,20.104498,13.450887,19.41987,1.919603
145.5,2588,-48.294727,80.19276,-31.793571,61.298885,-20.536772,45.103477,2.8194387,10.001369,-1.0652446,28.456648,8.586401,23.686825,7.4284286
146.0,2564,-25.964815,94.93196,-35.81497,60.282352,-17.882387,39.382786,0.37664142,19.21268,5.5030665,20.07392,7.6114163,25.596558,9.148202
146.5,2532,-33.806225,86.6957,-31.128325,55.00364,-21.354368,51.66292,6.108756,21.500551,5.528518,19.435205,8.942994,23.692253,11.180357
147.0,2492,-73.72078,114.44134,-41.80865,50.73265,-18.67887,51.630207,6.975801,13.274754,6.1963835,17.705858,14.4109955,22.943184,6.180176
147.5,2393,-58.90579,96.06511,-48.107018,46.302753,-6.754056,43.05155,5.3666306,13.9131565,-0.09451271,24.186274,9.144851,20.708277,-4.8693724
148.0,2443,-76.181984,95.67996,-35.249985,30.676834,-16.174126,43.9591,13.079095,7.8058066,-3.3600821,15.581749,4.211294,23.341194,-1.9917755
148.5,2384,-59.297016,90.80681,-21.80425,27.799397,-5.4147234,42.011948,23.156923,14.51389,-0.30024293,10.286086,4.0802965,25.20616,14.139951
149.0,2349,-45.91558,91.31677,-31.141472,26.135921,-17.415314,34.292477,9.3561125,11.453789,12.927479,18.640835,9.546388,16.499338,3.1733944
149.5,2255,-134.6426,148.92836,-49.6415,29.688662,-7.11067,36.061672,25.184664,-7.049274,11.425829,3.7662783,19.250696,20.445818,3.2947366
150.0,2221,-106.38918,122.06511,-62.464134,11.542616,-24.82584,7.620858,23.127562,-6.5048447,-2.0148408,-4.3129025,6.13915,1.551,-6.0020547
150.5,2190,-96.0466,102.3458,-48.363243,22.961878,-36.361065,4.7761583,25.012243,-7.4709024,-3.0889194,-8.570885,1.5381175,-4.706352,-8.261098
151.0,2205,-78.16401,92.02902,-46.800674,18.921461,-24.569323,9.020626,15.358878,-8.556436,-2.9420276,-2.8359344,5.0892153,2.26329,-1.518531
151.5,2209,-53.932945,91.22924,-41.839687,8.982385,-24.455765,-3.527414,9.97567,9.397804,-2.722171,0.83659416,1.4256046,4.117597,-5.384721
152.0,2261,-31.314669,96.85868,-26.611353,38.717663,-21.351702,21.631145,11.225359,22.618593,8.277609,16.557154,3.7301729,14.700668,4.2567964
152.5,2152,-39.59744,115.59405,-42.61238,50.880756,-17.32284,16.365274,1.6744317,16.901604,8.881928,16.452131,6.347321,11.841592,5.904041
153.0,1815,-38.828674,85.74548,-19.030712,55.641773,-30.74829,30.3727,13.838902,23.156149,6.5974894,22.541016,-1.0442545,14.014525,-0.5418394
153.5,1723,-39.638332,109.28065,-41.94374,43.823025,-12.750585,27.598125,11.648546,14.955781,13.149166,18.756966,3.8576877,9.483167,0.05890183
154.0,1533,-39.503487,127.39947,-42.39004,44.35399,-31.923037,20.40686,1.9986873,10.271749,2.4286022,13.958489,2.4371278,8.52558,-2.4324007
154.5,1418,-49.049355,115.28865,-30.95801,49.55039,-10.120544,27.857224,5.675658,16.909025,2.8787005,11.980897,3.7472854,5.1093163,-4.6536803
155.0,1380,-43.16724,88.252235,-23.607681,42.147926,-2.2694504,23.760618,2.7445216,22.71887,5.761023,15.146766,3.7530727,4.8638926,-3.125107
155.5,1603,-47.769657,100.833984,-16.285105,49.846775,-19.402298,27.1512,12.71655,23.167961,1.678101,17.984617,6.4022613,11.104416,-4.604591
156.0,1480,-31.69634,103.57121,-34.43693,57.0067,-6.0240684,25.90042,1.9582839,22.844706,3.6800783,9.702854,3.5304158,3.9889119,-6.429362
156.5,1502,-50.806503,119.783295,-26.937593,40.82097,-23.51232,18.879366,11.7698965,18.51185,1.9679438,14.074393,3.9697905,9.997432,-6.6899285
157.0,1515,-55.346962,125.61839,-37.965717,40.66805,-19.641838,21.824,11.062856,25.089653,10.57505,17.393085,5.847149,10.824927,0.08452081
157.5,1331,-39.36276,119.12149,-53.076023,50.954544,-15.802185,22.445124,5.199336,16.460346,14.412391,16.844223,2.8615963,9.400245,0.5431873
158.0,1478,-36.803516,77.00028,-18.312145,49.942257,-31.972761,27.807623,13.800247,23.793127,8.316506,26.013905,2.1864347,18.73329,2.2521315
158.5,1527,-42.17054,120.544106,-46.13323,47.27231,-17.290522,24.020496,-0.1047395,11.198157,11.076438,18.850594,7.5249734,11.365373,1.9247283
159.0,1713,-57.815678,130.19936,-32.324146,40.041016,-32.558605,18.914156,9.92828,14.644558,-0.25687924,13.516212,6.6988573,12.5709715,1.0760217
159.5,1586,-51.825287,114.260765,-32.772964,49.52631,-8.523715,22.064966,5.1394553,18.673014,0.5231261,12.215265,3.073423,8.695464,-1.7665639
160.0,1574,-30.850277,101.80572,-31.565594,41.943756,-21.471434,29.89681,6.3625345,20.432766,3.0368943,20.810808,5.125424,11.535474,-2.33544
160.5,1634,-22.845217,85.87048,-28.995844,58.96167,-20.963213,33.004612,-7.803868,13.6425295,0.8670444,20.102179,0.27257898,10.382841,-1.8223313
161.0,1374,-24.724174,103.97265,-34.323914,64.27915,-15.994036,29.075563,-4.9456916,20.10996,6.0847125,12.531465,-2.4543004,9.487277,-2.405723
161.5,1331,-40.762325,102.05503,-24.804426,49.889477,-33.48191,27.894524,8.566233,16.92822,-0.1528725,13.01965,3.1807985,17.688375,-1.0462866
162.0,1289,-44.46218,116.74812,-36.22,49.049328,-25.570692,17.43584,7.59923,17.583738,5.976999,17.552593,4.3051324,14.902887,2.6006918
162.5,1265,-26.30414,105.64257,-34.388958,49.780033,-12.576181,16.076212,6.9671497,14.156742,5.57546,18.472202,0.74191904,8.851098,2.3559191
163.0,1116,-43.96591,108.786995,-27.640827,55.337017,-24.52432,26.710136,6.855419,16.75448,3.510801,21.994326,-1.3701293,10.083834,-0.9290225
163.5,1101,-41.25144,124.900116,-49.933353,41.820114,-16.279596,19.59625,-1.5082271,11.370853,9.406569,17.947186,2.0145242,7.6589127,-2.3888392
164.0,1101,-50.85556,124.35144,-31.065248,46.81902,-29.06515,23.419525,9.531751,16.586468,-1.928263,8.287774,5.0377865,9.587665,-0.78926814
164.5,1096,-42.181114,104.45125,-34.41137,53.167423,-3.9412973,24.9876,0.42130196,19.095774,0.605357,14.132778,0.50421065,4.852021,-2.2356102
165.0,1188,-24.925291,103.316864,-18.204653,36.511173,-20.333622,23.30023,9.78702,21.98503,-1.4240903,13.766447,4.5844545,10.14554,-5.488709
165.5,1155,-37.18045,99.46136,-16.224596,44.38706,-14.269014,23.529572,7.769632,17.989082,0.19843851,14.979749,6.5052247,11.029219,-3.3784108
166.0,1115,-39.72882,118.874535,-30.799147,53.8078,-9.589712,21.909597,4.0194635,20.904476,3.8188562,9.501914,0.82945526,8.141225,-6.456633
166.5,1059,-61.87577,113.723564,-23.720684,40.30196,-20.664982,17.451324,11.855195,21.252468,1.887118,11.4727335,7.06841,16.06026,-4.157199
167.0,1112,-41.021744,125.41609,-50.106888,41.600445,-26.063036,21.679558,9.75312,21.92671,15.987868,15.426552,5.7559757,8.938403,-2.0650697
167.5,1012,-22.227259,102.69569,-30.138178,49.614956,-24.254715,20.910976,5.835262,19.173235,8.200025,21.383877,0.17895532,10.119111,-0.53313583
168.0,906,-32.682922,98.3377,-26.6866,49.46874,-26.742718,23.096588,9.634445,15.087614,5.2431254,22.586737,1.9103475,13.199883,-2.1302474
168.5,837,-37.145695,134.00366,-52.72834,37.96973,-29.786036,17.281128,-7.3200855,13.57666,4.9944534,13.72788,1.5893714,6.0130644,0.28205425
169.0,599,-95.572876,141.83148,-13.75726,38.03914,-25.440575,13.468871,21.723349,26.023724,1.1620128,12.1842165,10.636421,10.951373,1.1949704
169.5,343,-79.09393,112.74346,-22.935019,38.82055,-3.6765776,10.396117,-10.412832,28.976692,-1.6551249,7.5922427,6.311417,-4.8859,-6.2116094
170.0,228,-113.87109,138.89326,-44.06838,18.610287,-11.942262,1.524822,0.99444574,15.007428,-9.207998,14.785706,11.298313,-1.8862369,3.6558564
170.5,68,-107.94224,90.26336,-45.563305,35.741608,7.107453,-0.3136736,-32.70154,10.187836,-19.427532,-3.9793847,-5.7284822,-16.426317,-7.349979
171.0,21,-123.597404,114.56338,-58.73383,9.679846,-28.392391,-12.170901,-21.748833,4.6356206,-18.378576,-11.326904,-12.099174,-9.63095,-13.718696
171.5,3,-271.8054,133.61832,-46.15055,-30.266747,-4.195337,-12.552702,-4.3514414,-3.4573104,-9.357254,-11.123562,-9.22541,-7.6359982,-13.1947565
172.0,13,-334.6799,115.068665,-18.961658,-42.706116,-5.825672,-1.0054379,-10.247668,-5.6523986,-7.0391192,-14.836541,-11.53332,-8.387536,-17.90782
172.5,10,-378.59875,88.894455,-1.5688502,-36.399254,-18.191547,-3.1369119,-5.819414,-9.127186,-9.878232,-11.318311,-10.864743,-11.731179,-17.270891
173.0,9,-416.80106,56.62687,4.037861,-17.82891,-11.547756,-6.319516,-6.411942,-4.602873,-5.080681,-9.344671,-10.935671,-10.882121,-13.701703
174.0,4,-423.38058,53.04185,8.096753,-14.90956,-12.854094,-7.566396,-6.8275485,-6.0167484,-5.7500057,-8.206808,-10.908634,-12.53967,-13.609057
