Band_0,Band_1,Band_2,Band_3,Band_4,Band_5,Band_6
18.53010318748631,11.795899560620184,12.802722279642422,15.490994555608884,15.414919059048012,17.76320236306626,18.82739615487052
22.12677185603048,16.598659711287265,17.73624931545801,17.38083200524644,18.565261075276673,19.544237960727827,17.051890985875126
23.532564808151864,16.100277539091177,17.74481986955107,17.33417042030653,19.66771869665911,20.14670676542048,17.516787038272692
24.564648737573926,15.676653429114479,17.54344575382486,18.856685205615914,18.37750454427735,21.421384913280495,17.388505076372535
24.197034053299948,17.26496243114693,17.308398840370074,18.733912843078105,18.742560624706677,18.95861653336768,17.099357697345525
24.552937331163182,14.832220858606735,15.646539549471944,18.521839804249797,17.58491657086965,18.967317463633695,17.227400636985383
24.02209900099009,12.61641514600361,16.970266458938852,20.46807363520882,19.423640831884157,18.11703863132834,16.999707602239134
23.837278553460223,15.88636604947444,17.29287767685004,17.345052646296367,19.12814708101269,19.06867879954881,17.125251188039872
24.79629012686629,16.40297722502443,16.413572784058235,16.19376508760587,19.460172848931233,19.579828669990682,16.923280674233375
23.0201505425877,15.547775770967393,16.69351810976368,16.639783342403188,23.763585223591463,20.446028121489146,16.875036527804287
22.941079942433692,14.993372687814327,14.824860842895886,15.640621693759758,22.39094310869679,20.068481708375714,17.143012592328695
24.097703249898153,17.246153207980463,15.819808554415367,17.248224558499537,24.053242621656008,20.564973329040058,16.871853928239233
25.895335860632233,17.103947466867115,14.109987443134806,14.405838455028395,24.53257564344312,20.925298997482965,16.71151782358945
23.74823275277923,13.379696069623545,13.41643139736643,15.525825087600907,22.722150243172976,22.3138094028875,16.664165277296348
23.69639205620957,13.668975241399282,16.225609686971776,17.390837125730332,25.73480162191204,24.917262667764643,16.662813766459443
25.513574796053934,14.808530592056156,13.355043316417301,15.33740202595617,22.294515034233765,22.01630897211904,16.433421747273442
24.577837993152375,16.286677005343595,16.354861978164344,18.51807422840023,23.88078502091113,23.04910480384488,17.5160996699068
23.68613472028277,15.63479136946616,14.407571957765725,15.510724600803565,21.341878121217153,20.56646645416616,19.911129780540772
23.065302468819144,13.517403390134492,13.845253169695964,16.02679357522925,18.5694030454127,22.022002746473596,22.898142078846067
23.456000375596787,14.983283549151295,13.26696637829629,18.224273215368687,22.10327752885297,20.529730917157945,26.283638680680586
24.44543453571392,15.055128145371608,13.885395078822269,17.817223837586667,18.005079233233857,17.11400043411141,26.413412890025377
23.92417060445237,9.942633680603693,19.6823010283457,18.580301723882485,20.844495092348655,21.94437528917179,35.89107615742747
23.267505469796536,10.214280234070783,17.11361252459408,22.233209394934317,19.18911067277292,19.803630691274293,34.44006250988064
28.462865265588672,11.841212283829543,16.12602551211612,19.496472674418772,19.201208957643235,20.42306748887328,32.699614088811465
26.44124182805942,10.776749888856408,18.18952483563348,23.43957109318701,23.76041432362336,22.140099528960473,33.01065535723285
24.209275825287932,11.67439566939814,18.692455541147787,20.017701303594336,19.379293005395503,18.774380142606915,28.322560197261826
22.432943853052436,11.182909957891342,19.818666602887276,18.871250443767586,21.292207151494523,25.035743835140842,36.54321431395097
22.733861330645322,9.702296591614356,19.62119990621681,22.283478013408633,19.401644369096072,20.559474001738696,36.503039136802315
27.265572409763895,10.50965683967561,15.676771743972402,18.65144068089193,21.17371585856116,20.466674534111085,38.51150074766543
26.53326532393032,11.962491099136644,18.01441352571735,21.215975474016645,20.99125619322418,17.68102591312995,35.26795351187408
23.134797987779013,12.155317274769297,15.897896434899502,19.47623815967315,21.21935084331698,18.22430760539977,28.284245521900345
24.45910267434571,11.095725709178016,17.131420564669178,17.924051911394095,21.268436071044604,20.07796005053557,36.14123515305066
25.764920997516786,11.298836458473643,18.74270044985223,20.861882230616835,27.119603149102986,24.069764155552875,35.6573691501907
30.746714103944875,11.270597637209336,16.01451448623132,18.486833153806135,23.189311658827283,25.171055530121414,32.49026168240346
25.137619062949867,9.818995021630592,18.863764238185173,21.920668173744176,20.875188971476586,24.381383733822858,30.234425499176343
23.75918846425495,11.07424010524649,17.041707638086642,17.834216483825568,20.852325234760432,21.472758372632697,27.51843105921111
22.505092395480165,9.914056604627262,20.312209599764426,20.87784988498992,21.099619329856527,26.558030414842925,33.714563729201295
24.506171625274916,10.979354057464649,18.674820270202524,21.025458594402075,22.721138486677603,26.221013979298373,33.79968960683419
24.122449610350433,11.456324227083213,16.302562538729692,19.298666037505093,19.52551635733411,21.534356284815185,35.58477049852988
23.267700239420623,11.828503352350838,15.262432747251811,17.861441979046848,17.44246769914864,20.588676021575285,34.64407812100163
23.724179429075484,13.451482686660473,16.50633519796907,16.917459060735037,19.639447269726848,20.728032468705248,33.21139281722054
24.091720757361124,13.295018333305826,13.463740015583562,16.944252424924272,19.296048139052004,20.209289868806994,29.98665321693827
24.63700705754048,15.600500644837727,16.423733437500633,20.357243576766166,21.105939789984014,24.46264250790828,32.91832182928077
27.129107304285135,14.24210403630369,17.41358554060762,20.897100885819892,19.281721460549768,24.024552407661595,33.776075401745466
25.729980050128756,13.79767313928313,15.422511428864308,22.211328825518994,22.029144762378962,26.805297964840022,32.07591227791659
22.48251639345404,10.315033750608658,16.955073490135398,18.609309064690244,23.838937751386887,30.08703466629959,34.48802408498412
22.77992984669024,10.866287985722483,19.40285717595245,22.44612500733631,19.47900651434129,29.01177671349831,32.194795574811934
26.675628243066786,10.816801917280383,18.04694648826983,19.370709963129556,20.35166722521051,26.447558546498545,33.34424312547438
26.020322451264075,11.257299948843386,17.66802819574097,20.449946503211525,20.70842795590002,25.82536586289182,33.11529703496487
25.084182609818463,12.730791625838334,15.846593178871684,19.19337885715017,19.72562620533851,20.70355477643136,29.150505726565427
25.100155060345944,11.303111625100863,17.16245023656909,19.211407400101663,18.601098018462064,18.641965683056032,28.877894025731255
23.805036398684994,11.781148413208951,18.14892737893581,21.604564744132855,24.62549594070748,26.054011179667302,35.27991385055592
27.561136650269155,11.783584868352685,15.857424717127689,17.447000743649383,19.525525517404304,19.526661135306178,29.06804105831201
29.992777598771823,11.114763240528875,17.862006148893443,18.158132784179806,21.0890895516542,24.414821967530422,33.51559350502585
24.64121317398038,10.919219331054913,20.058571021289534,22.137994520366824,20.04001146614974,22.07851527887819,32.01970973625782
21.46582929514476,11.24079175723479,21.029813365202195,20.170620288920524,21.125217750346724,20.391454103525994,40.16425005472346
23.263975265416548,10.129946742495886,18.98676247307081,22.80165777577756,18.276101502773304,18.049182893705407,37.80204686838715
22.931305891766975,11.552964295298871,16.4006917836482,19.337509074867583,19.01145874854038,17.781982273869176,36.3084029523844
23.33800084592892,11.619800469935345,14.509704304897912,19.076100742530585,19.38841304300916,17.751002426832578,35.913630653663084
17.859968437636944,12.679478986855912,15.744820044653894,20.71349465466257,17.227459298964153,18.245638461687957,34.4999362715421
15.232763440597967,12.358787137931303,15.65532402143123,18.4867229856711,18.095110472939293,18.501295360674323,31.543458554669847
15.477778730185767,9.965147802142956,14.562268333042269,17.8036068932466,19.138863091951993,18.570053722938265,34.682742965409
21.634243951142775,10.997476388670968,13.546860309518078,15.760757006431803,16.929323859450584,16.41927625062738,32.868851165909525
20.182118018637322,8.79162863613681,16.76296251074129,19.800452269095683,21.027105080743024,19.536646071193267,31.323146499443837
18.413117817428535,9.880089182165687,16.631544410272884,18.40851772337987,19.184684758584815,18.045040219113673,34.511037363127365
17.036387170651697,11.3804791176537,19.210145722233683,17.85278252537103,20.91193582852554,20.649442075145675,33.19837849098771
16.338466039820187,9.650302386316827,16.190479186040825,18.058854394304664,19.818261365965466,18.698891816545316,33.097631873285316
18.47842939818296,10.188806590409694,16.952929772008627,17.821201445292562,20.879829945701168,21.66125126948848,34.10212913858687
18.02023485136824,8.91691266078025,18.268897413887164,19.412760056001414,20.74159580458865,22.33178628135493,34.857405170010495
15.063231509271294,10.989323174512856,15.293928695022588,19.79212226961992,20.311589718606104,22.201572919203148,31.088077079171573
15.534491965852308,9.523235795795191,12.845792722589149,19.194277776105444,19.485771628551923,20.456368801900894,31.283927618176197
15.753277760171462,9.988242799687585,14.532056297908488,17.767395786743858,19.13473532172539,18.37671020933802,36.73277692773518
22.797913170622902,12.870013430721018,11.293850367449828,16.090290692187136,17.789445954365764,17.123488178957686,32.943451657186216
21.184823450883233,10.784247446305182,17.27966191400565,19.663219853116527,19.510898866356108,20.883193824767623,32.0347834081427
17.223463099164174,9.338274451569088,14.74314889311508,18.855232668241655,19.374780710845382,18.155063758528055,30.84027896449165
16.635733873904723,9.040101580484079,17.122765005687256,17.69347256352335,18.4210670193747,20.22315174449486,32.94453671764
16.660528481522764,10.651000283003997,15.305057325901943,20.44301209756383,21.275323014161575,19.65794006662162,29.022161721584848
17.151451511212453,10.748810937456227,18.097016895421714,18.358777956883163,19.381342819404043,21.238461153948663,32.2835256971915
16.41487306436,8.976947196352688,18.69567223220759,18.799755506675698,19.46328964879588,20.374789770526142,32.96444078429598
15.500925622933073,9.991407387376979,12.747708749004264,17.367866550047278,16.498126161301606,17.689918454589023,33.953510228979944
13.037118206497942,12.18374448042855,16.246687585886765,17.61486209283385,18.95430803399616,18.59309848739053,31.885990509693197
17.169722265568005,9.998785459366234,15.73720485009737,17.505548976114415,18.256571388432416,18.06410149506319,36.31572649917557
24.16698706186043,12.632389142811824,13.30073184428543,17.066242544343854,19.05287751469482,17.595709712033138,34.71582736354321
21.972174698032834,11.525712186849448,16.76353485667369,19.541158547463606,18.810180566185377,18.12993977901858,35.65582621739224
15.856134188693698,11.15599563437875,15.578169122900794,17.078709603227697,19.10377002449333,17.65746890612348,34.04758050814572
15.60628304720106,11.876204635253123,17.406609166268137,17.637002604150858,19.604984563685875,18.853453212227027,34.72564677629948
17.495744460528723,9.72114267340525,16.58857444348953,18.64225849312402,19.441408113854745,18.905321782623552,35.7200844128919
18.075291934458313,10.21476635640973,16.697112776940596,16.697802524812268,18.89679731261261,19.486828911242366,34.72657893837437
18.794188524323147,8.670762756592607,18.217753073292382,19.78656988606334,18.68332440853033,18.79395439130426,36.069146221627506
13.924843153891521,11.487448458874788,14.990789697524171,18.318605337228476,17.675987784959908,17.984295443220123,34.677759893968606
14.116791270541809,11.793993518915828,13.513752517912264,20.277781888610843,20.613994893875425,18.037689333122973,36.466993140724576
18.52323036285292,11.211286504135064,13.841136192945708,18.504083362152866,17.622744899309833,18.2124133459076,39.26143919276914
22.606351512687187,10.5558227275325,13.260008065337907,16.793484271888563,18.735920399120037,18.913308176239187,33.368804737746515
22.557406075662026,10.827331089864419,16.297662179413443,18.88559377090628,20.17071917611812,18.345143592587448,35.114041358762194
11.678729590554608,14.72368500979278,20.72955708580525,19.43032541606232,22.017482722886452,18.0600449752576,28.753151152973956
14.061618783196979,15.509216406784846,21.315635720091826,19.110252195648222,21.722428191019937,20.102659706958534,32.520216320756056
12.86005275474804,17.86831838431614,22.94730193379666,23.575945080662674,25.919956160420863,21.944929419270387,28.73853270111144
11.867117814800379,23.77407658040071,25.240829952598006,20.62696792548926,20.82829248109268,21.040436691375533,32.29210036433571
13.008665729554362,18.063307310435505,19.886420974919034,20.994241496987918,17.66994878514173,17.573952721137836,33.88596887010402
15.68808671727552,11.359890662455584,13.389434054636272,20.746131606364113,18.535163038654968,16.62833546408776,36.95300122656049
14.558268417806095,13.211638629712336,16.97899335883643,20.867529844602767,20.560817478940542,18.247253595754028,37.36721875032093
18.75945892373825,11.098228608764757,16.249024086425344,20.207144878806567,19.836495529605983,17.301601742979166,38.263812268143155
19.512963552467657,10.327306581653055,12.84970930237382,19.22222036900264,17.590290094483063,16.28755808143342,38.49316196470623
17.411304222870196,10.014287644359065,13.010873871774264,16.38883923858844,15.007778373230273,17.11388567893982,37.5694028247838
18.47405818961346,11.51328252235328,13.721566837801895,19.776726488678822,19.614021210385168,16.979851265852417,37.62683707315397
16.911640469091463,11.90802530106491,16.784357771328576,21.359687402691023,20.37921182402417,18.35927571247623,37.99183685677257
19.092403447341525,9.457353707300754,17.9261611106675,21.284223816509346,20.433299094374863,18.061173821531348,38.19604421631723
18.78110664035494,8.028480762664104,12.498006221153993,17.88153360989878,16.734076593756626,15.772471411915674,37.83677503669245
17.47178143404115,9.823164824517734,13.641161480403118,15.719335101038485,16.14654635952239,17.783297467537462,37.15609086068591
15.709202227869058,10.658294516530507,14.05843080746226,19.11396279575,19.173463979007874,16.995686166978935,38.19505038082628
15.814270166343222,10.88935690369217,16.977056825863727,20.08688691175381,20.655691113056694,18.51672765760438,37.891295991471615
21.190150810085434,11.279547800943789,14.61280757125972,21.60087985953961,20.12180910661353,17.71039682265028,38.70181553556322
20.341408153205816,9.061133044503975,12.885088891819747,17.536873055399294,16.924152023998925,16.720036488467613,37.47659876595936
17.54301310901573,11.46937752592499,12.404821011338688,16.360044539783374,15.05488722380724,17.41157175034267,35.61434517195649
18.16462469883582,11.632348259280922,13.305711719235681,19.19690398346052,18.296510125637514,16.47911414364659,37.46145089445609
18.205729434895343,12.609612506394262,17.341253279917005,19.220476782524237,19.44904927072532,17.429431307707997,35.42801279549106
16.769247836003373,9.718673616142246,14.32026683418202,20.792332934984262,18.922568952834485,16.368039906279407,38.73514606009416
18.095557203994034,9.84625653157763,14.36448450175563,16.009517460083966,14.503438258651705,15.306457772178971,37.016001346525535
16.15432603083077,10.020881835663987,14.23594047994476,17.057260796535395,15.366782362957998,15.969428369539292,37.186577532453285
16.25780456271572,10.756538225697392,13.442648790402782,18.52039757720246,17.955579491305542,16.342579134788515,37.74500247743617
16.949328335212748,12.7380455239249,17.533097939595766,19.446054090621526,19.27344374168943,17.734044012492507,37.566445306883836
20.240976180527312,9.792993248017645,12.878677466223666,19.020916476270482,19.85036733451336,16.305111785591908,38.94884569685646
19.473204734694228,9.443798693038941,12.36363067322131,17.86469147256381,16.315569520492673,16.845214948528426,37.279058388499884
16.825910066290966,12.328490317912422,12.76463314276258,17.51808975880019,15.871080422985795,16.056816276406575,37.934726968172754
19.003771052154864,12.925699346539696,13.464547194286382,19.583307371707104,17.911578731399473,16.23728611341321,38.082509252246226
17.423661392475488,9.04899956541639,19.028905017054804,21.43208198422083,20.862496987278845,18.160138728658413,38.891697734226156
19.103803064646613,8.65954324846456,14.941919639863618,21.082304277436766,19.233068104568698,17.034590413462848,38.45129464023502
17.737246371411125,8.525119635201245,13.51900634402519,15.786909370873143,15.958883016089946,16.774789708951833,37.169751145145284
14.773435446066234,9.777548408872692,13.392104822186525,17.392874746776826,17.06313222745305,17.399379234719888,37.563378176266774
15.92754329915163,11.204204726648383,12.500673169199644,17.117067129897503,17.12381684240574,16.72126488840061,39.09945163608311
15.828492066203049,10.235767576083688,16.793562924866826,19.816437009798616,19.466826833386495,17.9841960074161,38.523491858047784
20.859233935483907,10.87501439898407,13.638773696535077,19.453323245092143,20.40642721403077,16.913480986708308,39.13771111320967
18.56326775719954,8.838052316284763,12.84715563148636,15.028993499481288,15.29682357348137,17.42365700270968,37.501934633223144
17.17898218723004,8.35575018776099,13.184163772931871,17.17687276679562,15.58244838845517,16.429676336988038,37.3490116476948
16.97623349828988,10.424242625026798,13.951381841014099,19.245048860661765,17.711087037172767,16.10311100641513,38.713850496086955
16.805025664804315,14.298704400194003,19.519062006388996,21.764680238048776,20.49568162605604,17.81410772430838,38.78708061416171
17.446113272790765,11.49544185284071,12.686019018930724,18.830916446888256,16.520385074600597,16.019626136485673,39.476066885203885
14.067607927500198,10.475867152992302,13.816264662389948,15.282346399250532,14.25960219760606,15.98343467184008,37.56541695556719
9.874959332743744,14.775176176665777,14.086127465888081,16.811815794578965,16.55979684449359,18.351052498085497,28.668246656560594
13.78228887004916,11.751964261486114,20.042508950254767,17.799626417651435,17.140907838202533,20.210711370340018,36.962065456895296
17.983866986852416,12.682132549148811,23.576949774293325,18.92178628513858,20.50536044414573,20.346308892628294,34.940773092519514
20.367894083045766,11.674987359896635,18.346594863245315,19.536856341085098,18.186755529684813,18.661255277691446,34.20097713768624
19.550505417320732,9.472833191548784,19.935060294199186,28.60590035085631,21.54299631525737,23.15984483302616,34.905038248061025
23.221061521610476,11.490553289804348,18.824485419180654,21.176427345882743,17.088986325380134,16.44993080267808,29.6045420633459
21.789390404162127,11.12091849832505,21.648479270605137,23.549698137667285,18.783868513682418,21.49774200905231,38.61147699075282
23.090631630721745,10.349432486499332,18.788032549940493,22.866227523565485,19.69422216334435,23.450551842254097,31.89011267089221
23.9949553659484,13.286172047960598,14.763108090921039,18.50640202562616,18.642091155290085,19.695800278688395,36.03873771824174
24.01802668840339,14.152453255283495,18.16008804366658,23.095829123044428,16.24094819727787,22.326151213761655,33.65864823206651
23.89048427065888,15.042080890299015,16.619374549501746,19.01493466888257,15.502455872327973,20.74268154310911,28.606292560898524
21.57838511508545,10.949880816422082,21.32798704559541,21.10979132810864,20.265676854997977,22.84980146786426,35.11271689170393
25.414079792959196,11.086251487616527,17.760453609624825,18.594854859304245,20.01711675057136,19.173730648573667,30.998857283676273
23.348501774365666,13.260484640891018,15.878929346572082,19.50314333612602,17.823469745078583,20.086602796461612,35.94332264284699
21.58793439578577,11.812788168201894,17.50409591341876,21.469090872198596,20.457630812577314,22.954108441811808,34.24978892239377
21.42347668865721,10.384747126497505,16.21565942443587,17.39538000451934,16.916211196408355,18.930708334826143,36.86500008664467
20.554831213539902,11.712247420793274,18.827982108277137,20.86737715410971,20.43780153469428,19.69379561749482,37.805530175223005
23.600831244087434,9.971510298087049,20.029066142383844,23.06601422398524,23.04815049774579,21.442507158524805,35.833742774621264
20.350525761573834,12.79022201803661,16.550241332479455,16.551594257904686,16.88771802609578,16.419869395285204,37.81659613059862
20.317603053429366,13.660741036335176,17.45272690702903,20.319124556831387,16.857684526773266,16.901861638920135,34.63966920988964
14.02276177057486,14.512092775438603,15.475131459893674,16.612584528272603,17.2323768601024,15.560193835913884,35.35873472580298
15.646587734735995,15.298287383419902,15.41353527919665,19.594794871150928,17.992825714955814,17.557515214252717,33.83478178474261
17.665650830178425,12.833375391296704,15.685534109568586,19.712868563012478,21.964676400356367,18.404738664578876,37.35926089891662
20.3879918498919,13.08443733748927,19.350436951730757,22.006447691275064,17.71465615907754,17.99011113402158,35.230865104900495
16.77362125525714,11.642353757239546,19.943347496348135,19.939835683379666,19.11845086854696,18.75776669503987,32.170318197193644
16.75969720499353,9.672389922031329,18.977032146262218,19.676559283092033,21.460197692748345,20.765654376814098,34.69235823226833
17.32731722964197,11.196178326622034,15.772186137037265,15.731051172269677,17.450329431686185,18.893804417871877,35.87280066744514
18.156159476118454,11.162265425461662,15.9401393186119,18.20298625148897,18.134708368000883,19.09005156324448,34.51054871458949
17.656180779575386,9.44297449184346,15.612527741065184,20.472968450416978,14.679973702978074,16.32680951609333,33.95996345962878
17.379976645444845,12.75821092750108,15.394483197767057,16.44657021042964,16.347123799607324,16.259355592679334,29.479624846509697
14.452706545528892,13.88158049061698,16.69664936891403,17.978815949084908,19.05284828604821,17.580974869776608,33.00093381332145
13.750988963734217,14.96155334410324,19.042438815312366,22.789037587120628,24.02714462013916,21.595506380173948,35.30015250941138
18.20261960253336,14.074734834920422,18.430199603288507,18.537545132425905,20.166932452307364,18.28170804652788,33.917929076600686
20.250419077386553,11.314514698435605,19.084182287747318,20.66524670065314,19.51145171742401,21.435070123945774,35.21342772827075
17.22861503446403,12.239569604866302,20.050310610748767,21.71864492689644,22.583635788672346,22.495659953281038,34.95262733680852
14.56695220579229,19.224132357770095,22.671505743704127,22.546920790568244,18.984405133220854,20.763442276984875,36.70501518716529
17.189665151337895,22.538701650405297,24.020715233977874,22.23756002256962,19.046690552988053,23.051653601921547,33.60829319291306
16.150641999910686,17.813008998050698,16.22362156559455,17.697106238058332,17.36721241963638,19.20467610003857,34.235225430665594
14.572044781826065,14.206185380940324,15.1754542051194,19.11804378239789,18.513685974806748,17.036836867455346,33.30172066816161
15.941595733677278,12.569037191625059,14.853981235115064,17.688484914636746,17.17924945920909,18.20703533756366,31.371010713870948
14.814403056335424,11.210404181314063,15.861961856952593,16.740060107410528,16.790232685691155,17.41116480964382,32.23060606665177
15.404738203746309,10.138562556375701,14.300401911221169,16.011033414809066,17.5104048465726,18.415889974424566,36.930210075708366
21.421602409172213,9.543808481970244,13.053027724980492,15.774339541163533,16.839048527886508,15.837617299484213,31.77531113318247
23.74879528663145,8.835679877989117,17.496508234176222,19.03855178279135,17.777450832289553,17.733217031592645,32.54474417251552
17.0359816751939,9.967535824129213,15.589396062121375,16.999386337556967,19.006309387781467,18.521487650666984,33.01964847091776
16.51180052709939,9.875590190983601,17.513150094688807,17.966931453501743,17.595541865449835,18.91439864657456,34.369520367425245
17.052108014806027,9.414906326338876,16.70084479435387,17.649403099486218,19.550570945408722,19.46599136945981,33.644551049152966
18.879255343173572,9.453731120319139,16.01830387186931,17.724317572952543,17.97030013842325,18.95611393837055,35.1487161332198
18.863227796524736,10.015868042263985,17.740607962168735,19.560021681787923,17.94609776934227,20.974254641139243,33.68140916514594
15.36218203387367,11.047123601745731,14.837765510341942,17.160777389205574,18.68032662538427,20.237365626092846,29.778343835318307
15.012892980782498,8.681863714735918,13.744618765119672,18.558917320748275,17.273687190233638,18.29947954977798,33.30616687436614
17.950782154273185,10.76677225488883,14.975104938857754,16.634449418505355,18.728677661740836,16.917297378956594,37.61672942717315
20.561900098751583,11.394858036594359,13.586231758299137,16.597469107389085,18.443239305443992,16.286483273020142,32.68276119929742
23.711711907098774,8.856300488153803,15.501613257819097,17.432693528688937,17.57533082235395,19.22566413905266,33.25594181575377
16.10624729670552,8.658455623565764,15.309989274365604,18.50428583802479,19.06525623236225,17.57811067503008,29.833198147624294
16.470769801968995,9.723653033263183,16.31052404336094,17.260777674138936,16.582204435588917,17.422918576170773,34.01847299531777
17.169038157926195,10.179691084282718,15.66750261761436,19.68854301577142,20.13473403839336,19.760195408888933,29.194094615586554
17.69430367350743,9.254960800194967,18.187375246587013,16.85328159050498,17.357053312959096,19.612789108102763,34.246976947228625
15.49079516094631,9.36144564529076,17.263868243122513,19.020088938440963,17.00471584004661,17.562406924965295,33.41275870520053
14.865841342411791,8.892087079859877,17.925540809344056,16.507430642531187,16.716991517844857,17.428189300184183,34.16617592461182
13.640333042606654,9.619522175912946,14.84632604726621,17.464192415306442,16.774392198781758,18.620969496794583,34.554054318150264
19.547371727885487,10.598210800090872,12.37061137391053,16.34617055123343,17.418726870741885,16.988613115182826,37.12193466506841
21.115894599059274,9.371674802582342,14.95666811880408,17.032736725467704,17.510349696110836,16.54788546383875,34.91016132837959
19.683517687019577,10.750880243628087,15.069738970032684,17.84989772987801,16.63812073910206,16.778408688909757,37.12694984608342
15.249304504001303,11.181264351778179,17.35321944979387,17.333785300986552,16.48163112594368,16.448182461954175,35.025853834211716
15.68222172750465,10.500927259522213,16.591916162084395,18.20783045217058,18.44838446087769,17.625058789300855,35.90195894940387
18.100724204841573,12.136236024190156,16.33033135283386,18.498375440177036,19.417041207359524,18.56197170238188,35.5590437756212
18.573642239432793,12.085738400095261,18.38196004352019,16.5491050476723,16.103342884087233,18.84644219589993,36.26717255939259
19.24922015719082,10.847691638194204,17.767814849629854,19.978825470153243,18.34152532369608,17.9249759002519,35.68074653555782
20.59910016609078,11.521278232688475,14.280362334583755,17.83308496300917,16.08716313633075,16.2078615985371,36.51944175536375
21.425885854026287,12.076406066069412,14.10539127157444,18.569587520704523,17.850259964819987,18.85799743764755,38.05959881451667
24.7779533535647,11.493602734005826,13.76419948500603,16.452319338429888,16.169138179593123,16.329325604692475,38.17844576508466
22.101774221719072,10.016071602233403,14.066704549393517,17.817898951505217,18.058302215712025,17.048655734388582,34.814240472546956
18.630403006247228,13.967039684542554,16.122059582747138,18.983602352763924,20.653437765242764,17.627566805361397,33.425206955005386
12.189796642652256,21.46100144269643,20.760111437806497,18.858444986374515,21.770188359641402,20.638593886237693,29.838039919414054
10.769093018482623,17.651927562754736,18.282728205234406,20.314272507786534,21.284391149249682,19.09929888866034,30.621824013169547
10.54073177592931,21.927403438406824,19.582654595060024,21.769718590070465,21.782200695679645,20.592248533140264,29.887511087414254
11.628388998439407,25.306148889778797,23.29675848594672,21.318703968440445,19.21451573486456,20.453775111065124,32.00448227547481
13.95422599224314,14.411031952681752,16.51874176269186,20.182022832822916,17.10726511690762,16.404189155449235,34.50505759049323
15.657772492626123,10.988535995529702,15.293277699578175,20.283699772477085,19.12465413301258,16.617560457893873,37.63730536393131
15.847640538742917,11.208549179630129,18.312612240819494,20.843737454008856,20.440262966487175,18.176830532619142,37.55513149584386
20.070861033821863,12.496025903184258,14.767605513096015,20.789375480814776,21.25389978637661,17.000514034284414,39.10554298344139
20.5424982260114,10.589479551568463,12.869630827528255,17.70143980694621,16.262255926385432,16.63316810397992,37.92922476830791
16.8911478524281,8.879481608590636,12.98825229378295,15.933886962113688,15.08256931568447,16.081720418297017,37.76906880614199
18.848377092566412,11.175790502799163,13.913820779087429,20.8305715922587,18.853156001126873,16.68571839854127,38.665779839901944
16.88673970624083,10.608956575508556,19.24024971480963,22.05109240649748,20.546919477250082,17.99901804120678,37.83628298368053
17.4886172560441,9.488268148875225,15.601209690821914,20.74848858149951,19.774611319981723,17.430886166042647,40.59243301210585
18.611386754533374,7.003152287132385,13.634613474774538,16.639201885933623,15.726349760287961,16.622418798622412,37.88228190062271
15.991921641265645,11.389367952044848,12.777235871019753,16.494028781041504,17.11777425909837,16.481514487691598,37.15871817919011
15.161206940132637,11.458499246618805,13.44853771638111,18.673250012263953,18.53179672014522,16.95841630476269,38.40385234939503
15.760965337699693,10.587345949670999,16.79615286769972,20.330264403758715,20.04194185432115,18.393709430264956,38.84989853321303
20.84850635250725,10.498915906208438,14.180906710433659,21.143280620004866,21.238683104523158,16.837032436747506,38.6929306100686
19.084916119226868,9.8012408088518,12.505552448927201,16.415806561542936,16.493656833560678,17.450487395673033,37.518286124418644
17.06302099880267,10.04991389510668,13.518871739579174,17.676502271948724,18.078801861211982,16.735380125137645,36.43159926143711
17.948177436188455,8.285871154754659,14.624277436044654,17.9514055330134,17.239348847816732,16.071889001811183,37.563830797588345
16.926556798821398,8.862249103172996,18.385559615905336,20.911596825026212,21.48719350724158,18.41853588165913,38.2367486447904
16.784060793576263,9.76803136938533,16.43964974915349,19.722985648451417,17.63663479686716,16.340721050383063,39.04630074300251
18.34664231288226,8.736705336528445,14.622723391533787,15.280984341799813,15.52312393322749,16.60138797485056,39.00783569925418
14.386799372378796,10.771492551357976,14.441037066431765,17.79974806546354,16.99408718636913,16.713594508767066,38.291708989211884
17.041525913514672,11.616594251082889,13.157219483899087,18.360716141396978,18.1418527959458,16.099938275417248,38.848557003949146
16.762841329089905,10.92772972944734,17.290222393007603,19.46216562640274,19.824464735095496,17.885807798623315,38.571406365641316
20.98556882685568,10.260270114642793,13.946296129653883,20.06889484388987,20.60545460048895,17.109338729017722,39.01390086090087
18.68034303498858,8.131258611529379,12.365454719092464,15.81067943709085,15.327723184926981,17.148332573189357,37.43132879566962
17.259305594839244,12.004373336092108,12.757531151157801,16.9297169841407,17.73238067744423,16.42161823479078,37.80417477661502
17.170535477442158,11.44523606182283,13.983296072485263,18.043762109413617,18.827350648057685,16.745168969597724,37.53209729282721
17.639851578207388,8.189189414924243,19.62495274478859,20.96620084542471,21.384926366986203,18.692365036412706,38.579395922592234
17.964546178522976,7.753512428396683,13.755310681969018,18.637671670008885,17.392091547798294,15.920240815206927,39.70896793484556
18.35095432634419,7.709321541910981,13.949597327905257,15.885401742734834,15.757902454413014,16.845705367964225,37.54728980069616
14.32634964039512,9.263711248547061,16.892156700804325,17.26191660457126,18.043738705292068,17.327379688079983,38.283545931402564
17.062679389753185,11.897570773001748,13.492712395623531,17.794596113333224,18.037854563840693,17.152497836068015,37.93286777408804
18.82537436838696,10.959495839964442,15.685490754288967,18.64111136712179,17.76021602002258,16.343850430666183,38.38467147107595
21.47873999123156,9.8543187457711,11.773887962470766,18.591590300739092,18.101422477522576,16.293927986740176,38.25332648863909
18.49387701625249,9.067705130675687,11.990705910559187,15.465919140061493,14.46463750648554,16.812582887070146,35.55637622125864
15.614843534625527,9.579713862596948,14.66487372802593,18.814697980935,19.163471523210532,17.041850811172807,36.52917619306482
17.251594555751364,10.195140405444816,18.474794142229044,19.037604977936073,19.41988128600068,17.796667959228607,37.95602648652654
16.619153588146474,11.037906119718919,19.100560662949533,21.012265418702572,19.93713899094025,16.752738064896935,37.826527166873504
16.223360119529946,10.548473341764007,16.138313561944308,17.544131684084714,16.739566764995452,16.400732630090715,36.20899467136024
15.952534262071676,10.157584688840046,13.986406764200058,17.617588970640444,15.24451647541613,17.338234888541102,36.56575004828117
16.07986365375957,11.882023261524038,16.7343151393824,19.17791765254724,16.323239244824347,16.78194476769723,33.84305704564494
18.90996956841752,14.28184422147054,16.171161572737716,19.11521046813704,17.051204836519194,17.044302759911474,33.690323731733656
21.811727724584895,11.388364174170503,14.455838117225122,17.690578306792002,16.830042400236053,18.14107510502476,32.62746735322781
19.06983737416362,10.308875310305263,16.44685238255116,17.305021273256568,16.492492608156795,17.063316823654226,33.98568631419124
23.434333341667983,13.62033288675161,13.763171325069065,19.07975668603985,16.649042245072675,17.557522322132442,34.6053674220653
19.985156418316762,11.18442412457428,13.567619190272893,16.280907531965802,15.527555217158525,17.46753031587579,33.03181340238287
18.92624636517676,14.642548926681515,16.954938653108854,16.607576158509755,15.122040129587411,17.225867035432774,33.13168032128685
14.582488583491163,12.086602496698545,21.40156123911876,14.984940117222624,17.845795608746386,18.923126769146737,31.29456850729602
9.15014705397689,11.54606300534726,16.182732230128373,14.910875919058384,20.472382835487675,18.157477213256175,34.01595851785639
15.078328884590524,11.74548749437828,11.331101497814538,15.68050694269416,22.633856076611725,19.231158516098713,36.91373420322965
14.77510821581895,13.221687681457366,11.733659443237036,16.41320670756264,22.529146298863168,19.81776907404066,37.56310811108246
15.848151062480003,14.333433916921184,13.434442445089502,21.75055468117663,21.436777548013275,19.722013060193003,39.705703464150176
17.073413082718993,12.349421396962352,14.304160293763246,24.41339416638723,21.772301862649172,20.00180489351743,38.11070130594346
18.955083522829547,9.877906270379288,14.858629168811596,26.242583414633685,20.907319725134325,23.75399411155213,38.60385661745362
21.320604976856586,10.944759585715454,14.268161660009781,21.958654427882838,22.484658565948234,20.292706521397204,37.083577756107566
17.976220196756525,10.385032507436263,16.045700795751685,22.15524333605724,23.128716380312927,24.312534275524794,37.03211673971517
17.132441375525335,11.598399920692998,17.74430346558663,18.784117507819758,21.747876298781456,19.49260922021184,34.469097835696
19.24078297017945,9.831159441943397,19.725719611026836,18.1738000922213,16.59069956970701,17.270914478131257,35.19084111243666
18.66501576152815,10.084893625417989,14.859302101028643,18.93107127108917,15.584272274135444,16.403112595766462,33.362822727567846
18.014387056110458,12.99216446651875,15.184043084382692,17.52949459997105,16.782577744603405,18.6094884125293,32.36216770816109
15.051909461307163,12.919280993762717,11.784966576917249,21.258229124337227,23.04452096841956,19.11275794456747,38.99424655129618
15.142319470592106,14.501258454565047,12.531799732538923,20.476629638900516,24.863656231996675,22.901201000648108,38.56692628755543
19.410967474663416,11.609240931377084,11.637946683171645,19.76273342813999,19.206324556997714,17.215339148180952,35.410614184953644
21.26305430732257,9.855704244937648,14.421396481319896,21.683466857311366,20.479776077141068,21.66050150688177,39.773420943367064
20.25819139383968,8.63232718584275,13.23423350080784,16.75359580026524,19.979695933196606,18.545365477838438,37.527221708786094
16.924186884140575,12.046429773669567,14.379336302290598,18.960518007891526,17.8815345887682,18.582749433144997,36.33593313855128
17.403701740421106,11.931735226292128,23.437916712569578,22.197014165187774,17.079976368943996,19.349883876284512,34.1955967900648
18.01819920675705,11.380654247597889,14.66658465569742,21.17704938212736,16.822531889636103,17.542566091798335,38.07576759759502
17.593136195691063,13.058014725013555,13.072999859221422,19.662309675930008,18.02330403764734,17.44466709762376,34.39265248474051
17.05315685258703,13.114322242510697,13.535354148920572,18.514450872840307,19.726788536754967,17.86540631540887,38.235574941942296
16.738245798829855,12.27141893696308,12.68203773464186,17.294450136874087,18.561108714015397,18.053121711989707,36.13424128378381
15.057626592655208,12.64577733153647,16.319759833769297,19.33007066097323,20.30586234457458,19.11604826431466,36.913940650922875
18.079836064249463,9.572023776798252,14.976003836320292,18.70192029400778,17.45926714035609,16.281520454712332,38.12824704916773
19.977681391963845,9.567166514254001,13.466337924513903,20.936400765879938,19.23246011847315,19.374997081381125,39.02249342276376
19.736906898153492,11.644338147174556,13.363835487233523,17.12574366680786,19.58879806796183,16.715498709368827,38.06182090205551
17.35674996484595,10.255774148820667,14.061690023350367,18.527796469519945,19.152576663489047,16.531269661800764,35.54893988768533
18.154698082338257,11.300580624758878,14.882500172777597,18.791613472628676,18.81704479743444,17.279016222717107,38.22280230716506
17.691675369189024,9.417572267331249,14.957379718653971,17.741057830617116,17.11892765126429,16.067158431880532,38.21391771639377
19.774717328874445,12.770666001103121,12.905286485907045,18.4094706279958,19.59331538656374,17.053779511746065,37.897193239513825
15.637959251825972,11.51902001541845,14.154933096106431,17.45632111993189,20.32093677812664,17.96672067962211,38.72611619883329
14.874817821543983,11.844341498368514,12.83534757261671,16.71465255529266,18.45993042192339,16.824815057515533,38.91592171073765
17.357599079709804,11.270195370938978,12.839697488787822,19.539881229056483,19.448070173758627,17.899855295835515,37.646384073952554
16.108061020558054,9.667608422635555,14.148649800470826,20.96202586784151,16.769907575724393,16.434413262280906,35.99658317979262
16.990253179581277,8.595209334605874,14.395039856861173,16.669341150785794,19.291033974973455,17.461692146851757,37.73085984218973
20.76487046049921,9.776177399889715,14.972924119160266,19.80818974210156,21.7020186618838,20.067156293299195,34.42544161447621
18.356312697172807,11.134559609461002,16.8123376501325,19.056523291840143,19.295954457975196,19.89930899514345,33.457344609771845
22.433792599657558,14.251176835615041,16.613980953604603,21.471552540062998,20.89684328028496,20.664983010779405,35.951846869097636
23.01833505102021,16.52485660714894,16.466573985722732,21.694270419964933,19.82454649735821,20.930454577830393,35.896061390424315
19.051977241977635,10.723762959384336,14.062815308406032,15.586868498275306,15.817461971268731,18.232489633673303,34.30599668807606
14.78692664662763,11.049315346365523,14.697111643707002,15.550580105863185,14.862532895784415,15.505254334497277,36.284340607270074
16.277351217707793,12.311839748527092,16.22660265555775,16.252985117228185,15.867688145831147,17.270116352211076,36.04235610540619
19.46360506084308,10.920599757428581,12.481755332306314,15.863023330098587,16.055327043701652,15.968148804616437,38.14849138724613
21.934619808816777,9.898441934525273,14.07425409674666,16.854889730807635,16.02489882154698,15.277874869737346,35.2166120000094
17.840668674223075,9.373523079079753,12.200390514569952,15.34116159905422,15.902020002721276,15.90093013416939,37.68631827602988
18.074926119026514,9.16623945087058,17.17757299187207,15.597580340043091,16.174702744689775,16.21941788784358,34.75623525919797
16.568151169423995,10.365973344692462,15.721475998255567,16.9945060310694,17.501564382794562,16.65043546379157,35.49500451491615
17.320161997464194,8.817905113388822,15.156867043756593,17.33512806238571,16.148931743887804,16.624228642327658,36.821139053124
18.04348780844464,7.895149183442916,16.274629481698984,16.86369458125719,14.598819514754869,17.096847725841666,36.52590988299561
16.8265258307046,9.375004773303816,13.98494209272852,16.141819059526505,16.517877138644614,17.993221738812604,36.023324567729695
14.98578106360568,11.231905393900716,12.393933206268285,18.14383778123806,16.09051030942165,16.02344109022727,35.84099650755387
14.447173635023445,10.777249356355147,14.304692635673286,17.17414250982173,16.932362682320022,17.402805690648098,37.29493387999618
21.878785322350385,12.12561789997484,12.647735213421809,15.741569070372849,15.392574173838272,16.287912574906976,38.438511439661475
19.71253627450944,10.449731985466611,15.5599504349285,16.83228473719564,16.38991470298865,15.78191674231947,36.67197554005695
16.19728615410956,9.19336890251725,12.680153894936634,16.207627326169685,16.245699617111445,16.03690898835399,36.44093929068828
16.226629208043956,8.607633542836775,16.062960151130067,16.190439033002477,16.181835690157637,16.28709410977008,34.57280978433136
18.279316442464367,8.38428334842048,14.478956527393843,17.028897481008325,15.958119477349253,15.423473961663586,36.28058578329912
16.747558056449616,9.748477585563803,15.639001016937204,17.322871855237544,18.090833436325397,16.782521904487943,38.365373210826874
17.54495101415433,8.761065466082055,16.212424254077213,15.298333789702637,15.615454961129672,16.542824696162395,37.58745524232651
16.23973396208219,9.499606186915244,13.66931699486241,17.3992158816879,15.624516079668501,16.82668506281149,38.232419666008425
15.311318065932925,10.60131829454269,15.543211908390942,17.7382488717354,16.048078950822823,16.12486287714931,36.643222962770096
16.74433079820469,9.117216827947106,13.845461924026857,13.993610541489733,16.149025143356287,18.125848634504237,36.020033528804966
19.991121387307775,9.905902770676912,11.787076841421204,16.041262293189135,15.934602884335034,16.03056372318482,37.515805779909186
19.645084569740774,9.842861057548545,14.040339557362033,17.873590172939153,15.901241674620046,15.415798159546247,35.87083979644539
16.414962512953647,9.370332683553912,14.120062096428308,17.46432048229421,16.231157683939333,16.261859460517044,36.17198914807256
17.626343118911066,9.331562570813212,17.988642824759292,16.521910938952473,16.40165778011559,17.005409014597237,35.21757102304043
16.222951251684787,8.613664617952528,14.394450022489838,16.09194404322057,16.553345569141744,15.136351874641573,36.296822594907454
18.04888977944975,8.80462185301193,13.77270031863451,16.60745559796038,16.82105059688163,16.887465086364628,36.209933218098406
18.011932440894,6.938078557759064,15.850665371463583,16.109085427710266,15.692284771887259,16.98796534089888,36.4537040703895
15.790831191549984,8.971279582861031,14.635180085774454,17.519609718825723,17.51712313472809,16.802140750932672,35.45714958013735
16.11180620402812,10.677431784108613,11.675965336913531,16.87285430556696,15.507037076051818,15.63614770900135,36.81190717706567
16.018318409384676,11.21384151984745,13.189534015707189,15.806152500867647,16.325046009902575,17.090470083480422,38.62931088204132
21.88954695913322,7.898437789616551,12.099278314518102,15.554734783302667,15.844178547418611,15.51285682951373,37.70034689542038
19.22120143984628,9.38612351967182,12.039772950294914,15.993949014716128,16.15934636628737,15.933067984283925,37.761073244364475
18.50664226350764,9.229254424939139,14.28760769767866,17.840480823241823,19.920128115472117,16.604969168684114,32.795534730752806
10.64033329473956,9.565138814427705,18.299524458225584,19.256086354058876,18.723625980372002,19.92532698471326,34.39197646214572
11.69452579419375,11.203866975311023,16.775674961150088,21.26705830716208,21.54250070229489,19.881884251936448,29.76696780857051
11.873484059076887,14.210298905826832,20.192275426420487,21.533340390042145,21.548368093628838,22.5373806056203,33.385895037167735
14.090195033743036,15.774784953575205,17.035522721016186,18.275215801924535,16.914000166499193,20.247645355865163,31.892779236646923
12.991197060289009,13.814977552228205,14.700014901928355,19.849662731471515,17.222470105302442,21.730488858271393,23.79837262224448
15.108661753654312,14.911850730232718,15.886530654888777,17.98928196411608,17.777132002397178,21.606073076155766,16.997470485878925
15.038725586539744,16.50173439294189,15.465094444461062,18.294673875387623,16.560965929740618,21.478805013544036,16.15241754256692
17.511109474026817,14.906310247022557,15.645977669574249,16.958502952112074,16.619877773611723,20.856801056956318,15.9183896084474
12.64814079606874,16.131062568142408,15.449682674114651,17.089159526885222,16.339531833511987,19.647183016421522,15.918452408158753
10.783201531821408,16.988133067840785,15.423734903907249,16.461150489906725,17.4354941620245,19.706226191893485,15.658457592511505
9.116471633531793,16.544702823615022,15.371580332667632,16.745580471300627,17.953863489532527,16.80276562777506,16.037301742127774
9.462482897579163,17.077663582763606,15.957495143476528,16.90753187826165,17.614541520934093,15.673542667580449,16.96588129087155
9.0747412492616,18.39799771981852,14.420721800035967,16.368734193289992,15.474670544724523,16.573949203013584,17.146600955495554
