Second,Count,0,1,2,3,4,5,6,7,8,9,10,11,12
0.0,213,-320.23203,116.953514,-0.46833155,-11.911302,4.449648,-4.4330664,-3.2722228,2.124766,-0.45547542,0.83707756,1.3025992,-2.0328443,-2.0359254
0.5,385,-250.53766,192.73517,24.544922,-17.710718,3.7078924,-3.0237231,-8.716706,0.71310276,-1.1839958,-6.7486353,-5.0512953,-4.993924,-4.1942267
1.0,445,-218.42363,174.63657,-18.73647,-7.1561103,11.398798,-1.8641866,-1.7303939,-0.22551596,1.4976628,-4.246172,-9.416469,-5.57947,-1.9966743
1.5,395,-221.75766,172.63043,-34.781593,-24.933502,16.910152,-2.8661883,-10.973242,2.682746,7.2707987,-1.1417668,-7.3909216,-2.9542205,1.902749
2.0,411,-167.00153,177.95848,-54.48248,-4.6769934,14.719464,-5.921332,-3.551313,0.6279533,-3.1329348,-7.813153,-7.3230987,-3.624477,0.079858005
2.5,375,-232.19383,194.26564,3.250076,-22.966831,11.006126,-0.58214444,-7.628299,2.6130173,-0.3107212,-6.419859,-2.3536615,3.871467,1.6572298
3.0,362,-227.91505,189.7147,-6.837346,-23.099873,13.246859,3.1170595,-0.45990193,5.3435483,2.527693,-0.1337676,-2.508465,-0.4171053,3.3747022
3.5,390,-212.935,197.61165,-16.077568,-31.821009,9.623878,-0.5726038,-3.579808,3.4441934,-0.10449487,-0.044937387,1.3898947,2.0004942,5.2259097
4.0,282,-233.76093,193.05348,0.71130854,-31.780685,0.026510682,-5.1408067,-7.9914365,-0.016415674,-1.7034378,-2.1443923,-0.5436526,-3.8913014,-4.920325
4.5,329,-240.03152,198.27814,19.324348,-20.569181,4.137019,-3.3671875,-7.8450446,2.4232621,-0.396798,-5.5883203,-3.867047,-4.9978604,-4.7894607
5.0,350,-234.57047,175.65904,-1.9458477,-7.7520494,7.3828516,-0.9556292,-3.7568157,-1.7316823,1.4324564,-4.7616467,-7.1687655,-5.649016,-5.103334
5.5,353,-198.3033,174.72551,-48.687824,-16.921,18.146059,-5.9548545,-5.380247,1.7157234,5.2746587,-1.0833707,-11.525429,-5.5400243,2.5052004
6.0,405,-198.74239,181.85689,-42.181767,-17.045874,18.815071,-9.627426,-5.515321,2.420339,-2.1733022,-3.6152482,-9.585739,-6.8235826,3.2810307
6.5,414,-212.5956,203.20976,-7.150671,-26.263735,14.022385,-0.7788406,-10.441126,-0.5771691,-0.13121001,-3.465879,-3.5265613,-0.6596779,1.9676743
7.0,459,-242.84892,185.2074,3.2535617,-22.712648,10.411457,5.174051,-1.3286786,2.6850111,1.6213603,-1.4251075,-3.0786278,0.31889907,3.8014338
7.5,465,-210.05614,196.09348,-13.171529,-24.563185,7.517828,0.6546311,3.691061,8.849405,0.058815867,-2.8591971,3.7696204,3.5712326,3.825516
8.0,596,-198.21593,200.48466,-25.436583,-32.67622,6.070443,-2.560533,1.9518163,2.3840106,-9.270082,-8.943546,-5.6135983,-6.446724,-5.0792055
8.5,572,-213.62263,209.89815,2.6389656,-27.480673,9.03884,-1.4184245,-7.4950547,1.8289734,-1.8570004,-4.461578,-3.1692955,-7.56671,-7.1560044
9.0,615,-240.25336,177.11206,5.0279455,-10.787923,4.2411733,0.8670443,-4.140413,-2.1897728,0.57659894,-3.9013216,-5.0308537,-6.3804455,-4.475996
9.5,647,-176.86868,177.25,-64.13474,-14.178589,20.392265,-8.122776,-0.10970311,4.2451534,0.18590288,-3.1384559,-8.01556,-5.552634,-0.8907836
10.0,665,-198.22498,175.18166,-47.846798,-19.454742,15.849571,-4.4359884,-4.3186245,1.6198313,0.7203068,-4.596066,-9.97711,-6.581749,0.7894779
10.5,722,-216.97038,205.03438,0.21939696,-25.12098,12.763233,-0.7274182,-9.701646,1.3040088,-0.15502617,-6.79962,-5.3857255,1.6265103,3.9982445
11.0,828,-191.7874,176.51526,-41.84048,-6.78446,14.986848,-4.1642036,1.7886742,3.0813706,0.81350416,-5.6806173,-8.372578,-2.8007529,-0.62268233
11.5,825,-180.40982,205.11128,-29.50134,-22.804419,15.837022,3.449864,1.5044204,4.179801,-4.162955,-8.677428,-3.1276238,-0.13306215,5.7450557
12.0,980,-200.6097,188.08768,-32.671978,-27.94146,5.0888414,-7.249924,-6.8887796,-0.29587612,-2.8057997,-8.52735,-6.723403,-2.7867005,-1.0557513
12.5,1036,-207.59746,212.07544,0.33667684,-25.0718,9.812454,-6.252269,-9.823305,3.3320603,-1.3106322,-4.3739195,-0.9824557,-2.7892704,-2.7162042
13.0,1127,-257.8995,186.61711,23.040047,-18.411053,6.3146286,0.3911767,-10.797095,-3.5542169,-2.9128048,-8.0841055,-6.672328,-5.159222,-3.730625
13.5,1445,-268.7927,173.62689,16.56637,-20.086048,8.963965,9.701673,-5.93826,-8.991106,-3.2312913,1.1531582,-0.3532135,-4.2086,-4.6831083
14.0,1429,-251.47726,163.8044,-7.7256966,-16.642277,8.479626,2.0849462,-7.775834,-6.9940057,-1.7764126,-2.401751,-1.7666912,-5.0599895,-6.797
14.5,1363,-171.25215,204.81715,-28.314209,-13.66871,11.286026,-2.4516666,-6.7691855,-2.6189003,2.7513912,-7.5004115,-8.095912,-1.4694684,1.8033181
15.0,1405,-185.95065,170.98479,-44.347095,-6.7409315,8.117735,-2.3154452,-5.169412,0.097441204,7.749154,-3.9933028,-5.004965,-0.3852052,1.5219707
15.5,1362,-162.75883,185.09525,-26.519379,-1.7586769,-3.9047904,3.6600857,1.3336052,1.8931957,2.0742738,-0.21373163,-0.7820921,3.0391474,5.296601
16.0,1346,-96.07031,120.367355,-23.658522,32.818638,-28.364838,28.485037,-15.047298,-7.2245226,-10.80514,-3.8062317,-10.636908,-0.61152756,-9.246581
16.5,1296,-83.08845,115.79009,-12.457781,67.51611,-38.564392,21.847897,-10.540429,14.117493,-3.14434,-1.3368949,-5.9680305,-5.7054768,-8.877076
17.0,1333,-113.58679,108.50583,0.058582105,57.209877,-32.140224,14.787971,-20.120083,2.7538538,-5.712561,2.0939069,-13.869964,-9.215897,-11.030996
17.5,1507,-98.84567,89.67464,-24.880249,54.176224,-24.84414,24.815855,-10.079859,-2.1642485,-9.769257,1.83713,-6.9901977,1.3230604,-16.31656
18.0,1466,-170.88414,118.09951,-20.552855,34.128033,-22.30789,16.791586,-1.6851854,-7.0759087,-0.456197,-0.48998073,-0.9959457,3.004914,0.0070328047
18.5,1385,-143.76366,147.06244,-6.631563,36.373722,-15.517028,15.07203,0.075659074,-4.067924,-3.4367292,-0.04719579,-6.768571,-0.31094062,-0.12612936
19.0,1438,-114.62792,112.936516,-3.128112,44.57345,-31.473875,26.756584,-12.574012,-6.392379,-4.8896914,-1.6572413,-13.972131,3.5934956,-6.6147494
19.5,1486,-114.46975,131.952,-18.460808,46.521,-16.82249,15.634586,-11.151967,6.0229416,-3.8769226,-10.971476,-7.1455917,10.971933,-1.6471078
20.0,1565,-121.00638,125.81743,-8.4490795,24.795969,-32.882942,23.61263,-15.943139,-1.7983238,-0.002115222,-4.0518436,-13.564704,0.0651465,-6.947917
20.5,1556,-132.18161,158.54346,-3.6315477,28.27586,-18.259268,15.060791,-17.278881,3.6797535,8.040398,-10.4483,-9.370287,-7.1751404,-9.03523
21.0,1699,-103.46765,107.00738,-11.910253,57.461227,-29.894667,11.597843,-13.743432,0.15047269,-6.637752,-3.1142173,-13.673496,5.533859,-11.386731
21.5,1831,-116.199715,93.3982,-9.492741,47.959972,-31.957357,29.606607,-16.8395,-7.604623,-3.74951,4.2142997,-10.642121,-1.6792791,-14.696141
22.0,1994,-170.06088,138.46849,-15.089596,15.538526,-16.045286,12.82332,-13.181876,-2.6221943,4.3326726,-4.6391335,-9.19687,0.50793874,1.6506416
22.5,2090,-170.53424,141.60577,-6.623167,34.4668,-10.156438,15.445388,-5.608757,-7.3115063,6.2957716,-2.4235406,-6.073299,0.92911255,-2.7464209
23.0,2266,-98.74182,108.57969,-1.9658895,53.607872,-27.81593,17.248697,-17.99607,-20.37255,-7.9877324,12.281761,-13.591754,-3.924304,-5.8360057
23.5,2364,-147.18773,151.02861,-16.94172,25.818888,-13.857158,15.1207485,-7.4394383,-7.850162,0.33931023,1.1224221,2.0338156,3.531846,2.170778
24.0,2467,-98.106705,98.45696,-31.39238,65.413025,-25.01136,8.024555,-11.899625,10.380933,0.9929224,-5.1926036,-12.107134,9.043559,-10.611624
24.5,2492,-119.657646,129.52087,5.2450385,41.680046,-42.134796,19.743004,-3.1464567,-2.658156,-5.2175508,6.7452087,-15.410705,-3.8474064,-6.8918004
25.0,2523,-108.84052,130.53271,0.64361155,38.06124,-30.017952,30.09947,-17.169703,-6.619539,-4.1090274,0.6141474,-14.087403,-9.9105,-8.461142
25.5,2871,-120.37556,141.18279,-5.7874465,14.846339,-31.63164,16.781282,-9.31623,1.7540146,-3.274523,-5.216108,-16.391232,-2.7449303,-4.918268
26.0,2818,-151.5204,138.95758,-19.513826,12.0189495,-15.024263,18.624725,-17.023695,-13.388887,-1.8974639,-2.4380455,-7.1944976,4.108238,-4.4270034
26.5,3049,-133.84294,134.0751,-21.659279,39.638134,-8.174745,20.063051,-19.728968,-20.029766,-1.2713565,-1.3898307,-5.407977,1.200356,-5.6098847
27.0,3194,-136.5923,162.67442,-10.479486,23.964058,-17.0773,17.858778,-10.451171,-15.2682,1.2796699,-4.9198847,-10.483951,-1.6220355,-3.3371227
27.5,3419,-110.42069,161.32622,-17.538279,22.154768,-26.529535,9.885358,-13.385841,-0.5394305,5.873428,-4.509462,-5.292549,3.524314,1.2280227
28.0,3607,-125.79844,145.7396,-16.935242,27.798925,-31.326624,6.7365093,-5.888002,1.3571804,-0.7942598,-0.666004,-10.702924,1.7938386,1.9437782
28.5,3565,-96.331985,114.08912,-15.495419,40.57378,-31.841722,13.6627655,-18.710411,3.2950382,-4.070154,-0.77122456,-18.89231,5.401524,-5.7176285
29.0,3300,-117.94652,147.76254,2.0242722,20.755972,-26.485216,15.110235,-16.543379,-2.622747,-8.375442,-7.179938,-17.139826,7.802435,-3.1282182
29.5,3132,-138.84808,126.88144,-7.1192365,32.23414,-19.735992,24.543346,-16.456652,-10.691108,-4.8998446,-5.456293,-10.029631,2.2580159,-10.2066
30.0,2925,-128.07549,132.89896,-11.221086,40.76158,-20.955563,15.761371,-15.533814,-8.54206,-4.7998347,-3.226625,-15.185742,-1.7950897,0.9032535
30.5,2909,-153.31332,162.51083,-4.5812416,19.205486,-11.049453,19.618032,-15.3570385,-7.439569,1.1639881,-13.685581,-10.927034,-1.6188058,-0.7594379
31.0,2899,-108.34303,133.02174,-13.11622,52.418156,-19.306871,15.008769,-19.376972,1.2800243,0.4948083,-2.9181654,-5.5893188,-6.337001,-6.2045054
31.5,2834,-122.25084,147.33052,-18.895943,25.588697,-8.257997,17.058891,-21.590345,-1.296441,-0.74933785,-4.9044905,-8.238015,2.8470387,-4.877434
32.0,3003,-101.449455,139.2601,-25.544554,43.35532,-15.069339,19.909672,-15.453866,-3.660917,7.6825476,-3.0745335,-16.463871,5.143963,-0.07309459
32.5,3005,-93.59733,91.85944,-24.045404,68.71993,-27.190674,26.017437,-15.997062,2.2823412,-1.1741006,6.4329004,-12.094939,-3.4890718,-5.686303
33.0,3292,-83.886284,110.313385,-13.575108,62.82624,-22.972748,29.481468,-6.41696,19.142714,-0.21484312,8.735918,-3.5265677,7.8306975,2.3557355
33.5,3442,-107.08963,129.25551,-1.4154363,60.210876,-12.818751,25.118017,-10.18776,16.503357,4.7281985,0.88512015,-10.006996,3.352483,0.71393055
34.0,3740,-84.2502,131.60722,-9.875663,55.584343,-12.590355,22.090885,-17.416029,7.858492,2.383043,-4.1515765,-9.021365,3.1606095,-4.215416
34.5,3390,-136.8456,136.53712,1.6467667,41.38901,-21.618868,23.43613,-6.495367,10.335053,2.699689,-1.7067109,-7.8404365,-0.57801855,-0.09329392
35.0,3133,-99.99337,119.01376,14.090943,48.986477,-24.06879,29.286808,-18.771244,9.808461,-3.8777158,3.467025,-15.836213,-0.1249155,-9.383034
35.5,3204,-109.44103,140.42625,8.067853,25.383802,-30.537645,30.706629,-10.743619,7.95108,-3.8932996,2.1958573,-7.0884194,2.561145,-2.0195863
36.0,3135,-94.663284,141.49208,1.2809955,41.997643,-28.693626,29.231464,-9.896411,-2.8143847,-8.623803,6.035723,-3.4648721,0.2298292,1.3480396
36.5,3476,-117.301544,145.48444,10.43559,36.07368,-19.499397,21.110273,-18.585651,11.344459,3.4466057,-3.88919,-10.830373,1.7880547,-5.6079006
37.0,3560,-79.89613,110.80938,-0.57810825,52.212875,-17.846321,28.842476,-13.657247,16.659782,2.9345791,10.73617,-9.667558,10.509041,-7.8591166
37.5,3576,-89.1658,121.92609,-11.332655,54.87007,-11.836487,21.008892,-7.479729,7.5360603,-0.88431334,2.0455003,-6.322091,3.4167573,-0.71104395
38.0,3266,-77.330605,132.5131,-4.5713577,42.178417,-15.546657,22.452417,-9.603484,-1.5555965,-1.4348816,2.1418676,-4.2449965,1.7731513,-2.5203998
38.5,3377,-92.6389,136.9992,6.7492113,26.484602,-11.660429,15.907963,-9.630426,-2.3111854,-1.6194412,1.4048233,-7.9439387,-0.6365457,1.9676656
39.0,3138,-90.36807,135.84724,17.009935,31.430618,-11.809788,7.572501,3.9122255,0.5520149,0.80540955,7.104842,-4.0206695,4.396114,0.9962974
39.5,3288,-68.49752,119.202866,4.0155993,22.404402,-3.0839446,23.61653,-2.8839445,-0.945667,-0.07574654,4.900739,-1.6531037,9.152269,5.7601314
40.0,3132,-70.32474,117.23294,17.21402,40.670567,-2.7430801,16.947863,-1.7375671,6.126347,2.9163086,-0.96831805,-5.0151916,9.42617,0.1478097
40.5,2943,-110.16658,152.9224,0.0048933695,42.772346,-20.494516,18.68789,-1.5430268,11.632478,8.161437,-3.19836,-8.514761,5.8010817,13.76534
41.0,3179,-111.21235,145.17975,30.753702,44.511738,-22.134626,4.3617105,6.477969,28.324593,-7.118072,20.555908,-12.220971,13.825299,16.242607
41.5,2978,-85.1123,126.45527,19.460398,34.87503,-17.573326,31.35976,10.04929,10.648284,-8.8457775,37.435886,-2.648548,19.36319,10.978922
42.0,2824,-122.25733,89.69143,12.419504,57.14081,-5.064694,32.362186,-14.289165,8.100913,-10.918929,22.211533,0.07217682,6.0212865,-0.27237272
42.5,3150,-102.21859,126.849075,16.813835,29.069824,-12.951725,27.441574,3.4473221,12.369977,0.11086608,18.176329,-1.4205111,18.913763,9.948989
43.0,3287,-125.25818,135.57016,35.36854,55.639744,-24.829771,32.246212,-0.6945061,13.3200245,11.240449,8.792126,1.2865181,6.652232,5.820351
43.5,3377,-108.53248,117.692215,13.196576,57.23777,-11.049869,32.468582,2.7155883,12.395163,-1.602139,13.422758,-2.6472003,12.361781,12.040077
44.0,3251,-126.95184,119.05725,-21.687757,65.96066,17.240082,40.909683,-11.360975,-9.736383,-4.7863293,5.759881,-0.3446619,2.4570887,8.29845
44.5,3141,-127.90535,88.162056,-10.273895,73.80219,20.78846,35.912712,-30.344326,5.589208,-1.0374454,4.9124494,-6.4805055,0.19914582,-12.592704
45.0,3111,-123.310265,136.22871,-5.7697163,35.33172,10.649624,40.149784,-7.0850825,8.482589,6.534003,14.977818,11.347547,13.542861,0.3801176
45.5,3167,-103.84563,104.143074,1.1255265,84.14288,11.2793455,29.042643,-10.73218,20.995743,13.476089,17.960043,-2.045406,11.123178,-2.3972754
46.0,3157,-124.72284,115.41758,21.665834,62.96303,-26.225376,30.173948,1.2514732,6.606312,-9.038967,12.11856,-3.2625704,4.173041,9.195672
46.5,3189,-116.70535,110.85217,11.89759,54.861153,-7.3491907,42.623722,-8.0879,2.6170242,-6.095644,15.9495945,11.295453,3.9372222,4.483531
47.0,3090,-124.3754,164.17032,7.387344,30.055973,-3.1021023,52.008606,-0.2720078,-6.2722936,3.6955369,8.094268,7.4208074,5.9925876,12.530518
47.5,3221,-135.60538,146.27133,12.436235,60.465706,7.051581,27.715929,-9.238741,4.3208313,16.066202,9.451098,2.0296755,1.1710924,8.270437
48.0,3281,-133.43306,114.669876,5.2684736,83.02983,21.270765,27.757534,-18.11355,14.092539,10.132486,13.076945,-3.6396017,0.25325954,5.7677803
48.5,3333,-149.96367,150.68188,11.523075,42.229534,14.741705,36.454994,-8.7726,0.5440505,1.7184731,11.27102,9.782723,12.675141,9.531595
49.0,3987,-156.31296,157.62657,29.407661,46.61338,-11.54897,4.159929,8.78612,23.188957,8.348269,7.975884,-4.385748,18.244604,14.735355
49.5,4247,-95.41548,150.96597,12.2768545,28.91675,-14.533442,16.108847,9.9563,15.778497,1.5425142,33.484802,-2.8910594,22.13817,2.7082493
50.0,4407,-138.75891,113.67483,11.700976,60.48462,-0.3849027,23.629017,-2.8178773,7.515656,0.81217617,21.096014,4.0738144,12.232343,2.193734
50.5,4914,-96.714935,111.78023,5.930631,36.751858,-10.403971,28.658175,-6.824291,3.1200714,-2.1078882,21.634573,-0.3724397,13.651234,3.1265812
51.0,4844,-139.68666,157.16068,28.628376,40.688705,-5.373428,19.823162,-9.808853,27.543776,15.154904,0.6708515,-4.279558,8.784027,7.3227973
51.5,4066,-106.140884,119.93716,28.437489,59.452824,-23.402174,25.832514,3.2088375,13.949003,1.044864,15.675344,-6.3730965,11.400331,12.5950165
52.0,3867,-130.44707,123.45199,-9.983932,61.874138,18.316708,35.29733,-8.624111,3.5963929,-5.899043,12.494577,-0.37498713,10.911738,11.957991
52.5,4395,-114.98709,100.0804,-24.848454,79.793335,21.343428,32.30307,-15.1355915,4.8757014,-4.612529,3.8292649,-5.8681073,2.9986653,-2.7522867
53.0,4685,-139.38959,130.68225,-15.15758,30.158867,18.179916,41.543312,-16.402573,6.2606726,-0.40678245,11.493231,5.211316,8.214851,-0.19443697
53.5,4628,-96.46131,104.56854,-12.478298,81.78641,7.273326,19.477392,-3.5580683,21.070326,12.721249,15.574013,-2.870938,14.159919,3.6223295
54.0,4538,-124.851234,127.14309,25.682432,61.905273,-20.555363,27.647821,2.162495,14.022427,-1.5262679,9.443194,-4.83929,10.865341,10.802965
54.5,4530,-117.13737,103.6569,3.1554523,47.860157,-3.6507175,46.470104,-10.256107,-0.3468343,-12.328148,16.10374,2.6139374,4.0885715,3.0166218
55.0,4652,-118.178276,173.05992,4.8181076,38.2016,3.8186908,37.155758,-4.8391795,-1.9917883,4.7329135,13.194531,7.6803303,4.825784,9.604225
55.5,4339,-116.99865,160.23573,3.763185,48.117783,-4.0792894,32.984173,-3.080361,2.5827749,9.510036,8.498973,2.5962195,1.7989885,7.8920307
56.0,4496,-118.50169,128.84645,-1.7188336,81.9602,19.764532,22.443466,-14.162575,19.92796,9.561004,6.557712,-8.343058,4.1761107,9.041001
56.5,4573,-84.26881,116.65067,-26.95878,77.11919,13.813055,34.09386,-20.53301,2.6495123,1.8407557,8.5863495,3.649866,12.412921,-5.4447923
57.0,4425,-95.277115,140.52812,14.0433035,59.58866,-11.651938,34.324635,-2.2995975,11.205058,4.8631363,15.197202,3.7418962,8.972544,0.6084093
57.5,4622,-95.60715,135.80968,19.598959,47.851868,-31.986946,31.243689,6.2040052,9.181588,1.0976796,19.652113,2.8687768,9.679159,8.524383
58.0,4808,-123.686226,138.25044,23.391773,49.854424,-22.894001,33.3439,9.382911,10.940041,4.325851,17.150465,7.225983,2.8976998,6.1425605
58.5,5119,-103.74326,125.93445,0.7589464,56.561745,-28.863974,22.15969,11.041884,5.7404895,-12.49306,11.160576,-3.2711008,3.513292,13.541336
59.0,5187,-144.72372,146.63249,19.341936,53.79807,-7.331947,23.73141,4.7200117,16.126532,10.16359,8.585467,6.3546042,9.221412,10.948807
59.5,5070,-93.81564,119.23626,9.383314,68.77608,-17.736952,29.337927,-0.0024989594,15.237081,8.7961855,10.479183,-4.1585894,15.891046,3.755882
60.0,4794,-87.70937,115.914734,8.06607,65.70039,-17.935673,25.853231,1.024376,13.694411,0.8709315,11.940482,3.333512,11.506378,3.5304582
60.5,4644,-90.04502,107.00771,6.3314495,66.09438,-31.672636,29.489056,1.7417538,6.49335,-4.22688,10.826415,0.24414979,10.894965,6.322978
61.0,4693,-115.91589,127.34509,0.021046018,46.544273,-23.98541,18.419891,3.7662055,7.746906,-7.3371587,9.841171,5.2826843,5.037147,3.4294057
61.5,5142,-96.577,139.22202,8.878017,58.940834,-10.953382,27.78345,-2.8131692,18.960325,10.811225,7.2934465,-1.951522,6.8014975,-1.5126802
62.0,5723,-141.24232,152.36873,24.95924,37.07203,-13.868012,30.952461,7.8683147,10.6358795,1.7005981,14.141965,9.783179,3.8587275,6.6804776
62.5,6008,-113.35303,124.95066,-0.011610874,48.894146,-27.665382,20.164305,8.006491,8.816294,-10.144996,13.008762,-0.46963173,10.533938,14.195321
63.0,6117,-148.26274,145.68869,22.35712,52.771812,-11.063721,24.861282,5.885395,12.936664,7.4069138,9.023428,9.478242,6.2343664,7.578183
63.5,5952,-84.51229,129.00905,11.675426,55.969402,-11.373979,29.82243,-8.100523,5.703845,2.6460986,19.605772,1.6481574,4.5531263,9.874912
64.0,6068,-105.48468,120.16421,9.19818,65.60099,-3.835756,34.227177,-6.3963666,-0.28956908,1.3039821,22.400095,0.4839965,-1.002981,10.776263
64.5,5885,-102.47017,124.62221,11.694964,49.881454,-27.432976,41.164158,3.5884516,16.101437,-4.1086226,9.900234,11.731988,12.8954735,11.297953
65.0,5366,-110.398605,149.61041,21.257309,39.74699,-22.44718,31.172543,2.267351,10.892966,3.291747,12.037135,-2.0698364,7.5568266,11.920841
65.5,4961,-92.40921,151.60573,10.493881,37.3556,-21.983099,39.49984,5.45825,7.5983753,-2.5721695,12.811794,9.365232,5.935156,1.4990989
66.0,4760,-110.94055,157.03728,15.764974,47.748432,-26.097298,19.862904,8.163739,10.18355,6.4431715,13.156436,-2.0878363,9.893046,15.497073
66.5,4445,-126.33008,123.79806,-10.76201,40.289707,-18.011356,28.494572,4.086529,9.564794,6.331209,17.076242,5.562111,8.037959,8.449843
67.0,4432,-108.32475,130.93945,9.715705,47.17351,-7.5741343,40.017395,-0.7395272,3.683795,-4.3493147,19.430876,10.146407,8.878226,6.2011485
67.5,4790,-108.449036,157.98569,14.1517105,39.46316,-11.22675,31.222448,0.8432568,13.112895,0.3887353,7.212173,4.4406843,11.131665,8.223263
68.0,4757,-111.25797,134.8445,9.284443,53.191525,-7.1876464,30.230156,-0.76521987,6.423736,-0.74905735,14.18443,13.707301,10.4669695,-4.241365
68.5,4918,-110.20338,158.01471,8.078608,33.19295,-19.373722,36.502407,2.4610114,5.181482,1.6335598,5.001707,-0.0005156384,6.7548184,9.40613
69.0,4341,-105.74897,115.87412,0.6753395,47.664833,-25.654554,24.635063,-12.895373,9.592504,0.69403255,9.479361,-9.672346,1.8292567,2.638582
69.5,4574,-105.47114,166.3261,12.778735,24.601355,-15.457968,27.968319,-0.7245273,14.466732,3.7409782,14.103059,-1.4225012,12.970845,15.1559105
70.0,4585,-113.64272,146.49841,9.043126,46.50804,-9.346694,31.651693,1.8321999,10.752339,3.156903,10.105645,3.9861646,10.071449,11.99531
70.5,4725,-125.98247,122.87909,-7.142085,57.830196,4.178232,38.02792,-17.19341,-0.71663916,8.020829,7.259709,-1.5168732,6.443609,8.325418
71.0,4761,-112.7762,152.90744,3.9215698,35.263813,-7.140505,38.775608,2.2460718,8.047169,9.544194,2.760548,-6.603011,14.408304,14.18774
71.5,5177,-108.09686,144.57718,12.112823,58.375183,-11.84325,29.629005,-4.579285,12.86394,11.24585,7.378055,-0.503799,7.618465,8.269507
72.0,4924,-126.151344,139.56645,6.937437,50.909027,10.419632,38.00576,-11.546025,9.495408,7.74521,6.09391,2.3300345,11.71597,4.087643
72.5,5147,-104.40307,150.19667,-5.2847753,43.419525,-5.0785403,38.54262,-9.797465,13.492883,16.722254,-4.1033883,-8.587667,13.619303,16.6525
73.0,4963,-100.16709,90.76815,-17.345512,69.34172,-15.808879,38.295315,-5.850771,5.139074,7.453516,14.31005,-5.5797133,3.4707716,-0.7779714
73.5,4213,-102.825294,103.37844,-16.993782,63.23732,-29.299675,22.250586,-7.5868807,21.321253,2.0435367,12.348319,2.1835546,4.4089994,1.3175777
74.0,4265,-105.244255,122.070755,-8.155494,55.614174,-13.044462,31.307316,-8.870022,19.266977,-1.0936356,-1.518725,-8.152179,0.0667674,-1.9721283
74.5,4127,-98.4241,131.70311,-5.2729506,58.086296,-14.748048,26.05252,-12.733377,11.793559,4.2047696,-2.1878374,-8.366847,2.1555727,-1.5687119
75.0,3822,-102.414116,132.76138,-18.02838,45.535652,-17.04506,22.298218,-13.031526,8.132739,2.5389872,-1.0437262,-4.4843993,1.5921293,-3.2109964
75.5,3713,-117.05781,133.51367,1.2306376,41.14424,-18.694178,26.532959,-10.86417,11.823233,-2.8934665,-0.63290066,-10.04469,-5.114389,-5.3079176
76.0,3499,-99.35564,134.4439,0.71304554,27.83073,-21.52754,29.966377,-14.955819,2.1777534,-7.383244,1.4172084,-10.863003,-0.98683655,-4.0710416
76.5,3581,-101.69478,130.37001,-1.0870818,31.5822,-14.750328,28.584375,-3.385134,-1.3223231,-6.4022927,3.4544017,-0.6174157,1.8523015,3.91043
77.0,3571,-92.28891,145.85252,4.770733,20.937506,-7.996094,18.776615,-10.805864,-2.878972,-6.9228992,2.760508,-7.1910954,-3.1776583,0.9008636
77.5,3678,-87.3193,112.26084,1.923201,36.641872,-3.0599716,14.044995,-7.5067225,6.909784,-0.14310649,8.366818,-3.0096238,-2.5871606,-1.9658341
78.0,3734,-58.37406,100.17334,-9.271346,36.029423,2.1652958,24.329592,-2.3766074,4.5046406,-2.429522,6.506237,-10.911456,0.91255206,-1.1827394
78.5,3906,-66.61739,93.581345,2.366098,43.29667,-4.3354692,15.261957,3.815447,4.469671,-1.9120824,5.3215613,-6.0560856,2.1047904,2.6462297
79.0,3951,-63.70439,137.25269,-20.349884,26.39301,-6.063751,31.141111,-14.1435585,-0.4478007,0.62858397,-1.0690713,-14.116709,1.2035338,2.5843618
79.5,4317,-116.84982,179.34225,-11.276667,35.57689,-15.016803,12.923804,-1.8609111,-3.6641037,5.848532,-0.78947395,-3.3270714,1.4835528,3.5630078
80.0,4696,-82.29002,163.79884,-35.94774,34.78274,-6.915648,13.720598,-0.107436776,3.276046,-1.4442483,3.523913,-2.5725293,8.480317,8.026286
80.5,4792,-97.52884,171.10748,-30.754864,43.51482,4.5744,18.676374,-1.3460075,2.0560064,1.5255159,2.1598668,-6.704105,1.8954005,6.5210032
81.0,4854,-90.52634,159.71481,-25.59215,43.6871,-7.8133516,15.6718235,1.8951275,11.201545,3.82457,10.009813,-6.3053026,7.877765,8.055495
81.5,4550,-93.681496,151.29619,-7.0581665,43.30111,-11.41543,11.039436,1.6533555,16.3152,-1.2418548,12.32916,-14.839059,8.896363,14.031994
82.0,3993,-84.32492,136.86143,13.737209,31.821003,-17.334845,18.728857,9.469618,18.94393,-8.60449,31.080107,-8.02682,16.502693,10.559847
82.5,3538,-120.73419,107.47586,25.146486,49.719574,-6.1386724,31.76795,-2.2893984,15.072989,-7.446376,29.682837,-0.22316237,14.752546,6.6526284
83.0,2904,-78.95896,99.27902,1.4971607,36.66278,-8.238078,31.59438,-12.913786,5.8740964,-11.583555,16.525618,-4.222718,11.050142,-0.683912
83.5,3253,-102.067795,164.03331,1.7530376,34.76946,-6.732249,24.193127,0.84655,13.444533,13.711932,9.511917,1.1125671,10.033854,5.7473655
84.0,4125,-80.668846,117.84819,4.513077,47.152725,-17.104576,41.0131,-0.40666834,14.555978,0.10179276,12.027181,-3.5903568,12.3339615,10.673675
84.5,4669,-80.20318,139.84418,-29.98005,48.36872,10.089269,34.918568,-8.639664,7.941425,0.2218421,6.1905923,1.6401029,8.591156,8.686533
85.0,4746,-99.93052,116.84943,-25.047642,63.634983,0.40191558,27.82558,-6.257791,8.30805,0.6958737,-0.47635752,-7.2555676,4.6444554,-0.35411978
85.5,4694,-96.28446,135.33723,-26.19601,26.411846,8.370594,38.742126,-24.086823,5.4780197,-2.708825,3.0116851,-3.9734688,1.707691,-5.249647
86.0,4550,-108.23319,115.339165,-15.601571,60.964638,8.1647835,29.658587,0.3263304,26.80058,10.290135,12.253544,3.9883642,14.865574,3.9479122
86.5,4749,-107.21121,114.80529,17.290567,72.24276,-9.810745,30.516508,-0.52327585,9.989118,1.7853992,20.208311,-5.8991413,7.042786,2.5903845
87.0,4714,-118.45742,113.78366,7.6966863,53.083893,-18.024717,34.08119,-5.7952394,7.7408924,-9.045043,8.8487015,1.468756,1.4588052,5.0394063
87.5,4664,-89.21976,151.13806,-8.526103,35.08837,-1.8076866,43.154068,-6.193324,1.4984745,-1.8982512,9.898937,7.44551,5.370103,10.182463
88.0,5012,-109.21789,155.89882,-10.055386,42.92007,3.7095149,34.979874,0.38230017,4.750145,10.630994,7.85286,4.3444743,7.8024697,8.800437
88.5,4778,-105.18203,136.09561,-14.237799,61.168446,11.033942,29.352516,-4.070799,13.665582,8.679067,4.8096585,-3.4606593,3.191763,9.190014
89.0,4967,-113.61156,133.46388,-10.842324,38.429222,14.46889,37.23813,-22.7555,3.2598748,-3.713774,9.228717,-2.0084808,3.4445446,0.72077346
89.5,5232,-121.372955,161.28868,-15.0024185,38.335712,4.4715114,17.858751,8.595885,15.685451,10.013234,9.802984,2.122906,12.490226,13.853268
90.0,5227,-115.92764,157.01604,14.056379,35.781548,-4.999733,11.26516,2.5042615,18.744452,1.326728,16.875652,-4.0347557,19.088337,3.9688213
90.5,5048,-105.19046,130.52754,8.682818,44.494125,-9.120301,18.997917,5.9730344,12.70373,2.9237106,34.146545,0.017859526,18.880236,4.83636
91.0,4643,-116.01574,115.61638,-1.9505051,49.50702,-4.3549557,29.86456,-9.895783,-1.2195045,-2.593751,16.754728,3.3072743,8.332877,0.29430625
91.5,3777,-88.17387,139.56686,1.7251775,31.221405,-9.637572,26.300043,-1.2819537,16.10371,7.4161525,12.609989,-5.2572236,12.420378,5.874492
92.0,3746,-93.55973,140.87367,0.8671772,47.73075,-9.475129,29.646194,-5.2059183,18.482327,4.8169403,8.594915,-0.6812393,11.01748,9.5986805
92.5,3847,-99.17232,126.67954,-7.331992,51.867435,4.3115344,25.755703,-1.9758434,12.562869,0.06699216,11.8852825,-1.6576477,15.041333,10.346085
93.0,4120,-94.97003,130.90933,-35.33397,52.356586,11.183329,31.455303,-7.2957835,0.5181643,-6.8594356,6.652607,-8.434222,7.06184,4.175142
93.5,4841,-91.609985,125.816216,-39.320972,36.329308,12.661683,33.68543,-24.287743,11.570053,-7.0051317,0.99147856,-5.799761,-1.6062409,-4.5575624
94.0,5466,-97.81094,119.36358,-29.371374,58.992058,4.5314617,26.958479,7.5719666,23.304287,9.458932,13.5819845,3.3468525,14.433648,5.561846
94.5,5017,-104.56963,113.108116,4.9717207,80.72951,-0.0958267,28.340988,0.29536617,19.104542,5.835311,14.637407,-2.296778,12.158174,4.053343
95.0,4487,-117.871376,114.90846,8.17861,49.42046,-18.371294,34.647915,-6.7079744,6.1394396,-5.951554,9.883872,-9.38036,2.4451268,8.881464
95.5,4571,-92.57538,143.84178,-4.965894,34.05919,2.9961417,37.777054,-11.873137,7.3739977,-2.0710008,13.740217,7.9302354,8.279779,5.485226
96.0,4484,-109.017365,175.85931,-14.376827,41.412445,8.52758,31.91126,4.3308353,4.549566,9.769894,3.9882812,1.3361372,6.2360115,11.285641
96.5,4143,-84.7637,151.36237,-23.197895,53.36763,6.6989207,24.399048,-7.589749,13.040955,7.365309,3.4874725,-2.591214,5.124777,9.006677
97.0,4466,-98.08217,148.25063,-18.040663,47.862953,21.294348,36.234097,-16.914412,12.157462,-0.37918118,9.905813,-1.0805236,5.6717052,2.4519486
97.5,4735,-97.98863,168.46861,-16.346678,34.694973,19.97752,30.005474,-12.321777,12.50454,-8.966618,12.879897,0.21885195,4.1304173,8.724274
98.0,4687,-128.62866,177.12218,4.3214703,19.80945,2.4249344,26.668678,-1.7416716,23.383003,11.036035,4.939189,7.6904416,6.7251353,7.4171376
98.5,4695,-176.93567,159.2703,38.510323,27.57077,-7.4009557,31.535786,-2.402506,20.002571,14.40959,7.7975264,9.149937,10.6557255,9.989947
99.0,4451,-219.15224,129.56168,43.78727,33.963562,-12.335975,35.09727,-1.0938524,17.490597,9.710699,7.638787,11.977902,5.6664886,4.1523848
99.5,4147,-152.34407,150.7924,1.434889,22.055103,0.6509584,26.344906,-4.871054,20.700758,12.607235,6.7854314,8.61285,8.893842,12.217994
100.0,4036,-117.0083,162.07774,-5.926379,34.896523,2.1648083,22.843761,-5.642891,19.310717,7.0961685,3.1783366,7.5370164,8.51492,12.029203
100.5,4034,-128.07837,147.90874,-13.031149,36.610657,2.4916677,28.119932,0.026782036,19.548475,11.071903,6.319964,8.512301,10.530661,12.340888
101.0,4161,-142.62311,160.59666,-6.250706,20.27262,-1.7332048,27.547956,-4.893128,19.979698,8.602417,2.4684973,10.1431465,11.415325,13.602362
101.5,3946,-148.92714,137.4128,-26.759575,18.268919,-6.412807,17.823116,-9.24465,19.683348,6.8748507,2.619969,7.530696,7.4275174,10.827
102.0,3977,-125.886665,161.67397,-6.5569644,22.92195,-1.9673549,20.654228,-2.5186875,20.3039,8.601488,4.8858385,7.277082,4.3928623,6.2714934
102.5,3594,-169.65201,161.51024,34.89839,27.784565,-5.359148,30.77884,-2.134013,20.85255,13.445672,6.7283163,8.916439,9.505785,8.819391
103.0,3364,-210.52528,137.57828,44.209656,34.86182,-11.31765,32.146828,0.698085,21.128775,12.936533,8.629349,11.38518,5.705098,3.550346
103.5,2891,-165.35106,143.3634,5.0856695,20.75233,-1.736004,27.479622,-7.5962353,17.541706,13.508823,8.313898,10.547842,7.736995,9.171072
104.0,2710,-144.71367,163.14159,4.555216,31.418644,4.2610383,24.469307,-4.871906,19.559635,8.363892,4.172869,8.8790045,9.225394,11.631914
104.5,2854,-124.03576,149.65573,-10.301886,36.88606,3.4347365,29.267492,-0.5229786,20.858675,11.076959,5.011174,5.7967467,9.331507,13.7823
105.0,2848,-139.41898,163.56425,-2.4565,24.502865,1.9379916,29.526958,-3.9196455,16.792429,5.233484,3.7033887,10.85231,13.202902,15.702062
105.5,3145,-127.40726,155.48518,-16.714924,22.658957,-1.1006991,18.26457,-4.973532,19.704494,6.5752864,4.716445,7.7782726,9.263065,11.626868
106.0,3568,-132.34155,167.1965,-5.4575453,29.54111,4.320992,24.140636,1.687492,22.954071,12.985755,7.7851624,8.883594,7.29058,9.710954
106.5,3567,-157.71713,159.32065,32.485302,21.504375,-7.2396965,31.338228,-1.5353624,21.971844,11.460736,6.680365,7.839065,9.066405,7.355979
107.0,3344,-195.86215,143.50873,38.565033,35.549934,-9.175441,32.590073,1.6577396,20.701647,10.287108,10.321033,13.111134,7.3774824,5.310304
107.5,3206,-168.43365,131.47032,7.098342,24.174984,-5.6271076,26.780088,-8.182736,15.72789,8.235362,9.697774,10.863851,8.226167,7.7237306
108.0,2895,-117.40423,152.0549,-12.602141,47.029465,3.1571984,24.269373,-1.9798,19.661192,7.7701106,6.195081,7.116012,4.684306,9.997766
108.5,2916,-117.112,141.69775,-6.55884,38.67803,-0.8177224,26.102098,-3.4462936,20.67756,7.061615,7.4047637,7.5488763,11.48168,12.166198
109.0,2800,-118.71166,153.49034,-18.771841,36.09521,2.3929975,28.914307,0.4420372,17.774866,6.9337916,3.6009836,8.814873,13.058297,14.276951
109.5,2962,-127.30338,143.29112,-28.591808,21.083887,-4.315778,18.882605,-4.2324347,20.631807,4.952022,6.039943,8.688323,8.210083,11.39038
110.0,3027,-136.08632,145.30083,-23.573992,25.46057,-2.75571,16.737701,-4.465123,16.145817,6.80642,3.715306,6.7326546,2.7354748,5.480812
110.5,3010,-150.63748,154.70763,20.722973,25.141216,-6.3918185,27.503304,0.4841698,22.843922,10.172198,7.1930175,8.860145,10.279632,7.45782
111.0,2889,-188.43907,150.05609,39.100025,36.348434,-6.136531,30.941553,0.6987869,20.31344,10.577114,9.799444,12.377398,6.6453934,5.733953
111.5,2530,-142.39694,126.48603,-27.253057,27.741192,-0.039553132,25.258621,-4.1501613,18.97368,9.404218,9.604622,8.580336,7.021026,7.758376
112.0,1953,-114.87191,154.99617,-8.155258,43.209194,2.8258085,26.990839,-1.4008894,19.913876,9.741017,5.2810693,7.4196415,7.695237,10.987713
112.5,1702,-106.163414,144.76671,-21.892973,42.258545,-0.85785216,22.397732,-2.957906,17.194677,8.092264,8.967074,4.587496,7.531259,11.749813
113.0,1546,-113.77564,157.55836,-21.145752,33.01244,7.0793023,26.130407,0.12693192,16.50082,6.57135,6.1512074,7.1006675,9.523991,14.676637
113.5,1496,-127.205154,144.54834,-21.331673,20.011894,-6.490689,25.077501,-5.555674,18.598293,5.187756,8.254131,7.3036466,9.751977,12.710121
114.0,1819,-101.24028,110.341866,-39.130154,36.065666,-29.025524,20.370758,-13.927317,14.72058,-6.3642507,7.0925384,-0.5207925,2.254493,1.714321
114.5,2273,-97.1842,110.72401,-16.167803,54.897667,-41.237103,22.10905,-14.786174,13.0980625,-10.097,-1.7296317,-2.3003361,-3.4391007,-4.2594213
115.0,2357,-158.13763,110.89026,-5.597354,53.287495,-33.818523,12.459348,-12.340954,2.5860965,-3.850376,0.21012066,2.292028,-6.083762,-6.1899657
115.5,2386,-198.88043,112.437775,-2.5545177,44.94836,-23.850155,11.349802,-6.17453,-0.65669864,1.7085938,2.8592365,6.998731,-4.486125,-5.855045
116.0,2271,-224.26259,127.96494,-3.2472484,29.905941,-11.517901,10.452878,3.4462006,1.8780605,3.4172409,-0.9889567,6.957425,-2.4371645,-2.3752036
116.5,1879,-155.63715,188.74014,-24.50265,8.194224,8.990147,8.740537,-5.9019966,-3.584966,4.1090593,-4.784085,-1.203851,-1.9271706,-5.0014586
117.0,1597,-106.89214,165.81342,-84.50353,20.784664,8.017906,-1.3952942,-1.6558373,-1.9913825,4.228141,-8.877734,-3.7041357,0.1698804,-0.6891307
117.5,1332,-116.22198,181.89316,-77.48305,5.242052,8.183876,-6.776934,-0.98564297,-0.020635737,1.9920574,-7.108542,-3.630855,3.132899,3.1145341
118.0,1398,-179.68611,182.516,-48.300407,-14.24425,9.274582,-4.8932567,-1.1409384,-4.619759,0.79408914,-5.4026637,-9.038819,0.06284423,-3.95805
118.5,1296,-152.36046,202.81,-28.161377,-4.541336,3.3529007,-0.9251487,2.1388445,-3.4382222,-0.557422,-0.88264614,-6.043182,-2.0622993,-5.8741727
119.0,1330,-172.0289,187.01494,-27.301928,-0.9019675,-3.1912618,-3.6189392,0.81493324,-11.739613,-0.6932048,-0.7550501,-7.501929,-2.649313,-6.0618596
119.5,1365,-173.25468,172.7143,-30.45612,4.2362924,-7.065258,-2.599917,2.4057515,-8.567671,3.5128045,2.2104487,-6.5171614,-3.0548387,-7.485235
120.0,1524,-203.89978,164.81802,-14.911851,9.1966,-12.409078,-2.543709,9.392825,-11.112324,2.2717524,0.117608845,-6.240544,-1.2634188,-5.493475
120.5,1452,-167.65613,192.01321,-4.4786882,17.189709,-5.6827736,-0.8869434,6.630319,-7.5927896,2.498287,-2.4855614,-7.318163,2.2504952,-2.4306865
121.0,1236,-208.48534,163.48444,-1.2249675,21.436243,-13.99877,-5.855292,12.358294,-6.6776533,1.6834742,0.3950512,-2.7536883,1.7147765,-4.48434
121.5,1306,-176.50002,178.7474,-24.361061,7.8410077,-3.8394427,-0.796099,9.644116,-4.6743093,0.2442876,-1.0341946,1.2068683,12.012352,7.9291034
122.0,1453,-221.50284,158.23892,-16.510904,2.016128,-11.821196,-3.2226794,10.351239,-8.603816,-0.14492422,-2.0378644,-4.145721,2.6450715,-1.0507516
122.5,1486,-136.60849,205.16132,-38.09984,-1.3431077,3.2952,-0.6845097,2.6593256,-5.656188,3.3229146,0.049807016,-5.964726,-1.8452338,-5.20911
123.0,1675,-144.41217,190.6102,-51.081287,-3.1139016,-0.08586711,-4.5106044,1.3060472,-10.940991,-0.78473496,-6.043451,-9.117572,0.046897367,-4.7018266
123.5,1728,-144.16107,179.15091,-56.2038,0.5260346,-0.060710195,-1.9074029,2.9754267,-6.652693,-0.5569382,-5.535941,-7.6111193,-1.7872227,-6.2884626
124.0,1576,-130.14146,149.16103,-76.54397,9.502719,-11.860383,-0.8323971,-0.042068083,-4.339527,0.6846009,-6.412418,-4.8828893,-4.5538454,-6.628777
124.5,1686,-87.534904,172.00089,-56.881824,30.079746,-1.8943144,9.296364,-3.8137271,-1.1309394,0.25241506,-9.071854,-9.350971,-7.2072697,-3.7458313
125.0,1610,-104.07299,149.87497,-61.364418,21.415829,-16.123674,7.8476167,-4.010326,-3.2376773,-3.9166796,-6.043973,-5.7406564,-3.9462469,4.540674
125.5,1495,-95.11554,147.19386,-60.499573,24.20589,-13.560678,13.605679,-7.2527375,-0.049089976,-4.2812667,-7.11845,3.1831026,12.261144,19.824516
126.0,1588,-137.0563,123.4678,-58.953842,22.615793,-23.688902,5.670559,-9.586946,-5.900468,-9.151557,-7.531385,3.8273292,8.609936,21.533356
126.5,1209,-136.30113,189.60265,-45.95074,11.183479,3.3303177,-4.2260666,3.1505404,-4.784537,-1.929808,-0.8335408,3.1132152,5.470125,7.8956943
127.0,1324,-170.76392,181.26343,-34.294838,7.286093,5.80215,-15.57495,-4.468694,-5.35325,-9.783218,-3.041397,0.9924156,7.5820675,8.262269
127.5,1198,-214.39203,173.56697,-21.369583,-2.426063,20.354185,-1.962415,-6.1088343,-4.197634,-7.312458,1.8408026,6.097256,5.364977,4.632049
128.0,1445,-256.8269,154.98595,-1.10651,-12.267578,4.144578,1.251233,-4.7969646,-6.18849,-2.305172,7.665109,9.793077,9.8102455,6.473575
128.5,1417,-198.28357,188.97716,-2.8191047,6.8415265,15.402629,0.72508174,0.7134617,4.7556725,-0.27244225,-2.0163364,-4.7304897,1.8315808,1.8569198
129.0,1772,-186.45758,157.61668,3.8868058,21.43575,-3.4515746,4.1224976,-2.8286185,2.7801461,0.8654058,1.7372637,-5.3172784,-1.430571,-7.16024
129.5,1634,-83.38285,122.48279,-27.510422,50.69651,-13.696873,13.442491,-12.634403,9.705636,-8.573823,-8.930075,-6.7652907,8.662359,-4.010345
130.0,1446,-77.18882,90.79473,-17.497662,55.27533,-18.463995,16.394524,-13.5415945,7.904117,-14.793433,4.9453883,-11.986083,-2.604698,-9.901658
130.5,1316,-41.975876,133.3808,-17.196564,39.992184,-30.873943,14.326975,-9.82174,15.178641,-15.096417,10.306137,-10.1881695,3.5704644,-2.1528802
131.0,1422,-50.336044,137.85764,-20.75571,26.925074,-14.574589,21.541805,-16.301584,9.126144,-10.7182,1.9312576,-13.588948,3.2618155,-3.4640865
131.5,1608,-41.22305,126.203804,-24.29762,25.12152,-14.520032,22.587576,-16.284334,-0.0020185849,-20.20737,7.465362,-10.667257,4.3293605,-0.6780182
132.0,2197,-73.41222,132.6904,-34.89074,37.37372,-13.426766,14.652096,-15.5827465,6.9306173,-14.13367,-7.420561,-2.615822,-1.1559362,-2.5211604
132.5,2088,-74.67095,133.3428,-10.0532875,24.302565,-19.013142,23.209166,-15.781332,4.849563,-11.664602,0.051948436,-10.915656,-6.2587495,-2.2871287
133.0,2028,-47.817654,113.76994,-15.656317,38.883312,-23.075663,20.652544,-15.821507,5.253041,-15.1722765,2.9168413,-8.926852,-10.643728,-6.768181
133.5,1860,-44.87856,144.39975,-35.978878,30.081154,-10.551731,18.05673,-13.128695,2.169855,-9.306666,0.75948393,-9.286725,1.1080018,-3.4912457
134.0,1795,-68.64772,140.92839,-43.779625,35.608612,-12.643381,18.273525,-13.050381,9.241545,-11.92004,-8.043523,-5.593135,-2.88473,-5.726211
134.5,1460,-68.792114,154.8728,-35.33407,20.408377,-13.100644,21.165873,-10.177116,6.308207,-1.1750923,1.6341019,-12.957078,0.41269532,-3.85412
135.0,1590,-43.22048,138.66054,-36.132717,32.294056,-7.172439,16.650087,-16.304113,9.0774355,-4.061634,4.1407976,-14.958619,9.691503,-11.591283
135.5,1740,-48.214504,138.57292,-23.464,19.342506,-5.4772997,19.272814,-17.661003,14.01312,-9.243291,1.6344851,-17.951563,4.1011524,-12.515201
136.0,2061,-47.066074,143.1415,-40.604465,31.237928,-6.027091,12.178412,-18.092966,8.376499,-8.263061,-2.2284489,-15.071265,6.4139624,-11.137913
136.5,1944,-47.26167,149.05081,-44.009106,22.073153,-8.411045,13.617638,-15.53225,3.7091973,-16.337282,3.653957,-9.715198,-0.45771408,-2.94015
137.0,1945,-60.06748,145.6349,-40.20772,28.187244,-5.171517,15.243838,-15.128246,8.566138,-12.151488,-6.411702,-11.251789,-0.34397462,-10.332894
137.5,1727,-69.384346,142.22272,-20.74983,27.902489,-15.394767,26.375937,-19.667807,0.92316693,-11.220331,-1.3965261,-7.5575476,3.4690762,-4.9620686
138.0,1571,-67.72309,137.00462,-22.856724,26.040445,-20.220722,20.907684,-14.71148,2.7998245,-11.995624,-0.7137427,-10.919422,3.3232691,-6.5237
138.5,1259,-83.696465,154.13501,-35.55472,22.347542,-17.18647,10.597247,-8.559782,2.2768304,-2.0522764,-3.7743924,-11.506638,-3.0453112,-9.646577
139.0,1372,-45.05018,132.70995,-17.142975,34.711376,-26.169775,20.617537,-9.82048,9.984848,-10.401202,3.4227486,-10.861054,5.9869137,-0.69159096
139.5,1842,-54.267593,127.554565,-33.884575,41.105713,-12.392121,24.136044,-8.251941,12.100944,-7.2740693,-0.7722254,-14.620143,5.594842,-7.627087
140.0,2097,-52.246025,122.06025,-33.09459,39.238895,-8.83292,20.52862,-13.271991,9.074151,-8.772099,0.6840624,-17.433912,5.7063985,-11.612732
140.5,2111,-57.949837,137.73627,-23.579893,28.160015,-14.064371,23.78315,-15.802056,5.2950597,-10.000917,-1.3083099,-17.07026,-0.6063905,-7.9506254
141.0,1977,-69.23203,148.11046,-22.878595,18.995337,-16.293816,17.45563,-16.540956,-0.51504153,-10.706884,-0.5498693,-18.116383,0.24247432,-5.375705
141.5,1711,-49.978783,129.76323,-22.561438,30.303099,-24.333763,21.948738,-18.891014,3.4456625,-16.031609,1.9601989,-15.503697,2.2256668,-5.0941114
142.0,1640,-53.10317,124.256935,-48.344055,45.9014,-19.686012,12.636664,-8.402428,3.873858,-14.666747,0.14873095,-11.223916,3.4275796,-3.3558967
142.5,1528,-72.9698,160.31958,-35.43614,22.586168,-19.272408,6.20441,-12.326742,5.3492484,-2.3106992,5.2891583,-8.237839,-1.3583041,1.3030925
143.0,1415,-55.726414,135.8107,-16.286774,22.19545,-19.284868,22.97183,-19.007488,8.755911,-8.314681,8.726145,-7.8563914,6.5543227,-1.7093909
143.5,1480,-64.18223,138.06859,-34.878677,46.0741,-10.9567995,14.771744,-6.012563,5.0051966,-4.934586,-3.99685,-15.249733,5.772496,-2.8058503
144.0,1701,-62.609413,129.07419,-32.75288,41.945984,-19.163506,19.2339,-10.6766815,0.6951764,-15.417387,-2.7574456,-8.127655,6.1495214,-3.8838212
144.5,1975,-58.34259,133.6209,-22.858763,38.846672,-11.058734,10.583019,-15.040245,-1.9695649,-10.7905035,0.87365854,-6.8799763,15.667916,1.0155307
145.0,2115,-63.45007,141.11926,-24.517038,42.46266,-15.588202,9.1196165,-6.7464385,7.944506,-6.7979636,9.681534,-2.5465345,13.851611,1.2396644
145.5,2029,-62.63307,132.70131,-28.424356,33.33585,-12.847624,14.279606,-13.279834,11.145527,-2.2536738,16.748459,0.8076197,9.0995,-13.432954
146.0,1958,-65.61483,132.61458,-12.49183,35.92388,-17.73331,29.201962,-7.003409,16.892698,0.45520893,18.986546,0.00034583447,7.9212446,-10.760318
146.5,1614,-80.00084,159.1701,-25.450027,34.280785,-3.191596,20.024687,-0.9277718,13.506569,8.368481,2.5006669,-1.2924471,8.428016,-1.9518821
147.0,1368,-93.127045,148.72899,11.372834,34.357815,-11.473606,10.089306,6.0795197,22.856762,-7.2542114,26.315748,-12.225522,10.466592,10.006882
147.5,1464,-85.124344,120.297104,17.416826,38.130028,-13.732492,32.828262,6.162633,11.074789,-10.153222,36.21405,-1.947077,18.898008,9.075077
148.0,1533,-116.35012,101.61519,11.858486,47.563194,-9.929787,29.504929,-14.54206,7.9772205,-8.334421,21.166716,0.37377366,5.539152,-0.04830928
148.5,1415,-81.22932,139.53227,-3.5169976,26.712519,-7.1425204,21.689775,0.74843293,15.690888,4.6437006,12.727687,-1.8648982,15.052533,6.23887
149.0,1311,-96.626045,143.36497,2.6381571,47.34108,-11.614397,36.65536,-2.743718,13.102731,10.153805,5.703582,-1.0514299,8.470675,7.370903
149.5,1274,-80.68695,125.659966,-16.002106,49.583973,-3.5845068,30.266659,1.9359562,15.697271,1.0554425,9.36536,-1.9818013,11.603721,8.254154
150.0,1402,-110.91907,131.3208,-28.970367,56.0765,7.684911,30.466967,-10.766727,-4.3383408,-2.2399104,2.0377774,-3.5814834,1.7983267,6.8955836
150.5,1230,-86.94941,120.74993,-33.36916,36.26928,4.000423,34.062195,-23.570738,11.288992,-1.8255031,0.44669494,-9.52727,0.22546858,-9.737109
151.0,1462,-110.0901,142.08374,-21.08298,39.605743,9.688284,31.484306,3.2575638,18.621046,9.456259,10.224607,7.9979205,12.322641,5.1882415
151.5,1904,-110.54562,107.440216,2.7263792,80.85702,8.753561,32.249584,-4.5831637,19.055788,12.044707,18.618565,-2.848312,9.354859,-0.89289856
152.0,1925,-130.78806,109.652695,15.676868,62.23283,-27.02207,28.914766,1.6673614,8.339797,-8.556051,10.220614,-4.412263,1.5239618,9.873487
152.5,1766,-95.48437,141.00854,-2.3204424,37.818275,-4.754237,41.060043,-8.939107,4.337425,-2.236213,13.211676,9.272537,2.1303377,6.3039794
153.0,1985,-103.95749,166.32895,-20.970135,38.981663,5.6852784,37.17298,5.0765953,2.5367951,7.080722,1.3486722,4.2271,6.8402243,12.955958
153.5,2372,-107.75105,149.83917,-14.943728,51.3361,8.505268,28.048397,-4.5762024,7.035445,13.461669,4.9884934,0.18988143,6.5661006,8.584936
154.0,2307,-120.962654,123.22326,-13.160779,51.4801,14.39339,36.777023,-13.505712,8.579905,0.113714464,8.688729,-4.1003337,-0.5154771,1.2375834
154.5,2470,-132.7228,164.90727,-12.785827,31.471529,13.688935,24.901308,2.434034,9.393737,6.8003726,8.206247,3.9725587,9.347474,12.658996
155.0,2856,-117.779045,164.16649,1.1703484,40.340137,-0.91719204,9.036425,2.4579804,19.418316,7.059131,8.480442,-3.216714,14.607,9.966056
155.5,2426,-99.187805,144.43054,8.868258,33.07172,-11.355153,17.62558,11.602155,13.354021,1.9113134,37.593975,-2.7254393,22.338926,2.8215032
156.0,2345,-133.2693,107.24791,0.72744644,61.89318,1.6714164,27.611986,-7.6388445,3.297879,1.3326054,18.637949,3.9297833,8.9836855,1.0503606
156.5,2662,-95.93539,131.95541,6.9613094,27.902925,-13.062651,26.620659,-2.09817,7.789413,2.6012654,17.656675,-3.9633555,13.587632,6.858893
157.0,2866,-105.7263,150.47713,1.1247925,46.97645,-3.874678,21.179562,-6.8579507,20.270718,9.507474,4.8774266,0.64872164,9.118805,6.7356825
157.5,2563,-88.26301,131.8474,-5.49742,48.06523,-5.819345,29.854319,1.2979714,11.910593,0.4163491,13.964992,-4.3882694,15.595846,13.444818
158.0,2739,-108.972885,136.98915,-31.723143,50.058174,12.517136,29.728203,-5.0653086,2.802203,-3.577433,8.245673,0.29450533,10.201794,9.839215
158.5,2540,-85.816956,118.792694,-42.408535,53.37635,14.080541,32.080475,-14.127023,11.972304,-4.709193,2.5649467,-9.403236,1.4786919,-3.8050332
159.0,2832,-109.566086,125.959984,-39.334713,38.074852,8.824486,30.684557,-0.39436483,15.757864,5.001125,10.356632,2.2625678,7.3108582,2.5233626
159.5,3059,-88.75238,114.54247,-12.074605,81.527435,7.467917,21.733273,-2.5587273,20.512583,9.721699,13.632458,-3.7579498,13.205932,2.026799
160.0,3293,-125.704704,124.56155,19.525188,56.915524,-20.43958,30.150257,-0.5987879,12.159819,-1.233203,10.128688,-6.5330057,8.243165,13.784662
160.5,2775,-92.409355,121.5808,-12.569659,40.574,-1.4933058,38.741116,-9.16181,6.486337,-4.9603486,11.825149,0.9530587,3.8770547,3.7844393
161.0,2767,-111.170906,171.3434,-9.529599,39.19897,8.526664,33.20244,-1.6853242,3.8844445,5.9041615,6.3509583,5.2522836,6.397865,9.647458
161.5,2893,-83.67208,160.08191,-17.921581,45.73965,2.8957217,26.851849,-2.1110814,9.292077,7.556099,5.138343,0.33223274,4.4011035,7.557124
162.0,2506,-90.48313,146.66109,-20.971905,58.004135,16.244774,30.12012,-9.947716,17.672556,3.679556,6.5264106,-2.3309965,5.3804226,5.916083
162.5,2305,-94.91597,161.73825,-21.157297,42.18104,22.136156,30.602726,-14.873573,10.154599,-2.5076542,13.349987,1.7371485,9.190619,5.3762145
163.0,2517,-113.727974,164.51051,-5.5649214,37.926212,9.211059,31.105864,-4.054164,20.84064,2.9158456,10.350614,8.915944,4.450727,8.8430605
163.5,2527,-156.85805,159.23149,27.180363,23.92441,-8.141986,26.563374,1.0188483,22.491798,11.4517,5.416754,7.671227,9.037967,8.927017
164.0,2252,-193.85063,145.74875,39.24869,37.57023,-8.159378,31.033518,1.4887062,20.88591,11.077003,10.095198,12.686273,7.566676,5.735519
164.5,2002,-163.91505,132.28587,0.38948005,22.510305,-7.154192,26.233242,-5.345186,14.726835,10.19494,7.509102,7.8935156,5.672169,7.588414
165.0,1896,-136.58537,162.72862,-4.88434,39.89427,9.700574,23.847841,-0.90049815,20.966616,9.582198,5.0704517,7.9890776,8.225395,11.662418
165.5,2126,-132.24127,148.15053,-3.0213134,33.139572,-0.1750142,27.868454,-1.3994538,19.47221,8.442859,5.460928,9.587989,10.725777,11.934939
166.0,2286,-116.92159,163.10834,-20.81819,31.463572,5.3634443,22.60529,-1.1300994,19.768621,8.018257,5.69109,9.22472,10.476875,14.340135
166.5,2246,-142.79816,153.17377,-12.840006,14.240687,-6.6473646,23.042221,-6.2354217,20.373203,9.245321,2.852099,8.075953,7.1433253,11.06488
167.0,2237,-143.46727,148.95644,-20.588697,18.1905,-4.4483004,18.513569,-7.6640773,17.44973,8.326059,2.6029072,5.531667,2.534601,6.1090455
167.5,2397,-155.36104,160.62494,19.66821,24.61582,-6.4021907,27.13901,2.2507777,23.774849,10.799078,6.6401353,9.073774,8.472391,8.841672
168.0,2320,-186.75743,150.91212,41.741024,33.96971,-7.736832,31.171974,0.31112605,19.675665,11.910125,9.8945055,11.071591,6.709707,6.371132
168.5,1923,-184.93631,130.04033,11.730259,27.23177,-7.364919,29.007446,-6.299986,16.749321,13.968732,8.518457,8.342266,5.747056,6.0818176
169.0,2020,-124.39965,155.18976,-12.505956,44.87223,9.192262,18.826363,-0.758538,20.086733,9.969687,5.310047,8.070398,8.644319,10.699743
169.5,1851,-121.353775,150.22546,-10.686692,36.51429,1.2928184,26.385456,-3.5430758,21.329561,8.898453,6.628152,7.9096766,8.174401,11.841326
170.0,1797,-129.02596,154.53436,-7.802979,34.09833,3.6281192,27.106903,-1.2443318,17.607475,7.51119,4.482847,8.455936,11.114101,14.542623
170.5,1785,-120.76669,149.66924,-25.983898,22.792665,-4.715389,19.34536,-5.0892396,17.588982,6.830158,5.961244,10.128897,9.96818,12.538679
171.0,1854,-113.40025,156.93057,-19.172235,41.394447,4.47293,15.959386,2.480954,20.570902,9.6730175,9.390907,8.61929,8.160868,9.530764
171.5,1691,-140.78612,162.02798,11.636779,25.78537,-2.3190477,25.460484,-0.626852,23.792328,9.879666,8.468134,9.505334,7.526991,7.5047345
172.0,1353,-183.29384,151.97534,36.266212,32.201267,-5.147469,30.98544,-1.6153206,19.96729,12.929254,9.428274,11.818849,8.190484,9.25613
172.5,1284,-194.2694,128.81525,25.322649,29.094368,-9.024057,30.545975,-3.6300085,17.431255,8.084064,8.54958,10.97539,5.783481,4.134886
173.0,1166,-120.446365,149.91518,-21.23396,42.808834,8.770383,18.040352,-1.2489281,20.915838,11.08676,6.7578487,7.863049,9.391751,10.617608
173.5,1109,-121.0383,155.97133,-6.5957565,35.136574,2.8339984,25.270363,-3.740839,19.709303,8.720657,7.1243086,7.723532,8.79075,11.705123
174.0,1481,-129.71983,156.79175,-11.656849,30.477352,5.330468,25.82147,-1.946346,19.607157,8.450556,5.9946446,9.123043,9.832605,13.490798
174.5,1524,-143.09004,151.87027,1.2050027,19.243504,-12.074483,28.047033,-3.1333058,18.112295,3.916094,6.8217864,8.657155,9.414103,12.374574
175.0,1407,-107.309364,112.64088,-50.97034,33.837486,-16.506838,13.149774,-16.593254,17.668724,-1.2814697,6.5473824,-0.6932443,4.52466,4.999111
175.5,1230,-111.33189,115.73033,-23.164537,45.634804,-39.69945,15.971887,-14.369315,9.743901,-5.0352182,-1.6219468,-2.832572,-2.7154837,-0.46891004
176.0,1049,-134.8499,129.0638,-53.309143,36.54511,-11.167989,5.1014075,-14.778649,1.1250321,-0.29003927,-10.851371,-4.2325253,-4.6321445,0.9594195
176.5,974,-211.4255,140.0911,-32.216034,14.907584,4.7702203,3.4350715,-6.128133,-2.369613,6.088892,-7.8579273,0.32878917,2.107877,-0.6571866
177.0,862,-229.55937,154.02261,-42.868607,-17.79276,10.766603,-7.2406545,-4.9331474,-0.8512043,0.46923816,-2.0542936,-6.987745,-4.075902,-3.2972734
177.5,719,-203.57483,122.2933,-100.54609,-28.238571,-7.469651,-24.92008,-19.633095,-18.048231,-11.616786,-16.855076,-15.157564,-8.016733,-8.048868
178.0,836,-172.15367,83.29309,-134.26662,0.6908114,-19.408747,-22.241024,-10.8230295,-14.824608,-4.303078,-19.574358,-9.602138,-6.1443987,-7.6409245
178.5,879,-277.029,92.249794,-83.228386,-32.249493,2.1713905,-20.22913,-14.015764,-5.3686976,-8.493353,-13.575263,-10.584272,-6.028977,-9.26199
179.0,899,-376.49063,64.30077,-24.239456,-33.8986,-3.9962454,-3.0092645,-11.622886,-4.8233833,-3.2805693,-10.662964,-8.875348,-3.8643262,-7.870876
179.5,742,-437.09778,24.147274,-1.5924454,-13.732896,-8.5711355,-1.0926883,-0.38809597,-2.7734957,-3.735356,-3.753935,-3.7973921,-3.538246,-3.6193657
180.0,936,-459.3239,4.803964,0.95008755,-2.2122507,-2.884462,-1.5411261,-0.0036494567,0.41034505,-0.20685501,-0.9199509,-1.0352497,-0.6160065,-0.22774628
180.5,1054,-463.78162,0.19672856,0.10367373,0.00898939,-0.04054897,-0.033046428,0.006846309,0.041873515,0.050734743,0.038861454,0.02564133,0.022471113,0.022482907
181.0,960,-463.94553,0.0035636157,0.00355637,0.0035443043,0.0035275219,0.0035057855,0.0034793848,0.0034482686,0.0034127238,0.0033720648,0.0033270814,0.003277588,0.0032237263
181.5,1188,-463.9481,0.0,0.0,0.0,0.0,0.0,0.0,0.0,0.0,0.0,0.0,0.0,0.0
182.0,678,0.0,0.0,0.0,0.0,0.0,0.0,0.0,0.0,0.0,0.0,0.0,0.0,0.0
