Second,Count,0,1,2,3,4,5,6,7,8,9,10,11,12
0.0,190,-442.04904,49.41348,40.460777,30.168499,21.151253,13.801721,7.974913,4.0914636,2.259397,1.3452386,-0.17899054,-2.6550367,-5.093888
0.5,370,-399.26868,103.66469,79.550316,53.03666,32.816536,19.865437,10.687764,2.9815578,-2.5617197,-4.681254,-4.0482273,-3.0207803,-3.6327608
1.0,364,-396.8126,106.483215,80.911064,52.985516,31.65075,17.770393,8.219872,1.3983028,-2.144257,-2.586908,-2.055341,-2.6379561,-4.3753414
1.5,361,-401.56863,101.108055,78.74162,53.967854,34.311737,20.85311,11.666267,5.626022,2.5522034,1.4774429,0.29989967,-2.5970035,-6.8196454
2.0,361,-393.20544,110.18773,81.150894,49.494316,25.986818,12.168799,4.1554565,-0.955978,-3.3082895,-2.8436449,-1.1682419,-0.46817043,-1.713441
2.5,365,-402.81876,99.5908,77.232704,51.25744,29.739159,15.353188,6.999274,2.9075944,1.5834675,1.1526256,-0.44930938,-4.1160297,-8.849908
3.0,398,-388.4162,115.70626,83.54583,48.61891,23.605394,10.657714,4.564369,0.5260137,-1.990184,-1.6463035,0.8375099,2.3076224,0.30872628
3.5,427,-385.673,118.13726,82.87346,45.876972,21.659143,11.683311,8.068084,3.7545218,-1.6421766,-4.6009345,-3.8779898,-2.53746,-4.226738
4.0,440,-391.93823,110.89605,80.01128,48.406807,27.805706,17.789284,11.439094,4.6720533,-0.9952224,-2.8698897,-1.5964334,-0.723998,-2.9872081
4.5,452,-371.8915,128.77405,76.61676,32.21328,15.401292,16.477467,14.808835,3.202169,-8.925712,-11.313855,-5.120412,0.77624434,0.7305105
5.0,475,-385.2277,112.830246,68.58018,33.682564,22.458286,22.185064,15.792698,2.9405472,-4.994581,-3.347332,0.5333574,-1.1637452,-7.088014
5.5,522,-360.54376,136.48605,68.496506,16.974396,6.057432,16.082502,17.162474,4.256174,-6.0254455,-2.9158545,5.97963,8.0721855,1.6074249
6.0,582,-362.69418,133.17062,64.97868,14.556942,6.459804,19.739868,22.406809,8.521847,-4.1936193,-3.359776,3.8068943,4.362526,-2.929489
6.5,603,-363.47266,130.86154,60.2793,8.43484,0.6568006,15.513122,20.703001,10.005425,-0.233286,0.6184238,5.343078,2.8921502,-6.444185
7.0,637,-345.60748,146.93369,57.79091,-5.8392024,-12.43972,10.550389,21.750546,10.06914,-5.961185,-8.16977,1.0377237,6.2578535,-0.1515563
7.5,725,-353.2059,139.06226,57.30995,1.8635919,-1.1028708,18.067423,22.636162,10.621566,2.0362897,4.8759007,8.701015,4.4650497,-4.0988946
8.0,1096,-332.2824,155.16026,51.718178,-9.599603,-7.5282464,15.550889,24.477858,15.576789,1.6164446,-1.7307899,7.582232,12.192926,0.9835652
8.5,1214,-337.82922,145.21252,43.840614,-6.706198,0.950012,18.3246,23.045897,17.22965,5.1532307,-0.23933691,7.3119636,9.19229,-6.7826586
9.0,1223,-315.18832,140.41461,15.100664,6.144214,25.355452,9.89198,13.450594,27.190884,10.423092,-3.7621033,13.3455715,23.528772,0.04690107
9.5,1186,-288.04434,128.35065,-1.8410411,20.546257,9.077241,-0.5927918,17.424728,24.44823,1.5366131,-16.615807,10.184203,24.5737,1.4596492
10.0,1148,-320.1902,127.26934,31.010305,25.015612,-2.4713488,-4.7750864,14.128064,16.909666,7.6459455,-3.1250246,11.038771,17.586697,-2.3568053
10.5,1120,-216.87062,107.48925,-21.191526,47.451607,4.0153184,21.464882,-16.697657,11.4088745,10.597315,-12.104632,12.2831135,-28.65572,-25.344835
11.0,1085,-208.73897,138.78868,-25.743345,18.487062,-23.030306,-2.5039558,8.812927,20.931133,7.9017,-7.6527476,4.636212,-16.44345,-3.2652028
11.5,1048,-218.58437,141.95634,-6.8507338,19.629822,-24.51288,-1.0213401,11.410333,30.340977,8.455954,-9.110076,12.45478,-6.5437865,-12.935226
12.0,1016,-211.2853,129.065,-34.186134,17.933352,-24.049717,-4.40576,14.192694,21.339148,1.785399,-1.2933265,13.046221,-9.91592,-6.872909
12.5,972,-243.71762,160.1774,-1.4476243,-2.5668046,-20.7603,-6.7103415,15.908311,27.920801,14.70397,4.7733116,12.057728,-0.3357045,-8.67824
13.0,1070,-210.17271,125.36245,-2.8745384,31.025175,-22.46204,6.9536552,-11.458503,24.204868,4.059257,-12.419684,10.929167,-17.34995,-9.308742
13.5,1158,-215.98154,132.00839,14.040103,21.348219,-41.029037,3.6668856,-4.96055,31.556139,8.503201,-1.7539694,18.75468,-9.471088,-6.926546
14.0,1376,-193.92513,126.35277,11.752599,36.692642,-46.05577,9.558074,8.086273,27.542324,-5.5451193,-4.2585764,20.596912,-12.345777,-10.332849
14.5,1597,-206.43527,152.53908,31.852615,30.014729,-45.893597,-1.2140299,-5.5371866,18.033295,-1.3155985,-6.2269998,22.393051,0.021092132,-3.4221184
15.0,1808,-271.55307,171.77724,36.292465,-1.8243891,-25.46217,-10.448849,6.4201612,12.6276245,-1.5248935,0.9607241,16.273844,3.852664,-5.8141103
15.5,1921,-193.02005,121.03806,0.62875295,34.2392,-30.971704,16.723166,-12.093387,0.41450483,-11.945914,-7.6678514,16.496004,-14.051437,-17.40031
16.0,2258,-183.28493,125.18748,-19.024536,30.762697,-22.577774,21.493034,-1.0487404,-0.598302,-10.306976,-4.3343687,24.290464,-8.895301,-16.684328
16.5,2395,-214.2333,148.7465,-20.80884,13.056022,1.360586,15.495033,3.8384445,3.0439796,-8.599003,-1.1078926,20.533922,-17.261538,-22.217663
17.0,2575,-214.03123,152.51466,-27.598625,-3.7285717,-14.670276,-2.9257185,-1.1203586,12.954589,-4.885629,-3.1929207,23.037296,-0.921051,-2.0757911
17.5,2804,-248.28168,168.1382,-4.6995273,-9.174156,-1.3222114,1.6253709,9.607255,15.503378,2.7813323,1.9228134,14.854562,6.827484,-1.2307119
18.0,3014,-213.91736,140.08983,-30.420311,19.309212,-14.205484,-9.936348,5.370891,27.422005,12.243922,-7.2285357,20.942842,-2.5950937,-3.3762598
18.5,3194,-184.4436,132.60414,-35.742928,26.635294,-1.3052384,3.2458603,-16.755554,17.609632,1.3619558,0.30560312,21.916103,-17.495142,-13.565058
19.0,3378,-182.99579,127.17343,-12.55918,25.832838,-20.802526,14.402481,-13.135159,12.999852,-3.9194148,-1.1537237,13.447977,-9.9965515,-6.2913213
19.5,3767,-198.2754,136.97548,-8.201248,21.890696,-9.332109,13.768986,-9.989484,21.147427,1.6705024,-0.46342948,20.87963,-5.335407,-8.155532
20.0,4016,-218.79515,144.15341,5.2075367,15.664243,-25.730412,5.915614,-6.316893,14.085682,-5.240801,-16.294725,22.01874,8.237547,1.2808584
20.5,4217,-284.9987,149.13568,27.285727,7.794017,-10.770558,1.6228715,-0.18671453,5.877692,-7.0051556,-9.524244,18.22545,3.1143727,-0.44917467
21.0,4429,-206.61714,150.0285,-15.668446,4.8974795,-13.048334,6.6993613,-8.337877,19.526808,-6.650357,-6.7101574,22.12654,-15.435442,-1.5913333
21.5,4523,-216.63733,141.56439,-6.9262176,11.313294,-31.949394,-4.0612044,-0.12911591,34.94735,7.988666,-8.861534,22.814342,-6.974141,-0.3530559
22.0,4712,-233.67598,143.4588,-17.19743,11.09155,-10.813783,-8.378966,0.20499673,27.669405,10.685659,-3.3459575,21.636602,-17.193007,-18.636045
22.5,4725,-194.70601,127.1876,-32.6029,33.60204,8.533575,2.6774774,-30.73919,19.322107,15.037879,2.613716,22.906055,-30.208258,-11.129915
23.0,4698,-217.6755,155.52187,-13.268941,7.9765797,-7.2411613,0.059906673,-4.884839,24.066053,1.656837,-21.889477,8.563378,-5.7650037,-0.02853367
23.5,4721,-211.75157,155.3758,-11.618293,16.427942,-15.137586,-6.953506,11.929115,34.627647,-5.427099,-22.6004,9.72627,-13.849604,-12.266459
24.0,4825,-188.1151,149.0121,-26.056755,24.760498,-6.1512556,-2.5711446,8.753514,45.30562,3.7738976,-19.828053,20.12332,-8.377787,-21.151915
24.5,4968,-227.72615,171.29219,-7.093667,-4.562567,-10.356355,-3.903794,15.765247,37.94542,9.971581,-8.581392,13.261292,-2.8930917,-17.628479
25.0,5039,-238.81776,164.21982,-10.086567,-6.484094,-15.393064,-10.87051,18.392864,27.182209,2.649844,-2.1162035,5.9043465,-8.337308,-11.720541
25.5,4920,-177.36894,142.32281,-33.767113,1.9754418,-22.648384,18.099379,1.1380832,27.341476,7.956591,-15.795315,8.331351,-11.257767,-9.026926
26.0,4953,-234.17033,164.47644,-17.47517,-15.205953,-5.885131,16.007881,20.706718,22.923035,5.3796616,-12.637878,3.5101602,-10.505263,-12.861463
26.5,5053,-199.61037,134.88182,-27.482485,22.975275,-0.8280454,12.907233,4.9430304,20.193657,-1.6954036,-7.661066,7.913597,-15.976938,-21.285267
27.0,4816,-186.21346,139.5528,-26.400305,27.224535,-32.421204,-12.20107,2.833194,16.140434,-0.49333808,-10.493262,15.480886,0.047765743,-4.661231
27.5,5131,-162.84369,108.04715,-19.393147,37.023293,-31.863113,23.310926,-17.253393,20.577904,1.032599,-5.4876323,5.8221416,-11.525261,-1.906432
28.0,5289,-168.7611,109.83293,-21.515753,32.57052,-37.704105,20.7386,-4.648575,20.582561,3.4686568,-5.6322465,7.9079986,-1.8545059,-10.680589
28.5,5309,-170.06827,121.97664,-17.454494,25.097414,-34.012264,17.763176,-9.055339,19.34953,2.1215413,-2.645922,9.259781,-9.323685,-14.988904
29.0,5033,-149.70087,123.113976,-26.020077,27.028357,-23.116705,20.592445,-18.225698,11.297859,0.80323595,5.2335835,14.579833,-4.762881,-12.198347
29.5,4767,-167.84982,130.27979,-8.331361,33.672565,-22.91728,16.66554,-1.2637497,25.981667,6.685301,8.44878,20.793709,8.8659935,4.8359795
30.0,5000,-174.49403,139.97263,-9.38131,32.96774,-23.742739,4.1275406,16.325459,33.80523,17.119066,10.237479,22.170792,19.598696,13.486599
30.5,5232,-148.27666,118.399895,-23.9035,49.449413,-9.607984,14.425077,10.194473,18.699953,15.781338,12.3664465,9.995393,18.185953,10.538645
31.0,5305,-197.24387,124.36447,-0.9585606,33.926216,-17.18861,24.054815,23.609127,31.460909,34.089596,16.04366,12.55899,19.657415,8.063758
31.5,5126,-179.3228,136.42456,-37.854523,19.921581,2.7116148,28.044987,11.552242,13.8695,22.645916,16.498913,12.173034,16.899927,14.317658
32.0,5165,-176.53307,139.69995,-7.8086677,30.88733,-14.514339,31.940649,12.472157,8.354614,12.219328,16.306364,19.5534,9.980088,2.9875176
32.5,4938,-162.66805,119.04651,-13.1262245,49.806896,4.824353,25.104464,6.0558047,25.121122,4.7609673,8.698481,18.45045,3.7616532,4.7880864
33.0,4508,-165.59233,110.25086,2.2583525,37.821102,-5.5486913,27.304256,16.839098,27.943901,3.128322,15.500501,18.616774,8.477561,4.2743344
33.5,4133,-172.79156,109.929436,9.676096,50.16124,-8.206534,32.172325,25.015783,34.325893,0.43132427,12.811813,24.291067,4.942239,-0.62587804
34.0,4160,-164.76634,120.2497,0.19712266,57.97875,-2.394059,22.231491,12.334066,36.870415,1.2614803,-0.28296536,17.70833,9.668248,-2.4142807
34.5,4010,-182.36229,134.9703,-1.1119772,28.819983,-8.391616,18.603941,23.93657,33.53146,-0.97543794,12.387626,24.519176,15.630139,2.6660078
35.0,3882,-184.37804,153.46225,-29.90236,18.867224,-9.311126,11.75517,25.993914,30.418642,25.958471,12.020813,10.172448,8.557932,0.20554034
35.5,3773,-144.3449,116.55066,-26.809048,43.505352,-16.966427,21.003315,7.8232665,16.862505,27.756657,12.8492775,5.9473495,13.126936,2.7841623
36.0,3584,-194.14714,125.58278,-3.4064944,29.200508,-11.501187,28.164173,19.82647,30.821447,29.979092,18.692783,13.712202,19.749302,7.458902
36.5,3519,-174.01775,152.2051,-24.555561,27.704826,0.74299437,18.758572,5.1202803,13.903469,18.761278,17.438047,20.805046,17.29085,15.247469
37.0,3623,-188.00671,148.59982,-9.850996,31.868223,-12.057585,18.001234,26.507744,21.192335,5.999296,14.128994,24.189972,16.79452,10.884705
37.5,3296,-177.3483,125.593864,-9.9520645,45.16446,14.541234,21.737818,6.9462833,34.681553,2.7450674,14.320539,22.24629,5.7875485,6.8333435
38.0,3524,-180.10855,147.06497,-27.74845,25.954653,11.169975,18.442839,20.759487,26.457956,2.424492,23.81231,30.658697,12.236576,16.502464
38.5,3992,-147.25694,125.49609,-27.799288,44.844948,25.058529,18.266632,-5.8935876,28.089693,2.9736452,18.27528,16.938799,-0.474981,6.6017118
39.0,4026,-150.22742,129.66705,-28.002035,46.00184,2.4898713,17.212362,9.531422,32.33811,6.75701,11.936521,16.037907,6.0481668,3.3274043
39.5,4087,-159.79091,133.63893,-29.24441,27.218756,-7.8022313,16.206884,12.367935,25.253685,5.214371,12.22256,20.389597,20.476233,9.33267
40.0,4148,-163.86707,153.34285,-30.975277,41.05102,-7.5744176,-0.6646663,15.16058,16.626041,8.384872,6.5708404,20.517063,17.785177,12.680089
40.5,4545,-132.8249,110.80401,-23.977888,51.42885,-12.342467,22.497711,7.74116,5.9114804,14.71633,15.902517,12.285235,13.267974,4.3870816
41.0,4798,-175.92415,135.50958,-29.143387,38.28264,-5.990955,26.495796,20.612696,13.261895,20.87751,17.914526,15.883841,8.314632,4.604716
41.5,4886,-155.8796,129.11266,-33.693985,35.665665,-1.9176072,27.393612,5.3904467,6.2782197,14.281189,17.725264,10.431704,8.601756,2.4467437
42.0,5215,-158.13182,139.56255,-10.81876,44.2981,-16.335077,26.657482,22.492262,18.341051,6.6384726,11.100451,18.287485,5.9390125,-1.700289
42.5,5310,-146.86317,106.98007,-10.966599,52.94965,2.5628507,25.483341,1.9732847,28.062408,1.3830731,12.640474,7.214919,6.9963317,6.3656573
43.0,5383,-146.54819,115.046265,-3.8347669,42.694485,-22.811354,28.03113,23.915663,27.582672,-0.51355195,16.541058,17.814629,11.575013,-6.667668
43.5,5128,-157.38657,108.420525,-1.3266312,53.992477,-6.7191916,30.269304,16.76537,33.723553,8.723735,14.174128,21.297352,5.85628,-2.3760328
44.0,4825,-140.90244,110.770805,-5.587858,49.187683,-11.4604,26.403624,17.27049,30.003767,-1.582634,5.6045694,12.927908,17.453083,-2.8192225
44.5,4718,-170.04224,127.59466,-1.0663326,32.178783,-20.74871,22.181986,12.388375,33.93156,8.351955,13.636637,16.964453,17.426516,1.9291103
45.0,4424,-146.30328,128.09448,-22.142359,30.081066,-19.090578,20.10916,11.727243,31.064837,20.342384,21.198864,1.2378674,10.218984,-4.0049596
45.5,4353,-121.26165,90.418915,-2.8001454,36.863277,-24.65794,30.055471,9.154322,22.131842,23.528458,23.546791,1.6149062,14.545822,-9.371794
46.0,4406,-160.56046,100.421646,-1.4323293,29.911406,-8.316074,23.896454,15.383516,21.171331,25.21889,28.56061,12.946312,17.748999,-0.6818216
46.5,4471,-155.06973,104.99728,-10.893467,21.467274,-13.066918,16.027813,7.478956,12.820264,9.328623,17.510939,18.291208,19.070078,10.003345
47.0,4681,-234.33018,105.21324,-35.8518,6.0902314,-30.230509,-14.921122,3.336738,13.258677,-11.674569,-2.9087124,4.857326,-6.652267,-7.6536255
47.5,4764,-219.26108,57.24192,-47.282497,4.479453,-13.549058,-7.4395494,-17.510418,0.7266772,-20.858095,-14.018122,-7.0901594,-21.167326,-17.549635
48.0,4765,-213.74234,56.700195,-73.59449,-11.55583,-18.176266,-21.968681,-14.922948,-6.507594,-28.624704,-6.282664,-7.4772997,-22.877033,-10.233323
48.5,4545,-190.66992,40.206024,-71.59809,-7.8815885,-20.117155,-22.251225,-33.47518,-5.4778156,-20.163149,-18.045704,-9.041592,-25.204956,-23.739813
49.0,4665,-173.7934,58.063187,-35.95142,12.18402,-23.243786,-5.630035,2.1646147,-0.50976366,-6.601065,0.00343824,2.9496996,0.5576723,-13.871628
49.5,5037,-136.69965,86.622505,-10.828932,45.819626,-10.809332,35.074013,16.901722,10.182536,17.890741,34.588337,22.541311,13.724752,-8.984634
50.0,4200,-147.52147,96.002655,-17.3453,54.032677,-19.39929,34.320515,16.48632,15.199385,17.559818,43.378693,26.9769,15.930054,-8.599891
50.5,3640,-143.71059,85.29373,-10.524785,69.238205,-21.395191,35.248783,21.495886,13.739019,6.999603,49.73027,26.990166,17.970959,-9.139289
51.0,3215,-149.50703,101.479095,-21.279016,56.33086,-19.86964,35.011433,13.419738,8.592325,17.931196,40.93098,22.78277,5.9316926,-11.24298
51.5,3215,-118.69854,125.75404,-31.994183,44.923225,-29.153803,9.82315,8.94581,18.654343,3.4993722,15.502487,11.309849,13.680885,6.6637373
52.0,3072,-148.60829,105.25696,-20.734604,54.680454,-19.22808,33.01453,13.4728565,10.36008,19.214197,41.012817,26.792067,15.254981,-6.2820144
52.5,3534,-163.12042,99.4495,-19.478535,58.558525,-17.083853,34.21284,20.15975,13.202297,19.049314,44.70828,31.464146,15.926828,-8.124316
53.0,3949,-132.10399,97.73556,-26.55802,57.092422,-15.806207,36.39163,20.593908,19.991371,15.849961,44.019955,29.999676,21.584732,-12.866174
53.5,3925,-132.45448,116.40164,-29.01308,52.03767,-12.226679,34.29782,12.147095,16.80271,22.168833,32.860016,21.327555,11.89893,-5.760707
54.0,3372,-125.879326,125.01142,-32.04675,47.20845,-23.362432,17.002111,15.739783,21.038265,6.9126897,19.43231,17.591488,16.630486,9.74167
54.5,3572,-140.2343,103.28716,-21.839537,51.723606,-17.155731,39.27827,14.716232,9.885145,17.253084,41.23664,21.215351,8.675712,-13.709409
55.0,4096,-158.96655,97.99874,-14.319313,57.176094,-20.593851,35.244194,22.563335,15.767868,15.193408,44.106205,27.660059,16.38615,-10.736128
55.5,4381,-137.71097,83.10477,-15.800517,63.08076,-24.583916,33.449398,20.47505,13.572175,9.995879,53.171257,26.523367,18.524908,-8.655863
56.0,4508,-143.26134,110.422134,-21.746773,50.634895,-17.420557,31.685118,12.282762,14.437634,17.380178,36.10362,20.013847,4.690835,-10.02729
56.5,4469,-129.17662,121.51532,-22.540812,44.759785,-25.086727,11.4331045,13.5477,20.993317,7.1179485,15.882486,12.346441,12.035234,5.5037756
57.0,5059,-127.9113,94.160934,-19.935013,42.83272,-17.270943,31.82923,17.96832,19.745949,30.897106,43.54939,22.183277,8.593265,-14.988122
57.5,4948,-129.93393,89.01404,-13.309469,43.913586,-10.915427,29.449406,23.885061,19.91198,26.152575,41.702858,24.910297,12.130359,-14.710283
58.0,5123,-84.50226,75.72797,-16.709259,43.082916,-22.38552,26.36471,8.393898,15.149495,22.074709,36.811478,21.615355,12.736169,-12.90979
58.5,4895,-89.64825,86.707306,-8.606405,39.886486,-10.400692,22.064194,11.016837,12.217078,21.942802,22.76287,11.594266,10.405199,-4.0222526
59.0,4899,-102.39492,89.2467,-8.610347,46.115944,-19.985537,16.04967,14.127625,20.183033,19.351213,16.54474,10.708447,14.863237,4.0665708
59.5,4469,-112.89361,96.544716,-16.455433,37.729588,-22.57648,29.03332,11.488815,17.938301,27.858368,40.891136,19.548674,6.98063,-9.803723
60.0,5462,-126.1406,97.15886,-16.308884,49.21302,-27.694017,26.61062,17.079226,23.151705,12.647287,37.664417,24.032877,22.29788,-1.0053061
60.5,5390,-118.31502,99.23012,-18.748306,55.912098,-30.106703,31.976562,16.361313,15.897347,13.380749,46.03612,18.243402,7.2931886,-16.20893
61.0,5479,-130.25926,118.805565,-30.738274,47.58784,-22.089182,22.411736,9.799207,16.746868,13.544026,27.373266,17.704117,8.103778,-2.8773968
61.5,5068,-143.99136,115.697426,-27.750656,53.27218,-23.62451,17.858404,15.639001,17.753826,12.103814,20.632933,18.90308,17.037413,5.680694
62.0,4816,-149.44797,99.312355,-28.184206,56.56023,-14.988324,38.425907,13.884625,13.461711,25.719795,43.307045,27.475378,11.449635,-9.864623
62.5,4368,-148.32236,98.08686,-20.796356,59.03624,-17.057777,30.888933,16.392427,11.955832,10.925408,42.252483,29.625486,24.60909,-3.1100287
63.0,4804,-122.44827,101.299805,-31.913162,54.62303,-12.3669615,34.631775,13.424032,20.044857,21.883492,41.0745,24.86624,17.399746,-12.327128
63.5,4512,-122.5778,126.57439,-31.090122,49.788525,-13.6124525,26.139353,14.818594,22.303192,13.685286,24.303932,14.4004345,9.6158695,0.25654006
64.0,5067,-133.95517,125.35637,-30.308117,44.76394,-25.1348,17.223818,15.00619,20.12213,16.552965,24.417345,19.450577,16.999775,4.334286
64.5,5572,-144.53749,111.45726,-22.788862,45.82129,-23.45417,34.232,17.44321,18.730488,27.790201,42.217808,20.888456,4.710164,-13.659311
65.0,5313,-120.27625,105.76839,-19.492085,50.416786,-34.476524,23.336313,20.26485,26.346312,11.30397,38.39087,20.493206,25.447166,0.31968927
65.5,5046,-125.08889,96.54576,-19.87786,51.608223,-28.618715,33.359474,17.241364,16.74701,17.973259,52.698948,21.52506,7.244315,-16.746319
66.0,6163,-127.30747,120.50358,-31.952818,40.675644,-25.30703,16.254217,6.541614,16.28662,6.17775,22.546082,13.698795,7.687635,0.31154966
66.5,5779,-137.38324,121.34156,-20.642534,52.78196,-19.69714,22.98661,18.718603,25.547945,18.97944,27.639046,19.264833,14.931775,-3.0431716
67.0,5563,-145.05795,107.31482,-23.291763,52.518227,-15.887971,36.302116,14.9513035,19.39998,29.195784,43.367085,23.970324,7.1856966,-14.195804
67.5,5435,-110.8397,91.15401,-22.027504,56.941757,-29.101221,36.25704,9.921845,22.058521,13.554983,40.875854,21.265379,19.823692,-7.1104608
68.0,5332,-101.88513,95.9401,-30.985647,50.3883,-27.169136,35.97589,3.4889002,24.130796,24.947975,42.34085,17.788862,10.176575,-12.016647
68.5,5283,-107.92259,114.41811,-27.536945,51.40399,-26.771376,26.707672,-0.683649,20.518944,15.135045,19.716734,7.416117,10.364669,2.6828911
69.0,4971,-238.95976,139.90274,-10.00726,28.078245,13.475289,14.635455,8.909186,18.582428,20.279724,9.535475,11.3517475,3.3122382,-1.0886395
69.5,4774,-167.46655,107.92208,-24.120298,47.481865,-9.094148,30.667389,6.2049413,19.697401,9.129227,7.2907596,-3.2474258,-20.059576,-10.661949
70.0,4749,-210.54916,112.375984,-15.488493,40.624905,-3.052254,43.294594,17.189001,8.719664,-3.5932422,-7.635803,-0.8904986,-17.860176,-9.118921
70.5,4324,-212.23079,114.744995,-18.620636,45.372353,0.31920794,28.04559,3.5390546,-0.059601385,-0.30231237,1.2993503,2.3094356,-23.552992,-9.818119
71.0,4315,-200.45586,112.866325,-38.88087,34.082455,-11.970849,11.597026,3.3336213,9.573785,13.991743,7.7206535,14.280181,-9.29389,-13.932904
71.5,4187,-253.16489,147.38254,-4.876702,14.803368,6.8345356,12.522848,13.595642,17.345222,16.021318,6.3868637,10.154183,-5.7168694,-9.402372
72.0,4079,-173.67444,110.804436,-33.497375,50.806305,-10.9578905,35.204662,8.356963,15.3820505,7.316321,-5.497617,20.215645,-6.036303,-2.8149865
72.5,3578,-196.65533,138.61964,-31.623571,23.418081,-8.380235,13.630253,12.505897,19.0735,4.6611834,-6.0296736,14.164307,-10.663801,-4.3006005
73.0,3314,-175.96376,118.731415,-30.166618,52.89601,1.0819134,17.735716,5.297475,20.654318,-0.39455965,4.8272567,14.768182,-14.929597,-3.228632
73.5,3481,-195.7042,140.64313,-13.763706,38.629635,-4.203617,4.628225,7.3852334,31.802088,12.8576975,3.4148545,9.607745,-10.140324,-0.9811136
74.0,3537,-264.86884,148.48569,1.8107198,22.308256,20.794497,1.0210546,7.9235053,26.639666,8.266047,1.2332766,2.4577048,-16.296112,-3.1529315
74.5,3420,-161.41351,109.42286,-47.30315,45.707912,4.671244,23.91,-2.308612,7.666492,-2.1196363,6.597668,-3.417333,-26.184734,-15.732465
75.0,3330,-203.15285,147.54068,-31.253017,5.2909055,-5.2509365,12.750297,0.9706177,5.3525677,0.36592746,6.6384683,12.141356,-12.357229,-10.541067
75.5,3340,-161.4732,109.43832,-33.335102,24.027985,-16.58554,22.789305,11.564989,23.079433,3.2322848,15.360881,9.260631,-10.410888,-5.220003
76.0,3242,-158.32437,119.16303,-39.966347,-0.4997536,-21.965282,19.301895,-8.045745,27.695765,0.30351195,16.294022,15.32634,-9.570782,-2.3648942
76.5,3169,-179.49034,126.936806,-25.74199,14.720838,-11.057021,25.307634,-18.599201,13.555643,1.0077018,5.493223,22.507639,-4.30006,1.0057635
77.0,3028,-173.30817,110.069244,-29.269384,35.39854,-5.360615,29.559378,-2.5264351,17.234674,-15.499956,6.274808,15.694634,-13.410482,-8.246674
77.5,2990,-197.04028,123.317894,-11.35904,30.096663,-15.581653,20.347404,13.993546,28.932531,-14.16524,-4.751309,18.217005,-6.7412143,-9.477094
78.0,3098,-168.85292,117.617516,-13.832561,47.180996,-14.064313,24.06653,-10.766458,12.65203,-11.306484,-2.0701332,11.633965,-11.620329,5.682253
78.5,3234,-155.57535,140.1676,-11.752679,35.36593,-24.667004,12.919286,2.3964148,28.205797,-0.7372959,-1.3124864,18.237223,11.029365,14.386146
79.0,3100,-174.54019,145.31705,-2.6582618,39.560787,-18.536448,15.132382,0.060902353,15.703925,2.447775,6.7213917,26.088148,13.627348,18.713753
79.5,2957,-195.52473,147.06421,-15.028579,48.28335,9.825393,18.537163,15.532584,13.281981,2.9951403,7.004506,21.406227,4.8260407,14.204563
80.0,2952,-164.76642,137.66676,-13.569229,29.330166,-11.513548,27.56828,14.111791,41.79949,-8.612167,15.783633,27.713436,2.0263314,12.807385
80.5,2969,-174.1664,135.96402,-28.240387,18.943233,-13.04501,21.092247,18.823116,42.245674,6.2693863,21.474134,23.961302,9.967654,23.890705
81.0,3025,-189.47415,160.05312,-16.036797,17.811638,-10.319251,7.9680834,21.108292,41.73253,6.6836042,3.4997072,27.2372,-3.0092173,3.6462352
81.5,2850,-159.97585,151.57523,-20.660593,39.263134,-3.944759,8.43822,10.447819,32.021313,-4.2641635,7.668213,25.614216,-12.044713,0.032772556
82.0,2911,-170.88806,127.7304,-13.686576,57.056965,8.058137,26.840014,1.8356781,29.075161,1.4962133,13.756932,15.783392,-13.405466,13.702724
82.5,2882,-182.25583,146.10518,-2.6820624,41.401478,6.9188943,29.127575,10.63632,33.27888,-6.393632,1.0834161,20.641655,-5.0873227,14.582807
83.0,2841,-181.38673,168.18358,-9.034274,36.76958,-2.7610002,12.684716,25.303776,32.339474,17.193338,6.570998,13.307221,-4.66858,6.5037127
83.5,2855,-248.22202,162.19716,13.913076,26.91233,13.745236,18.309778,27.551687,27.265253,10.720641,10.676629,21.606476,-1.522071,-1.1480851
84.0,2828,-226.08376,152.48383,-8.088888,30.597792,10.896549,16.718853,31.826992,22.665783,9.365186,17.10388,16.106085,2.4181433,5.9515843
84.5,2762,-163.53555,135.97275,-33.243847,22.656645,-4.6383734,30.815086,30.225481,32.36523,-0.1606214,21.728052,10.679264,0.6312671,10.071874
85.0,2759,-196.16928,148.87663,-10.074728,27.631184,-11.44053,29.036516,39.011665,35.867638,7.872746,6.2602887,26.47212,-0.9743341,-3.7254195
85.5,2802,-184.17494,134.68542,-36.753902,39.354298,0.84230334,21.72301,22.962635,19.085796,15.319617,16.37805,13.96398,-6.2653766,3.5233011
86.0,2735,-176.81837,130.85638,-23.404922,40.79999,-18.997957,11.159827,24.64477,36.345768,0.57357717,4.7074165,35.79247,11.459409,8.391212
86.5,2612,-176.24127,113.54196,-46.37488,23.090439,-25.496775,8.892046,0.6068488,21.770323,-2.1937327,-3.123127,18.789366,-6.9451075,0.9278568
87.0,2610,-182.57043,105.123276,-71.546875,13.790307,-33.904957,-18.41626,-3.0039034,15.483283,-8.21899,-7.710012,2.0670197,-20.178493,-13.740308
87.5,2501,-163.66327,114.41285,-63.30466,13.851554,-37.52698,-14.014417,-15.5007925,0.08427474,-19.966206,-19.272106,-7.529089,-24.501335,-23.525015
88.0,2387,-166.98723,105.896225,-68.91758,-1.4514632,-43.723576,-22.154528,-28.416203,-10.25985,-24.308836,-8.53842,3.8637123,-12.240853,-15.104713
88.5,2277,-169.09348,136.27042,-30.371267,28.614305,-16.83667,5.8685613,12.2094345,24.958626,19.01163,15.29856,19.0325,15.19438,13.593372
89.0,2291,-163.63136,142.20236,-33.576454,28.475206,-11.503622,4.9066176,11.818208,19.749914,23.60824,21.129822,18.593693,18.669786,16.651382
89.5,2146,-135.10452,112.19629,-31.259533,42.950733,-15.364769,16.801603,6.760342,13.279985,21.33223,17.072218,10.6366005,19.996763,6.632293
90.0,2046,-190.83961,136.01677,-29.575905,18.245842,-1.2003602,27.704107,15.434547,18.929825,32.092075,19.291233,12.286921,15.59197,8.807769
90.5,2066,-162.41098,132.03174,-49.549747,20.026506,-3.237997,19.827604,4.066056,8.80067,20.874702,19.93919,11.23723,12.999495,11.226406
91.0,1896,-169.13979,140.90527,-16.215864,27.63154,-8.25394,31.22165,8.758691,14.171604,15.95715,15.2248535,16.03837,5.746813,4.1319637
91.5,2196,-149.11867,103.51514,-25.204693,48.457626,9.84942,27.467594,1.2201492,21.415243,11.057761,15.306926,13.470238,-0.66414785,4.777012
92.0,2222,-154.38156,116.94011,-10.051942,33.21263,-5.7442455,28.734142,16.27812,26.049791,4.526477,18.043066,18.207123,5.539384,3.7466125
92.5,2567,-152.35835,108.87017,-14.130672,44.999214,6.548814,33.605774,6.726227,25.938702,7.7738667,17.060617,19.298576,1.7039188,1.7065953
93.0,2409,-150.20003,123.66715,-18.54803,42.136555,-1.4808801,27.181488,9.668761,22.060432,5.21784,10.306423,10.556863,7.9261966,2.9013467
93.5,2564,-179.08087,144.10606,-22.361639,16.172081,-1.5683342,13.464378,11.064865,31.483753,12.2875595,18.040133,22.583427,13.384564,7.581834
94.0,2459,-172.02966,143.89162,-47.649612,21.505663,-7.2167034,10.614506,17.548508,19.468124,29.269594,20.880903,11.1227255,9.317191,6.9699616
94.5,2757,-135.01013,107.60499,-26.005278,36.10809,-20.752382,26.084148,2.3376234,13.156127,29.56374,22.739405,14.113468,20.913942,4.8695297
95.0,2590,-175.21143,131.44688,-32.965603,23.38769,-2.8511002,25.82672,5.6933894,16.203913,29.524605,25.473227,17.974297,16.66498,10.866263
95.5,2447,-160.77475,141.74023,-38.06044,31.673212,-6.281923,15.412708,5.924584,8.324912,9.869169,12.487471,17.033148,15.685082,15.2767935
96.0,2565,-180.14165,153.53558,-22.014961,25.561018,0.7884841,19.324171,15.233855,17.652672,6.582897,12.972558,20.72009,13.6240835,11.241848
96.5,2682,-167.24512,119.08741,-26.719233,41.414886,18.286371,30.342558,7.1055665,22.388365,8.114636,16.289148,16.42304,5.1016254,7.1796236
97.0,2573,-162.81685,140.4818,-37.36865,27.014275,11.986653,13.973065,10.350826,21.19298,1.5302945,27.181652,25.571068,11.276165,18.33933
97.5,2472,-140.28545,121.90834,-34.640182,46.138565,19.5097,22.44507,-6.6675754,25.576824,5.8950424,13.536195,14.663254,-1.3705269,1.2701862
98.0,2406,-137.85657,137.76015,-38.439236,33.966225,-5.220722,9.043694,7.1676865,18.570957,5.1692905,18.24685,19.301771,15.867007,9.233503
98.5,2529,-150.1021,147.50664,-40.99381,23.011673,-13.555115,8.323416,3.3768806,13.720328,10.02731,16.86189,29.015318,21.137848,16.148918
99.0,2330,-134.28416,143.12187,-44.693417,46.889923,-9.86475,-5.0048585,0.90374225,3.3310025,6.9424863,12.942543,19.68542,17.96209,18.862976
99.5,2285,-144.24803,115.78535,-27.798521,39.769833,-19.099003,20.127056,4.26338,8.93393,20.664528,13.700902,13.354077,14.863819,10.985961
100.0,2280,-156.11958,129.30962,-46.00106,30.485218,-3.4340963,27.933773,10.023224,12.496733,25.189558,19.108755,10.719848,11.052954,9.229417
100.5,2381,-147.44682,129.84023,-35.771225,38.141197,-11.7748165,25.533424,8.9171295,10.890133,10.727102,12.442406,13.50161,13.194626,11.447228
101.0,2238,-151.83694,131.09653,-21.484661,42.184322,-5.8513827,28.994854,12.621457,16.112064,6.9514856,10.236683,10.276173,4.7508965,0.86773413
101.5,2115,-134.09373,91.093506,-21.925903,47.333614,4.0044804,37.268982,3.3568506,25.833908,5.9015503,17.859144,4.0312014,8.432694,4.614856
102.0,2107,-144.82486,118.102844,-12.92375,39.87429,-16.442055,28.304747,16.469938,23.274551,2.0743082,16.237257,16.761618,10.408865,-5.709522
102.5,2353,-140.44582,103.782036,-25.76849,53.962864,5.801622,28.908173,3.3168693,24.397455,6.1337523,8.469736,8.183599,-1.5722984,-2.5979416
103.0,2346,-135.32219,115.584656,-13.814587,36.121773,-15.380682,23.1817,7.5860076,21.089666,-0.85776216,7.4637175,8.0185,14.879116,-8.138904
103.5,2482,-157.78552,122.6962,-24.6693,22.199211,-23.362686,19.783823,-0.42096755,24.394676,9.62974,12.364304,6.7851167,8.692048,-1.3547393
104.0,2537,-125.41708,108.354935,-41.99551,29.652,-19.851414,13.117999,-5.3897533,15.717508,11.157195,23.08603,-4.55974,4.2355514,-8.3492775
104.5,2447,-131.45216,83.19206,-7.3589277,20.882576,-27.088495,25.498903,-1.7131668,8.84258,17.94479,17.738037,-1.7029452,13.05111,-12.302289
105.0,2279,-140.70839,97.201035,-28.24336,15.816527,-5.088795,14.6032915,-0.9013804,8.582125,15.281131,23.609213,7.235488,10.822607,-5.3490257
105.5,2540,-173.15239,101.94002,-35.159725,8.850982,-35.321304,-3.8035414,-1.6202623,0.88172054,-10.48231,-5.049145,0.5361226,0.81902736,-4.133549
106.0,2749,-226.42168,85.4701,-50.678173,1.0708724,-32.351433,-30.746588,-23.751831,1.3967509,-30.166306,-20.82156,-12.627691,-23.76504,-13.277603
106.5,3175,-216.42848,69.99414,-54.388344,-10.563686,-24.856432,-15.287787,-19.809023,-11.710186,-31.213837,-16.254389,-7.451262,-20.229174,-16.679945
107.0,3340,-183.08818,66.356926,-67.488716,-10.645429,-14.98429,-27.81047,-34.927242,-18.557013,-33.630997,-13.933425,-11.554847,-22.819754,-14.401468
107.5,4635,-179.18942,50.817513,-61.20223,-2.1061199,-18.978962,-22.763025,-29.66286,-7.4411616,-23.449278,-24.88271,-15.864096,-25.360094,-26.128597
108.0,7261,-160.91205,76.213615,-16.204247,31.944515,-13.129606,12.227027,11.941049,7.3462944,0.68235546,10.045072,11.885406,12.223857,-4.7899704
108.5,7522,-131.46913,82.95422,-17.243347,45.97453,-14.668134,41.625694,15.654212,15.356183,22.14047,42.320194,23.998367,9.075599,-12.77401
109.0,7128,-151.02219,86.86751,-10.32634,61.617702,-19.334887,38.043484,15.913319,16.826063,11.738661,44.013817,29.000866,20.163195,-7.5236993
109.5,6700,-131.01395,85.81075,-16.09907,66.73924,-22.816982,36.100807,17.752428,11.65221,10.918416,52.391087,25.991835,13.060604,-13.480187
110.0,5509,-138.68138,115.58548,-24.096682,53.92925,-17.538862,28.963814,12.374113,16.097166,16.93886,32.380898,20.246899,7.5958757,-5.3383408
110.5,3878,-137.32028,120.73567,-28.208275,51.71502,-25.402205,14.095987,12.487878,17.25715,8.993787,17.044624,14.428624,13.697995,4.38794
111.0,3690,-142.79457,100.16093,-24.61445,58.9378,-15.047851,40.001446,12.88124,11.858441,23.046745,40.969303,24.097963,8.571045,-14.369757
111.5,3359,-158.24557,97.72145,-20.412634,59.13781,-14.137114,33.164047,19.8484,14.658704,15.961823,45.652664,32.07997,20.70142,-7.73247
112.0,2895,-106.71339,84.60167,-26.591269,60.742176,-25.408842,44.02768,10.318177,21.518703,19.575228,47.403347,24.651636,16.492517,-11.9035845
112.5,2655,-121.19808,117.979744,-29.749865,54.586323,-17.537695,32.56688,13.607291,18.796545,16.334913,28.763763,15.68577,8.125018,-1.9110126
113.0,1759,-140.25362,121.30202,-26.422138,50.968224,-18.88499,22.866072,16.092945,16.181175,11.585781,24.402412,18.387312,14.455546,3.579994
113.5,1718,-144.06479,104.80106,-19.100822,53.67755,-18.64157,38.73042,13.72007,10.2613945,20.771763,41.845863,19.87256,5.5357533,-13.239854
114.0,1856,-150.01212,90.923515,-9.642724,61.794037,-23.62047,32.01733,20.801357,17.451597,11.921245,49.228012,29.501173,22.319654,-8.669479
114.5,2010,-136.4271,85.49317,-18.048487,59.45346,-23.203445,36.076088,16.496635,9.90864,12.023107,54.94573,25.902489,13.552932,-13.582477
115.0,2207,-129.97548,119.791176,-28.43382,45.397846,-20.257519,21.249882,6.6294093,15.334985,7.9419613,25.641665,16.701818,8.30796,-0.006860611
115.5,2327,-140.32045,121.10051,-19.011276,48.854877,-26.505686,19.892576,20.699509,22.963892,11.481387,24.706835,19.41913,16.597803,1.8995917
116.0,2235,-125.01404,95.09585,-20.904644,49.05469,-15.159911,31.793932,5.2457128,17.676434,13.630104,33.143856,16.965267,5.8852234,-18.556532
116.5,2171,-114.21288,91.20708,-21.890871,54.01344,-24.631836,33.17908,13.784624,19.337427,4.277555,36.86539,21.513258,23.186165,-1.636154
117.0,2273,-83.98664,88.644646,-31.871473,55.506523,-15.504821,30.510906,-6.3603563,16.677282,16.309406,35.22355,9.703894,8.071701,-13.80713
117.5,2200,-88.344086,103.0306,-26.85259,57.533447,-30.24148,26.184872,-0.43645656,23.689867,7.2865934,16.042988,5.940024,16.56554,2.791858
118.0,2342,-124.94759,111.289345,-26.477934,50.90909,-31.540491,28.002075,15.7789135,23.897919,17.374481,24.130562,17.984577,19.894175,4.58311
118.5,2372,-136.55339,110.92832,-24.845877,44.156567,-25.393929,34.968765,14.354028,19.200308,24.487556,39.368526,19.611893,7.19904,-11.153495
119.0,3070,-121.414825,102.06202,-18.086208,56.022972,-28.510237,28.132038,19.407337,23.577606,6.9419847,36.175808,17.33498,24.113298,1.6131998
119.5,3000,-125.27607,101.38034,-17.385357,55.82014,-28.307964,34.824356,16.32613,12.793426,18.413797,50.376347,22.11046,4.090644,-17.697084
120.0,3317,-125.25658,125.59736,-34.478283,39.653687,-27.257689,12.542962,7.116173,15.956522,7.4084735,20.63822,12.981109,7.5743666,-0.30971473
120.5,3481,-143.93979,112.56464,-25.284237,53.177956,-18.843498,28.287603,20.307806,17.593376,13.83462,27.917027,21.732834,18.945524,2.0154817
121.0,3591,-142.02977,107.32594,-37.016994,57.165585,-6.054772,32.295727,6.0491424,13.309986,28.026287,37.050896,21.13357,13.156486,-0.98334664
121.5,3356,-121.57088,106.15832,-27.84528,50.934525,-24.800781,33.268993,21.38164,20.663828,11.657061,37.755768,25.105038,23.224916,-8.638163
122.0,3140,-98.765205,87.5536,-34.620457,56.084255,-25.080303,46.206795,11.382938,25.051205,21.10187,37.96959,18.431454,14.012821,-9.526967
122.5,3054,-103.13944,134.90088,-38.242184,43.961327,-21.293524,14.973526,8.627229,19.870192,7.839229,21.292513,20.011976,21.222157,8.767068
123.0,2490,-113.403885,126.21033,-37.798283,35.426086,-27.046816,18.177155,5.738001,10.9290285,11.430097,31.571775,27.741697,27.767305,2.054888
123.5,2189,-130.24533,122.98072,-24.880585,47.40195,-25.936535,21.420986,6.966176,9.01242,10.281193,28.410332,22.572851,18.813704,1.6007106
124.0,2320,-117.27835,107.073845,-22.104616,48.20337,-36.80508,21.489775,18.781843,25.556181,11.7098055,37.88625,19.415625,25.39584,1.7847311
124.5,2376,-123.10912,100.85412,-27.880774,48.3718,-24.56181,32.99067,12.371331,17.976166,22.603117,45.046402,19.329168,7.139218,-15.2144785
125.0,2662,-112.34091,125.20356,-34.788357,35.880886,-25.771479,10.397035,6.576443,19.981066,5.03405,16.415586,9.096801,7.99008,1.188405
125.5,2343,-126.83203,109.50467,-13.369949,40.955563,-21.427933,23.478584,23.26206,22.017324,18.890562,33.612667,23.420984,15.328159,-7.2477813
126.0,2223,-112.55044,78.37234,-13.721008,50.739025,-10.657928,36.268402,12.531271,19.387594,13.028001,31.09013,21.571447,12.297962,-9.674942
126.5,2117,-92.2481,65.76071,-18.783716,53.41672,-14.067859,34.314278,11.289893,16.30851,15.449213,34.450024,18.795902,16.10437,-3.5167856
127.0,2104,-89.6675,80.00611,-18.78857,46.197346,-0.92609537,25.035393,5.9601674,18.289762,23.944094,26.165941,12.812418,7.434851,-10.974271
127.5,2071,-84.975784,82.40537,-23.37942,31.60848,-26.545399,9.218505,0.56436086,9.232226,4.794591,4.4249773,-0.045822676,12.279738,3.0686774
128.0,1949,-150.44958,73.150604,-56.64868,8.678983,-26.710802,-3.2593858,-14.060099,-4.899008,-12.566915,-12.340166,-6.389882,-5.362061,-10.586669
128.5,1870,-177.3215,71.77735,-75.5078,11.40342,-28.064812,1.4525291,-22.162128,-3.8291616,-10.624142,-18.823435,-5.800441,-11.946272,-13.558111
129.0,1897,-209.53204,95.15292,-68.82801,14.189881,-12.432308,12.022699,-14.667621,-10.566574,-2.0594969,-20.416073,-8.823865,-11.27453,-10.1922865
129.5,1829,-214.0519,90.669846,-82.121414,13.307468,-17.77286,-0.8815983,-9.916635,-11.161132,5.8479843,-10.651582,0.21749932,-4.0577617,-6.4219823
130.0,1933,-215.92944,89.61817,-74.106895,26.400558,-11.0128975,-0.18079916,-9.882218,-11.344492,0.35229203,-9.63616,8.87607,-3.7589126,-5.1850667
130.5,2004,-236.50879,98.01619,-77.03291,10.977971,1.2657224,-4.2882185,-7.7490683,-9.983875,0.8002029,-9.10579,3.0707252,-1.1604309,-5.9113317
131.0,1955,-236.09464,111.62128,-83.08932,-9.3555975,-7.0727534,-19.038439,-10.573588,-12.92529,-1.3923568,-3.9509284,5.3738565,8.07377,2.787375
131.5,1938,-209.7954,116.66352,-84.07285,-9.85419,-12.915239,-13.444525,-12.436602,-13.81509,-8.22164,-2.7483327,13.1172085,6.4976153,-3.3232436
132.0,1833,-218.15834,97.58872,-89.286545,-1.9925189,-27.41148,-22.16001,-23.18651,-40.369667,-23.152433,-17.70056,-0.80149484,1.9545193,-12.441537
132.5,1699,-223.31696,102.25705,-65.39179,35.733994,11.041332,24.446653,22.353928,-15.981596,8.958056,9.699398,9.873607,10.999014,-16.093203
133.0,1692,-220.44899,112.5918,-53.61221,49.61142,37.783028,47.349007,41.040035,4.8967514,20.958021,23.006603,20.101593,13.897092,-14.131022
133.5,1536,-222.14262,109.48872,-49.46962,44.08252,29.991077,66.84669,43.542736,-5.6016765,22.390293,14.783616,26.409954,30.667898,0.47084853
134.0,1684,-213.39384,110.505714,-45.542984,45.390106,18.13877,75.16624,57.12445,-6.899745,17.215704,9.885144,24.681793,40.20427,21.211033
134.5,1692,-205.96432,103.77631,-44.92964,47.28637,5.9970384,76.29046,54.952854,-5.942223,18.672264,5.7522073,15.369077,36.017036,37.86524
135.0,1646,-213.35872,142.48503,-38.7563,16.87595,2.5082414,53.42392,64.02207,-1.3029929,15.613619,9.474833,-11.475801,8.400624,14.487868
135.5,1507,-190.06546,140.72145,-42.071896,34.716087,-24.879242,23.238567,81.16214,10.238568,7.318471,23.517275,6.667181,-9.014003,-8.121288
136.0,1584,-184.00372,152.10167,-24.654634,25.118961,-23.190453,17.569939,60.78799,25.341663,5.893234,26.80192,21.833113,12.246298,5.0413585
136.5,1547,-136.47655,129.84497,-26.088987,48.076275,-21.232824,12.915893,13.459333,37.089813,18.645275,20.458721,21.80861,26.021997,22.859028
137.0,1543,-176.82573,161.74434,-16.474474,42.036346,-1.3577461,1.6289577,12.417981,28.20692,29.140097,15.002842,17.336689,11.410432,10.092126
137.5,1522,-200.05989,156.33307,-20.154617,34.379444,-0.7043939,-0.19315214,18.788689,26.09131,29.471348,17.331749,17.25249,10.708252,6.002536
138.0,1570,-193.64087,132.8138,-37.95048,40.462116,5.0219126,43.711132,34.6143,-2.9377418,21.73931,17.426247,20.789759,24.377449,0.10388653
138.5,1623,-209.01413,119.70868,-36.172222,42.85415,10.22013,61.42964,42.5766,-7.9803166,18.252483,16.096006,21.89134,26.989927,7.712285
139.0,1760,-221.23721,140.12701,-35.90987,22.59909,19.229507,59.82893,56.401638,-3.2695205,11.615543,10.379987,11.617779,36.400204,30.26198
139.5,1848,-183.27112,117.749565,-44.535194,36.06916,-11.509667,60.534065,40.843334,3.4492464,26.92477,17.25337,26.091988,24.342169,29.49604
140.0,1904,-177.34804,126.318146,-56.477566,30.418074,-2.3204641,47.39267,33.990017,11.49656,34.502007,16.388252,26.931244,19.510614,-0.07048
140.5,2042,-185.80342,138.79506,-48.46225,23.57533,-0.70331514,49.67571,48.536762,10.502838,31.15285,22.19645,20.153803,23.875996,11.311955
141.0,2153,-184.93677,154.43983,-40.34788,33.607624,0.4186572,4.2488546,24.291517,8.994927,21.429628,32.056458,42.34255,28.08618,11.512028
141.5,2302,-120.59822,104.50247,-23.86774,55.1656,-29.250633,32.87071,10.606086,26.748177,28.19977,43.259426,27.015694,15.666902,-7.0163803
142.0,2395,-154.65082,141.59833,-41.177044,47.523304,-11.062057,19.197723,25.618734,22.972855,37.64887,32.04299,30.176268,0.11601041,-11.327316
142.5,2454,-158.0909,127.52139,-50.683746,38.423588,-8.48425,42.059452,33.157215,6.7887516,23.795935,22.53709,23.373981,27.54345,9.8915615
143.0,2508,-164.03278,139.67377,-50.946484,31.270866,-3.4329553,31.620989,37.805275,12.699939,21.725351,23.63443,13.709269,12.151794,-0.48683873
143.5,2565,-145.03539,129.48878,-43.55232,39.189457,-11.6501045,23.326645,36.807922,12.834324,3.1720066,33.823772,22.972372,24.421267,2.0422537
144.0,2469,-132.10704,110.137115,-38.901638,51.005375,-5.5023046,40.6788,20.38012,7.8894243,4.194732,28.912004,19.373798,35.796993,19.292665
144.5,2544,-156.996,123.74992,-51.807346,39.571316,-11.209108,46.343056,32.632042,-4.0345383,15.429442,10.806106,12.236054,30.401636,26.213112
145.0,2568,-152.21785,132.54248,-48.566334,42.671093,0.98932064,40.272503,29.324673,8.875956,21.934118,19.401226,17.497774,25.653193,0.60381496
145.5,2588,-164.12102,126.55894,-47.474564,40.666897,2.0763953,36.10322,21.296741,7.340543,23.278492,26.142817,26.128733,24.805437,6.3452063
146.0,2564,-117.27581,88.47666,-29.737137,61.663414,-15.931007,47.322235,5.480627,9.572784,4.9569736,34.77134,17.419216,30.362804,13.196268
146.5,2532,-111.84854,102.53392,-37.357967,57.42727,-12.515857,44.371876,7.0102963,19.455492,17.137707,27.145346,21.560944,34.104263,19.17834
147.0,2492,-110.1974,93.23593,-32.569736,58.389065,-16.022514,58.991467,12.600004,21.582302,14.173482,24.610044,18.162865,30.429089,18.563807
147.5,2393,-142.01152,114.12896,-36.693066,46.85991,-10.47761,52.981667,14.069662,8.747047,14.597645,21.447617,22.86756,29.04741,8.963234
148.0,2443,-151.21303,102.3986,-43.11582,38.98096,3.3313372,47.55679,16.67244,12.936404,9.966138,31.03762,19.759176,24.924496,-4.5519667
148.5,2384,-156.30351,98.10677,-30.637365,25.137823,-5.1235657,50.418674,21.822735,5.749998,4.940249,18.562563,10.908767,28.744368,2.5594158
149.0,2349,-148.52316,96.181145,-16.48324,18.859613,3.2664077,50.53223,33.048534,11.416255,1.459221,12.0643425,9.759095,35.95182,26.616058
149.5,2255,-128.95378,98.51247,-32.23879,21.442036,-10.920773,35.12566,16.0246,8.273085,22.629847,23.905804,16.856863,21.981916,6.388301
150.0,2221,-196.03624,145.66586,-41.95267,25.80676,5.9806213,33.988262,29.609903,-7.360177,12.64744,10.256934,26.079153,31.516539,3.2013407
150.5,2190,-174.08424,119.36754,-58.5314,11.60385,-21.975788,9.197157,28.334425,-8.797222,-3.6909149,-4.634339,8.236206,3.7807524,-4.6273823
151.0,2205,-152.8616,102.28629,-49.305733,27.370913,-38.66353,6.3311377,31.703056,-10.346539,-4.249065,-11.224459,0.6183398,-7.126584,-7.9498005
151.5,2209,-132.45337,91.75724,-50.832348,22.442553,-26.46195,12.091039,19.51839,-9.428952,-1.9256606,-4.68047,8.81686,3.6863432,0.50217223
152.0,2261,-130.45798,90.32898,-38.42345,5.9656587,-22.363745,-2.9524927,13.9905405,11.03884,-0.51319945,1.3618106,6.7095847,6.9695363,-2.1234844
152.5,2152,-118.73819,104.250145,-17.167347,35.879375,-24.812208,18.48217,17.605007,27.633743,16.184181,19.623665,10.821342,19.14566,12.156619
153.0,1815,-105.26135,117.0227,-39.16364,51.061024,-12.646688,15.112428,4.2142253,18.704094,13.402947,18.787033,12.601525,14.817718,10.284317
153.5,1723,-114.94671,96.07357,-15.438817,55.687454,-27.83793,28.325459,20.016287,24.314993,15.222087,25.655983,3.8394737,14.8116255,5.2680945
154.0,1533,-131.18588,114.188446,-33.92267,44.40412,-10.928961,31.782837,20.272,18.316042,22.726213,25.37043,10.3344965,10.72481,4.036479
154.5,1418,-117.342476,128.6168,-38.712807,41.058765,-28.034193,21.126612,6.9334745,10.203312,11.542823,17.672245,10.217767,6.61227,-1.0710208
155.0,1380,-138.00731,122.58131,-24.323214,51.213844,-3.0562005,28.902773,10.982423,19.767185,10.433506,12.106341,11.588283,2.152925,-4.759757
155.5,1603,-116.270996,88.59738,-23.943453,47.362988,2.9093678,29.25143,6.4660196,25.432245,12.671236,17.570152,8.60395,1.0904748,-5.250238
156.0,1480,-133.64168,109.07831,-7.512553,49.031567,-14.692947,27.598452,18.411423,26.416168,7.023898,22.184153,17.59142,8.365967,-2.3046174
156.5,1502,-122.34158,104.53141,-25.202478,60.224808,1.4388301,26.41254,6.5322037,28.940777,10.683507,10.08074,10.156393,1.6749802,-7.1730447
157.0,1515,-116.60168,123.19539,-22.83381,39.267803,-20.218296,19.804707,16.019697,21.277742,7.457232,16.504763,9.200101,9.4364195,-5.533052
157.5,1331,-148.0321,139.03752,-31.500872,33.151062,-15.4327135,18.222933,20.496906,30.794056,22.669575,19.16801,15.000305,12.360587,2.2078276
158.0,1478,-118.08287,118.5812,-51.92943,48.044693,-15.069446,20.66139,9.852393,18.15564,26.250246,22.208553,10.630795,11.304077,5.6391106
158.5,1527,-111.819855,76.68401,-15.069729,49.118637,-33.024902,29.047945,21.686308,27.365456,16.95553,33.96399,10.55031,23.1471,10.381341
159.0,1713,-126.00061,126.97486,-40.310276,42.250927,-14.020343,22.115608,3.238487,11.878647,20.788177,22.839397,17.520754,15.282235,8.877837
159.5,1586,-128.72592,133.12097,-30.416384,39.919174,-27.990221,18.028366,13.85088,13.523322,6.7227855,16.384188,14.963763,13.694246,5.239377
160.0,1574,-141.6919,121.60405,-25.133532,47.255917,-2.2906039,21.683321,9.213884,19.294699,3.9742286,12.203494,11.175897,10.095727,1.3388226
160.5,1634,-120.42839,106.337326,-30.706806,42.914555,-18.30571,33.55459,10.972181,23.207512,11.085913,27.668621,12.5359955,12.156639,-0.9662341
161.0,1374,-90.46842,86.73688,-27.249355,62.507217,-14.620108,33.573635,-5.4908333,12.959746,4.7945094,24.062645,4.5495176,11.050926,0.10803125
161.5,1331,-107.57436,105.064575,-25.421213,67.24169,-12.365615,29.181257,-1.8035539,20.420618,13.053452,11.527273,1.6458668,9.239257,0.6296089
162.0,1289,-110.030396,106.75498,-19.157068,48.568092,-34.035828,28.012085,13.582962,18.587091,5.5695534,14.926136,9.872841,21.58478,4.368346
162.5,1265,-125.620674,122.86338,-29.668554,47.849293,-27.572737,12.955825,12.949798,21.273928,12.533005,21.0203,11.515257,19.237328,9.285848
163.0,1116,-113.35615,117.60975,-33.266384,55.333057,-9.631503,13.156951,10.202041,12.34082,12.657099,20.82596,8.689948,9.940796,8.119465
163.5,1101,-123.99604,104.99683,-20.96458,57.478123,-22.348719,29.368513,16.150127,18.943932,11.935887,28.845762,4.7973933,11.682579,4.5486608
164.0,1101,-115.31567,134.2285,-47.09341,36.45066,-10.869964,19.57268,1.0782282,9.8352165,15.668143,20.461618,7.9500256,5.998057,-1.3871547
164.5,1096,-127.46001,133.37013,-27.77748,44.583458,-24.600788,23.026472,13.856449,16.438013,5.851158,8.246423,11.841512,7.674983,1.8283899
165.0,1188,-121.44536,106.61118,-28.213104,53.719467,0.5513213,25.117008,3.8655698,22.570179,5.552261,14.71718,5.1267653,4.514529,-0.95434785
165.5,1155,-116.428856,107.540344,-14.933835,40.816147,-17.232079,26.134178,11.48992,25.285248,4.0224576,15.839834,10.110235,10.250613,-5.5055146
166.0,1115,-127.39795,104.186874,-9.274144,49.525497,-9.901451,25.457445,11.92181,23.45251,4.370563,19.073612,16.219336,11.924686,-3.2533665
166.5,1059,-106.2893,119.9614,-26.199556,54.29168,-4.231993,23.243542,10.27295,24.286913,9.539905,11.031086,6.2497964,6.823642,-7.875602
167.0,1112,-134.63808,124.17029,-18.222836,35.92005,-18.213758,14.658921,15.043888,24.26782,8.682899,11.96358,14.309021,17.665773,-2.832509
167.5,1012,-137.53873,134.46388,-45.01966,33.890278,-23.177904,17.865372,18.664082,27.538534,28.677977,18.894932,13.716457,9.990853,1.4600954
168.0,906,-96.58008,105.02751,-28.295092,48.86206,-24.512688,20.304976,11.595333,20.862692,16.375242,25.255424,5.5979567,10.341085,2.8160932
168.5,837,-118.69783,98.646324,-20.45142,49.928383,-28.125105,23.845373,15.2299795,18.368683,14.948004,30.832735,11.816789,18.400774,1.1369435
169.0,599,-108.593475,134.05048,-47.693604,33.72523,-27.057938,15.039179,-0.44633693,13.844861,12.55649,15.557234,8.399677,4.997435,3.2754183
169.5,343,-167.0287,145.4335,-11.885769,38.736244,-19.826912,11.668177,25.202242,27.859364,8.319032,15.138543,17.579075,12.604943,5.036654
170.0,228,-155.61615,120.669525,-21.979584,39.53822,-0.0669624,6.2404637,-3.935406,31.537111,4.961507,10.5427265,8.683182,-8.313622,-6.2542562
170.5,68,-168.98051,138.51021,-41.208237,20.64282,-6.7920837,-0.8504424,5.7705655,15.8109255,-4.397032,16.785982,17.092031,-1.0451856,5.282937
171.0,21,-168.649,95.64797,-40.24954,35.760105,9.861853,0.51811177,-29.63762,6.1220546,-19.492207,-9.45542,-5.155374,-18.556995,-8.815237
171.5,3,-186.89203,109.69839,-49.8442,11.871956,-26.135052,-14.319776,-18.93759,1.0527431,-16.337477,-16.43264,-13.671009,-17.1848,-18.10814
172.0,13,-313.3801,112.9763,-34.01126,-28.967115,-5.006866,-8.70769,-1.0003785,-0.9254909,-7.0433674,-8.759986,-10.149208,-11.85264,-22.419004
172.5,10,-372.36435,91.66154,-5.6401515,-31.97914,-7.381468,2.5981798,-4.099704,-5.8234215,-6.3049946,-9.893412,-10.842585,-14.265146,-25.423342
173.0,9,-413.74597,63.534607,8.047525,-20.138948,-13.161776,-0.331865,0.49705,-5.0615263,-8.502268,-9.017153,-10.389178,-16.20619,-23.618536
174.0,4,-441.4119,40.67922,12.770728,-7.473483,-10.209193,-3.224273,1.3385582,-0.63471305,-5.2693725,-8.405564,-10.468508,-13.593614,-16.475023
