-421.0457,78.94349,45.54633,14.239232,-3.4298744,-10.563874,-14.373642,-16.609339,-15.163104,-9.922644,-3.530205,1.8477983,5.884758
-387.12823,112.901855,51.611423,2.680382,-14.734381,-11.997593,-4.7306623,0.8475456,3.063111,1.2921222,-2.9082549,-6.503172,-6.043736
-397.88358,104.976105,55.60233,8.870588,-14.872337,-16.699602,-8.87072,-0.5129651,5.31052,6.7258096,2.0392752,-6.1465554,-10.470934
-417.52057,84.53664,50.340378,14.178176,-8.161286,-12.228284,-4.5262537,4.5435324,7.6876407,3.5511153,-4.2963653,-10.192459,-9.684625
-394.1995,104.77136,46.725845,-1.360429,-19.59727,-14.508013,-0.23964052,12.340914,16.790854,11.989702,1.8513013,-7.5513535,-11.078878
-353.7815,136.22986,36.43217,-21.484184,-24.516722,-9.737261,4.542528,18.05902,24.323498,16.708971,0.010852209,-13.749137,-14.838385
-360.6145,135.42403,47.359364,-12.679026,-24.64882,-15.996159,-6.9840856,2.027103,8.941537,7.8939977,0.74633664,-5.947996,-7.8408813
-375.7833,122.54227,48.67808,-7.702086,-24.141577,-16.260729,-3.4218938,6.9192524,11.598438,8.717517,0.80998373,-6.9074225,-9.465859
-381.91403,120.284615,57.060253,3.4664853,-17.372597,-14.960462,-8.008765,-3.1476912,1.7088739,5.009966,1.8108758,-6.8628583,-12.6331215
-394.68823,109.94048,61.609093,15.857326,-7.6807632,-10.757351,-6.0089345,-2.0248375,-0.275548,-0.96629226,-5.4184823,-12.384298,-16.590197
-374.43802,126.37909,55.457912,-0.809758,-19.146215,-12.594858,-0.80092424,7.7587004,11.087094,7.969844,-0.8111819,-11.072899,-16.7868
-338.57928,155.74481,52.510303,-8.061629,-15.242534,-7.705639,-1.3473419,6.9978027,12.205189,6.518454,-6.992796,-17.263548,-16.251047
-330.72385,161.70113,49.597904,-14.108684,-19.102102,-9.697778,-3.6350439,3.0924187,6.7960005,3.2955556,-3.3971593,-9.496847,-13.462229
-356.7845,143.36284,58.817265,-2.6074624,-19.483717,-12.986628,-2.3934262,6.607377,9.586588,4.475743,-3.9987764,-10.904577,-13.748348
-370.99054,132.47504,63.018093,5.626847,-15.860364,-13.008217,-5.4128017,-0.5290609,2.278659,2.3814876,-2.0771651,-9.367267,-13.434799
-385.83194,120.066284,66.98458,18.431116,-4.849635,-7.2954507,-4.1321187,-3.5600774,-4.809145,-6.521226,-9.878736,-14.288932,-15.66287
-376.5109,126.23819,59.62506,3.3358574,-18.400795,-13.447385,-0.22631763,9.302974,10.86581,4.935205,-4.616289,-12.276908,-13.858376
-354.55402,136.95284,40.932808,-14.828406,-19.170214,-7.8525333,2.7504187,13.936398,20.341702,14.048144,-2.616257,-17.374096,-18.752712
-343.18655,154.17293,54.790283,-11.159518,-21.230587,-9.326276,-1.2788861,3.7282221,7.939248,6.948245,0.70854795,-5.893992,-8.929482
-363.5789,137.02959,57.620422,-2.6276982,-20.535221,-13.843152,-2.819954,5.9316907,10.02891,8.037934,2.541936,-3.080208,-6.7643647
-375.25082,129.64073,65.22121,8.306222,-16.203756,-14.527765,-4.9638762,2.0484045,5.0667224,4.2054744,-0.4142368,-6.145014,-8.922678
-353.12512,124.46079,40.023,15.728353,8.481913,0.3327761,-6.166284,-5.9482393,-10.829728,-11.620426,-7.306087,-9.381389,-13.424959
-231.8569,76.604454,-6.2506084,55.003834,-6.29622,13.571001,-18.293673,0.024074532,-21.328762,-10.598457,-10.959428,-14.095131,-9.372786
-223.85439,116.5047,-17.566084,22.227207,-18.014729,-0.90363604,-16.990843,-5.5208287,-28.711023,-21.18332,-11.002835,-13.253514,2.2623794
-229.29863,150.38617,17.427916,37.461395,-35.596706,-22.996857,-0.6914567,7.8902135,-13.364942,-22.535337,-11.009954,-10.055991,1.198765
-220.84492,153.23537,23.094278,36.49486,-32.95039,-7.5413284,4.2081423,12.476376,-10.74541,-17.287561,-11.648386,-14.683896,12.057962
-282.10825,155.5729,45.49067,23.593294,-10.842011,2.7449253,3.5851784,1.0237836,-9.466566,-1.1568799,-3.8903666,-6.7923703,5.5889416
-238.61955,143.17175,22.97355,38.617573,15.104789,9.35348,-30.65013,1.1255494,-4.3041043,10.186288,-3.3805573,-29.50007,5.575897
-349.5611,134.32898,65.8438,32.77007,12.705625,4.2649374,-3.5734167,6.059169,2.1041903,2.2420356,-1.3074698,-8.463196,0.76210296
-388.60287,120.43005,75.78163,31.791945,6.6607647,0.5643285,3.0458643,5.260839,4.9950466,4.0666866,3.9694045,3.8330529,1.5687469
-255.49652,151.16725,26.693445,13.627008,1.5196398,7.6164784,-12.529079,9.838846,-8.529822,-6.4553075,-3.652803,6.1247835,12.929903
-220.08882,128.81053,-1.7043538,46.545704,11.003099,10.914419,-14.918362,6.0057673,-7.363817,-13.251413,-0.9856469,-3.4858036,-0.15360261
-239.33725,135.15045,22.681652,19.913061,2.5282,22.482706,-9.705284,12.537764,-14.09952,-7.5581155,-5.4569416,-3.7243311,1.2505777
-254.40854,142.41888,10.395102,15.6385145,8.574473,14.488836,0.58636814,6.752085,-19.685926,0.4621998,0.9046416,-1.3913324,7.1533713
-367.14044,123.70636,51.890404,22.91666,17.838606,14.469523,10.000784,4.1511045,-2.769662,-5.9839563,0.8859899,6.9612794,-0.50228053
-293.78378,108.19384,5.004857,29.01083,11.073276,16.18037,-0.30185357,-0.53077686,-4.6377764,-2.2295458,-1.1036011,5.3505106,2.9442844
-213.65556,130.9063,16.874058,38.4363,-21.778616,8.75493,1.0775639,10.936244,-16.227964,-4.2901397,-6.383635,-3.1995668,7.1921825
-226.71637,141.05765,29.09503,44.065456,-10.895634,9.62447,-5.331882,6.9614415,-13.888576,-3.9604478,-7.687297,-11.507168,6.698727
-231.48349,150.5843,38.374416,36.961895,-40.91657,-9.530247,4.713366,20.028902,-3.8746924,-9.990507,-7.483696,-11.867224,10.905614
-248.15486,156.83234,26.672148,13.697208,-16.232092,1.7322934,-5.1445866,11.197022,-14.388784,-12.164251,-3.822067,-10.768366,10.640476
-298.67218,146.30338,44.673862,21.389214,-5.3962703,8.026568,-4.0657954,3.9536283,1.8036746,-7.1271358,-5.269264,-5.916054,8.998465
-258.4774,137.41302,21.281414,24.145525,-7.941524,13.469575,2.1141775,11.056407,-12.661438,-2.147724,8.020792,-6.2673163,8.864861
-235.44427,107.88219,13.654218,73.68181,0.86744267,-0.8084872,-7.451535,7.9031353,-8.120101,6.827905,3.3674731,-10.029117,5.808197
-237.53552,152.97784,29.740114,34.189266,-4.1598005,19.568823,-14.472849,-3.0114362,3.6916032,4.4803944,-5.54194,-21.6896,5.2761974
-283.9886,151.93547,47.467384,28.25634,-2.994562,10.035024,-0.8598248,6.971353,-4.356588,-5.68528,-1.785064,-9.479263,2.8714046
-294.72894,133.2699,43.316353,36.363323,8.705988,26.545816,3.9487255,-2.1058714,-14.874415,-5.844715,4.8386264,-11.021561,-7.105421
-356.7109,108.22537,38.63577,34.259132,12.018134,9.697995,10.5081835,3.7937222,1.4990922,-6.9847383,-2.3382363,11.663292,1.590203
-245.02893,117.386604,5.724906,24.221504,4.0519686,22.433674,2.7557795,9.540398,-9.445106,-7.042996,-3.3977203,1.3607501,0.8093145
-164.82378,159.67862,8.635499,42.08818,-35.73687,0.8020826,5.9718714,5.5804796,-3.1828063,-4.780627,-1.1995921,-7.737143,-5.6395307
-146.22043,133.43486,-17.375267,63.823547,-42.066032,-11.027388,18.763624,6.9577737,-8.512433,-2.3151832,-2.2893345,-6.6329737,3.3585155
-198.09868,149.81886,14.502951,35.298046,-24.907234,6.7139983,-13.202319,4.6851015,-9.668688,-0.62961745,8.04738,-14.508903,5.575569
-147.5172,122.2709,-16.670145,49.205635,-22.802795,20.620838,-27.990303,-12.010987,-6.627293,7.6561046,2.965003,-12.754189,5.1634994
-240.25868,124.77855,-4.233964,30.31029,15.492379,6.295712,-29.647736,-3.0643716,-0.7299352,7.4854665,-3.2945282,-11.806753,-3.8859313
-332.16006,137.92137,39.89434,21.986357,10.104467,2.9490118,0.5978325,-1.6292851,6.461026,3.5626774,-2.304087,4.3714147,2.1177588
-207.5776,156.14368,5.337799,24.163504,12.131667,12.391681,-24.484106,7.520445,-9.260824,-11.754579,2.3182602,-3.6624947,-3.195186
-193.8877,147.43262,-15.787636,33.163486,27.389427,16.42014,-26.972832,7.2014847,-5.947479,-0.048457433,-3.4661808,-15.194584,-2.127656
-253.97536,148.00584,16.111723,30.77324,24.578917,18.430767,-20.621807,-1.5884323,-3.2630732,-1.9191234,1.6115407,-13.460795,-2.184588
-198.68164,144.81958,-4.222279,28.861282,-1.8558692,19.777454,-9.281617,-2.4121625,-16.608067,2.1863263,9.772347,-10.258319,2.4656096
-303.5366,139.40543,24.799606,19.656923,4.026595,9.061429,9.881759,12.680047,7.465692,-9.852172,-0.8715982,8.680102,6.965797
-213.75052,167.70203,34.912926,29.516443,-17.37979,-2.1656463,-18.106674,16.34656,2.684491,-19.51425,-17.214787,-3.321813,4.8340755
-206.50006,145.56763,23.705568,38.578136,-25.074568,7.2392535,0.7745908,1.5871071,-10.750085,-4.981958,-9.172744,-2.596232,0.86090964
-221.75725,140.12128,30.31489,34.645462,-17.459576,9.126832,-3.9577615,9.7860985,-18.442762,-5.2591324,-11.157576,-9.657923,0.3980787
-192.52892,140.56181,4.7535586,43.579517,-38.777718,-15.166696,8.544506,22.22969,-10.279051,-10.119042,-14.572882,-17.196247,-1.0213816
-196.56598,145.90457,11.411447,39.069416,-25.847208,-0.46507108,5.508817,10.504471,-17.38937,-5.7730207,-5.187584,-11.464007,3.844027
-248.20178,141.73596,33.64395,34.282616,-13.6758795,11.36627,-1.958858,11.385131,-1.2361991,-0.7501938,-3.5891256,-12.987067,-5.5633645
-223.71066,134.88129,13.075196,31.563261,-13.432742,7.2015905,-6.4311304,8.711706,-8.9586,4.4818344,0.53808516,-6.365184,-3.2192173
-192.4851,101.331245,7.1874433,63.50885,-12.0846405,3.2711031,-18.809448,10.62327,-18.091919,4.264763,-3.6362433,-15.418525,3.5797591
-207.79028,143.28459,11.682764,41.65981,-9.044121,-0.86816657,-11.084832,8.388995,-12.670715,-7.279114,-14.988094,-15.760609,4.987691
-253.2158,152.44814,35.305855,25.658924,-7.761793,6.1982536,-2.1547384,5.314777,-5.900859,-0.4215808,-6.013269,-9.795516,-4.2946806
-265.25546,139.87668,27.261179,25.9439,-11.719967,8.957706,2.7687743,-1.4840262,-6.0550337,5.459337,-0.71707773,-11.320891,-8.507361
-307.05518,121.24339,24.935522,31.332205,-2.4117844,5.727617,11.759187,9.661794,2.4328637,-0.74170154,-1.7182951,7.11302,7.183991
-228.68935,122.49438,15.483678,28.106764,-15.700518,13.997235,-10.794013,10.273084,-11.065888,0.458004,-2.6171076,-6.6777997,-0.33571494
-188.22672,86.60028,-5.880394,69.370476,-12.172474,5.521396,-12.99367,8.473634,-20.130527,3.3918276,-4.7712636,-11.706491,3.1073282
-201.89049,126.88496,5.1543527,48.71134,-9.545573,0.9951564,-12.786607,4.4694667,-16.070349,-1.794705,-11.5099,-17.015383,10.152748
-269.62494,140.01498,39.092026,32.17405,-5.709848,5.757895,0.049119323,9.100703,-4.5640364,1.1220902,-4.2571764,-7.686828,0.23588999
-283.3946,126.18338,30.601788,27.060745,-1.8628693,20.657825,8.994706,0.6565107,-15.389972,2.8891306,2.0740428,-5.0475173,-7.414083
-388.47638,111.03709,62.16769,30.252998,14.4671335,12.424392,13.036493,4.018006,-4.388761,-1.5850376,0.27651566,-2.8770955,-7.021127
-419.98975,87.303345,67.5505,44.285416,25.144524,13.053426,6.5326614,2.823601,0.42889157,-0.8300596,-1.2426149,-1.9243226,-3.927958
-228.535,111.67155,4.226759,60.34333,13.4133215,14.470503,10.9994545,7.4081974,6.883811,1.2669107,4.499496,3.7772617,1.0399054
-109.884865,148.62376,-51.95961,71.49731,6.6406093,7.0438185,11.083895,-1.0684423,3.6219518,5.288109,12.666561,13.786031,7.0422335
-92.86651,137.78787,-44.82769,63.525833,-1.5683779,22.953373,1.4652041,1.3749169,-0.42636633,1.44204,10.5516,1.9029094,7.2348633
-99.50871,159.0587,-34.143173,50.382374,-3.045656,26.300035,4.0475116,-3.4559255,1.5837555,1.8991346,7.3497224,0.6810217,5.701443
-109.75005,158.63803,-15.289688,52.19615,4.394962,23.058548,6.873401,-0.38597623,-0.015370613,7.605725,6.6622386,0.74380887,1.7102083
-93.92387,156.96915,-34.23502,45.74023,-12.480707,25.398373,1.6755002,2.7648683,3.0772321,0.32016608,8.332353,1.732379,7.3074946
-91.99968,160.85567,-22.124153,45.709465,-3.7490823,25.32297,5.4949083,4.1898875,0.86245054,1.4133655,1.9678748,1.2337991,5.023946
-102.24175,125.63181,-21.066519,59.049698,3.4299898,27.925879,2.819776,7.1245046,0.35424134,10.079864,3.7525752,0.5780551,-0.828247
-93.61739,139.23114,-34.262726,57.623093,-7.5160174,28.743528,4.6715984,4.8653197,0.15592402,2.500789,3.5796502,-0.8668298,2.8873024
-109.98003,148.27467,-22.109997,52.723526,3.1951513,33.284943,3.8317645,0.4057045,-1.3454806,4.654704,3.076908,-0.6500511,1.9732293
-102.16108,143.65378,-21.89213,59.724747,15.70023,34.652283,2.7905529,-2.9628296,1.4914399,14.0819,5.6568375,0.59126467,-1.8137424
-91.649414,153.33693,-33.3256,49.054226,-10.309122,29.95803,7.7691655,5.4091716,3.991044,2.7613266,5.091039,-0.65867305,3.3588097
-102.26684,156.26033,-26.839952,44.070805,3.6217813,27.15167,7.4318323,5.17152,-1.5591573,4.318887,6.268153,6.8907137,5.429411
-86.68445,131.06265,-34.860558,59.02245,1.2108214,33.58602,2.530773,2.3503041,-4.268698,10.044008,1.1609155,1.9721621,3.6948023
-66.57854,133.3332,-37.94543,55.98691,-4.558447,30.431505,-4.3065276,5.9363813,-2.8657546,8.343624,-0.45944506,0.49657804,4.341494
-109.50159,165.75957,-25.084454,40.637268,0.11677227,24.318872,3.150844,3.5836122,-0.9052525,6.8375955,5.4154487,1.0380619,5.9789224
-108.46008,139.28325,-17.147835,61.875526,15.051988,30.996685,5.762115,2.0579994,-1.3813546,9.538475,4.785566,-0.584121,1.4195656
-88.885574,143.2289,-38.116917,47.171318,-6.4741807,36.296326,7.9209843,5.949294,1.9632322,3.165337,1.9460623,2.8800511,7.0728045
-99.68243,161.6252,-20.908216,40.452602,2.2653425,28.689075,3.3849962,7.3153596,-1.4869549,2.9449966,5.4814796,5.79156,8.64446
-103.81484,164.36708,-34.7242,41.958225,2.3307908,25.193378,0.7610699,-2.1115208,-3.7595413,5.119879,7.754293,5.1704483,5.346645
-73.51755,146.87917,-45.976624,45.35472,-13.749309,28.02096,2.787292,8.506443,1.7600832,6.024275,6.505019,4.5634713,8.183233
-106.86973,162.12476,-21.613363,46.752777,-2.1352828,21.956036,2.9599848,11.249351,0.03326325,3.1877477,2.2455685,-0.52595353,4.291498
-116.1906,141.48099,-6.9971943,54.94069,3.4932077,38.796158,3.0759711,3.1388178,1.551999,7.082024,7.1262555,-0.0015915715,2.0221076
-56.333263,153.04541,-53.54305,48.31251,-1.7523049,28.193172,-0.18098985,11.704052,2.058384,-0.71692306,3.9265587,-0.7906627,5.936119
-76.08006,152.97491,-38.07744,44.811302,8.024422,28.288336,0.6575684,6.5573516,1.6543865,6.716569,7.095146,10.917075,7.033921
-89.70632,143.40567,-25.69325,54.591717,-7.838168,23.624758,1.1370564,4.017183,-2.594686,6.9372954,1.5739644,10.886185,8.420375
-69.968315,146.20581,-36.52955,54.36576,-8.080606,24.98756,-6.9473495,1.6273857,0.3728014,6.0215893,3.46643,-1.9816765,3.347212
-113.36103,168.76201,-25.08767,43.30948,0.66067463,28.240896,5.686948,-3.8238604,1.5568677,2.1148636,3.5689695,3.8878422,5.4016895
-86.25344,162.7393,-22.89712,41.135155,-0.7645095,28.310692,0.022022868,-4.2918344,-3.724826,6.2021384,9.010847,11.7830105,5.2399025
-72.98681,141.29868,-39.204586,46.85267,-7.706756,34.164684,-2.0952017,0.76888734,-2.1018653,5.4676313,4.794991,8.798339,8.269941
-86.14677,139.10948,-22.633604,53.397495,-3.1548057,34.746857,2.8766377,4.5738254,0.25100574,2.5478716,1.8162696,5.008412,4.217901
-106.30943,131.96677,-29.334839,61.314236,-2.0094762,19.817858,7.983256,8.037125,0.7215546,4.5388403,0.68156403,7.6958227,12.376642
-81.00372,137.79321,-38.49409,60.037968,-4.874112,32.773205,1.9255525,5.3979053,0.021096563,4.525743,1.4768989,-3.6143844,1.0623616
-95.230286,133.27364,-20.92495,54.90964,1.4034635,34.18656,-0.81658953,4.981105,-2.5851846,8.189103,1.6513788,0.22642519,5.5607333
-121.33648,139.43716,-7.4620986,60.953175,8.757486,31.861124,6.4196367,4.209385,1.5802978,7.0036693,6.976698,1.9213555,1.0288751
-76.25288,145.04955,-34.563877,48.17485,-4.1405854,38.908318,3.3447602,3.4844642,-1.6206353,0.50774497,3.5920599,-0.0790447,1.74511
-86.35231,135.07083,-29.903872,55.284897,7.5142097,35.15697,5.3527412,6.632368,-0.33733016,2.0224438,0.80733347,2.8502378,6.512291
-106.47775,145.50386,-30.55264,56.850914,-3.6213474,23.56726,6.0745955,9.883979,0.124954134,8.7159395,-2.6842482,1.0831981,9.152714
-72.71273,143.52386,-39.02805,54.966904,-6.893623,32.618515,-0.54429686,5.3198533,-1.4977406,2.326068,4.4545946,-1.099369,0.8710914
-75.284035,143.40047,-35.705517,57.49207,-6.4788733,29.25047,-3.695601,-0.8307542,0.69928086,13.594775,2.5689867,-2.839145,5.25645
-111.799835,152.83774,3.0565355,40.922817,-11.050031,21.900282,6.113737,12.374881,2.2507093,8.624103,6.090495,3.3291037,-0.90522003
-75.75082,147.61816,-32.711037,40.933056,-12.195951,33.09602,1.7459716,6.5630336,0.6335504,4.9770894,4.990115,5.037517,5.5732665
-75.75791,133.90498,-35.428665,59.131126,4.066107,32.019207,-2.5702477,3.7950706,0.10258466,12.47347,3.679817,1.3847127,6.7882795
-107.8281,160.4606,-42.444504,45.97591,-1.2232968,21.491968,6.9216146,7.8344054,2.5322092,5.331494,9.990922,4.9984164,9.592621
-55.081146,120.86677,-44.423733,62.87006,-8.440818,30.646757,2.6366503,8.428964,0.98504996,9.546582,3.869849,1.4667917,0.11227696
-86.35726,159.66539,-32.851433,45.580383,-4.937103,34.2167,4.8527083,0.1778354,-6.654624,2.9626534,9.044323,1.844937,3.7563274
-86.438156,153.48187,-29.374727,56.481934,-1.3419952,26.220425,4.497801,6.3358865,1.4760865,4.174256,8.0808115,-0.9432851,7.962122
-135.84665,121.827194,-58.437748,35.510315,-7.0344605,26.794563,9.992961,3.910428,2.3941214,-0.13951701,5.0217586,0.039648473,1.5509346
-137.87683,142.9541,-39.085087,21.268723,-1.4061952,12.686747,8.031211,-7.4103293,-6.050339,-3.2508194,4.834558,0.788582,2.2946014
-100.37946,169.84355,-51.96588,54.790436,-0.9896029,12.660389,12.823485,0.12411286,4.5255604,2.0440657,9.277245,8.628547,6.650136
-72.69206,139.99753,-43.472977,56.32994,-18.12646,25.465973,7.1984496,7.900835,9.301968,2.5895617,6.668658,1.020401,4.7959237
-59.050964,147.38542,-32.34966,42.369534,-21.196737,10.738574,8.158005,13.507598,8.557576,12.102826,7.016038,1.5330063,8.76007
-112.019966,164.24693,-27.158564,47.01796,-0.8613521,25.489286,14.647513,6.6551414,16.268475,4.47498,9.198679,6.434672,5.711386
-47.148136,147.53523,-35.17506,48.5592,-20.658802,31.572369,0.8581873,7.7994585,3.9762719,7.880524,2.9714315,4.3584065,4.561824
-61.237553,143.85876,-25.872206,49.571594,-16.927723,29.3662,4.1949306,9.023977,3.7308176,6.995652,7.3094277,3.5681255,6.60483
-91.40935,163.7202,-25.439955,43.255627,-17.65795,17.254065,2.823147,11.81039,2.6993291,5.80015,1.8700002,4.594146,9.754507
-53.764256,144.1569,-34.04474,54.629288,-13.437808,34.494762,0.9380102,6.4463253,1.9140987,1.3615013,-0.4878659,0.006782088,0.39293715
-55.709667,135.21704,-24.158907,52.98268,-11.599787,33.631718,5.356206,3.1619036,1.3969357,5.3044147,4.7885623,0.81812245,4.31696
-87.72273,163.7064,-24.678572,45.514194,-10.085776,26.421677,5.9835773,7.5317154,9.103896,4.2849903,5.2777677,4.0716457,9.867902
-55.75145,150.56075,-38.295605,50.94272,-17.269432,32.218433,0.77688277,2.2427573,3.9414892,4.1355853,7.91811,5.9552164,7.5764556
-64.87124,148.77092,-29.573177,45.44033,-7.418785,31.58022,2.8029401,1.7997123,4.6865005,5.2527013,9.359079,5.510418,6.472066
-81.86143,161.86153,-32.642445,50.05455,-10.082632,28.227789,2.0154283,7.318787,3.4101226,7.6738253,4.9950557,2.5103972,7.3392315
-53.81338,138.00197,-37.526745,59.820812,-19.289753,35.950768,4.9964094,8.313699,4.5362515,5.4522543,0.7346439,-0.17086105,0.89747334
-60.04905,136.08267,-26.719995,54.07896,-12.985634,40.702904,6.9410048,1.96755,3.1534655,3.0755885,8.995746,3.3065286,8.379531
-77.77243,157.4354,-20.077183,47.014545,-17.087538,32.991886,6.838074,10.419328,7.9246597,3.8874571,5.789819,4.8476195,6.7103195
-51.22067,147.42172,-37.753788,51.07444,-22.01277,32.39288,1.3039112,5.06992,4.630315,5.026833,6.716929,6.3315964,9.398533
-72.30283,155.52362,-26.451574,44.78131,-7.5291033,27.98063,5.784553,4.3686004,6.096378,5.2719054,10.525626,5.3033147,5.7948823
-83.10391,158.62213,-36.798473,52.768253,-11.349055,26.432234,3.5000107,5.2747464,5.4609547,7.958924,1.2373351,-0.7086768,2.4409814
-53.11684,138.43384,-40.058475,51.739525,-10.694213,32.16268,-2.4531696,7.4798775,0.9379209,5.2628736,1.5344406,-0.011358383,0.9731075
-59.45088,153.72171,-34.27295,43.009834,-17.806087,23.059322,8.806618,0.28954715,2.7982447,-1.6345001,12.608721,7.1357684,15.409982
-58.716312,129.33902,-21.810402,58.788143,-26.795294,31.572475,-2.6716998,6.450076,-3.1942,5.907484,5.99739,11.262706,12.383882
-94.682655,145.07043,-38.271133,45.44725,-18.644806,22.135418,-5.4783916,-0.5037061,-10.772967,-4.552771,-4.502794,-0.79841655,2.6216066
-187.97401,161.99323,-7.0592155,32.395348,-25.21167,-3.114263,1.9694973,-2.3124027,-10.210305,-15.213846,-6.681335,-8.744007,1.9634876
-206.81558,163.643,14.659364,32.058567,-31.25544,-12.287039,1.2446884,7.9585686,-12.578382,-13.292146,-9.060307,-14.70483,10.856469
-281.081,154.6783,41.98997,19.768023,-10.516355,6.6532316,2.659974,0.09859101,-10.403956,-6.153499,-4.7365613,-7.408136,5.5283527
-227.14099,150.03633,18.905243,35.554848,6.675142,10.155713,-23.359821,-3.261899,-5.7178874,10.210711,-1.7760009,-22.625584,7.288478
-325.15265,135.16212,55.018925,32.687016,17.29767,6.822684,-9.356645,8.951648,-1.2269531,1.8760252,-3.8502917,-15.671375,1.7440102
-384.5848,124.32736,76.300224,30.659288,6.2576017,1.2332568,3.510259,4.68298,3.765479,2.9379556,3.2280557,3.4041862,1.358288
-293.74585,139.52994,39.463963,20.685316,3.318134,5.1320934,-6.0993977,7.639239,-7.7926435,-1.9864988,0.18265316,6.823264,10.91649
-205.44386,131.41505,-6.940316,41.037247,7.859584,11.927333,-18.065107,8.031002,-6.772435,-15.757473,-3.4240673,1.0595651,4.773567
-261.0491,137.04881,33.309948,24.42234,2.4497118,19.683857,-6.630419,10.919231,-9.975776,-10.388487,-6.528307,-6.3468146,-0.6879461
-222.37155,145.21802,0.33071738,11.999505,6.905715,17.173454,-5.397671,9.151717,-22.975735,1.8902272,0.6499284,-3.1111758,7.6728244
-369.50146,127.03994,57.337795,22.112074,16.985115,14.217712,9.243772,2.977964,-3.7641034,-4.399991,1.2883176,4.665929,-0.18531886
-313.29742,109.248344,6.6926093,29.27077,16.573416,14.896824,5.2020087,0.64993054,-0.33367574,-4.5922165,-1.8940339,7.637386,2.5576057
-220.80621,123.10337,13.446856,35.033226,-16.95208,11.31744,-3.3161287,8.040827,-16.475302,-1.2824059,-5.1803975,-1.8190656,3.1366525
-215.79321,145.76794,23.150976,43.88417,-11.752536,9.798527,-3.708167,6.7150416,-15.082168,-4.8677735,-6.5207124,-10.11242,11.063754
-228.35211,144.93951,36.87352,39.493496,-39.21568,-9.077127,4.4759564,22.498795,-5.7349043,-9.17895,-10.675211,-14.642782,9.70482
-262.43408,159.99971,39.007996,15.4203,-18.70742,2.1388268,-1.834454,9.56975,-11.19323,-13.194807,-2.6820917,-8.842958,8.16047
-270.86563,145.34344,30.62497,20.902496,-8.620996,8.36316,-6.0364385,5.2791014,-3.3871741,-8.002285,-6.11235,-7.710317,12.071858
-264.74298,144.9962,28.171642,17.692064,-6.858215,14.091823,-1.407996,11.936339,-9.1850395,-3.9877317,4.5717516,-8.629724,8.130912
-251.76738,99.79048,17.884724,72.864975,-5.817306,-3.0700858,0.7004431,11.024893,-10.370614,5.5538006,7.7545342,-2.9898567,5.0965743
-231.51833,149.41614,20.388832,41.209385,4.0433574,17.518074,-17.015104,-4.7146544,3.475762,7.697717,-4.882702,-24.70327,5.9473815
-289.30203,155.82158,56.134754,24.97219,-9.222606,7.9852195,-1.7600818,8.120208,-0.08828465,-5.550113,-6.2595944,-10.264357,3.9206512
-238.21353,124.83991,27.635515,48.934353,-6.7938147,28.683315,-2.0501456,-0.5948293,-16.788656,-8.028651,8.255622,-12.038323,-5.087228
-296.77563,110.40162,14.354502,45.197346,7.2088537,16.346205,8.141229,-8.880994,3.610199,-1.6879215,-12.700369,-3.865555,-7.137027
-229.68144,110.45442,-8.257562,29.097244,6.479175,27.959953,-2.1274636,-7.483211,-15.461136,-4.702903,-3.8056786,-2.8758383,-2.549213
-171.35416,169.82104,7.667764,32.83531,-28.191761,4.63707,1.4899182,8.180532,-2.767024,-8.54984,-1.1459092,-6.72972,-5.9298573
-128.82442,141.53833,-25.169178,52.26802,-40.863632,-6.2259984,20.74804,4.433941,-11.959272,-1.5891756,1.18576,-3.290072,2.096355
-186.86557,154.88446,-0.78649443,27.14566,-24.799347,7.9619865,-4.0051055,5.818735,-9.458633,-4.089356,5.880976,-10.458915,2.9140122
-129.58836,134.81625,-21.714546,43.119102,-31.298445,14.963045,-20.94131,-6.704661,-10.909056,3.1253843,3.3289309,-11.388337,8.08323
-162.3642,133.8866,-30.287218,23.13223,-5.2475734,16.134815,-25.825417,-3.2331753,-10.43157,-4.2620196,-8.732964,-12.560221,-3.3758104
-230.70349,164.8633,-5.194675,10.2604,-16.433226,-8.001538,4.571405,-0.7328241,-2.605257,-2.6365395,-7.5582757,-10.646283,4.1319776
-187.16731,167.35403,-7.8102736,12.161096,-5.484419,13.410349,-10.834272,0.6463038,-11.445944,-12.14329,1.0404508,-6.2421994,-3.5961878
-158.7239,159.21913,-30.687908,20.56248,15.079663,12.669492,-21.024488,12.597628,-12.109967,-6.417731,-5.811874,-11.272964,0.88790345
-233.93546,163.34906,0.034503892,10.664932,16.190256,16.930185,-4.024636,8.829203,-5.345882,-7.1071825,-6.131483,-13.13047,-0.666948
-154.65175,150.33623,-24.566614,25.309856,-8.807057,19.084108,-12.849375,4.6764584,-15.126278,-2.0110857,9.791444,-13.24625,1.9041871
-211.7133,154.39854,-8.73096,20.463612,-10.945873,6.128117,4.99774,4.7537584,-4.964745,-10.339417,-6.937363,-4.0634522,-0.23778552
-171.53557,167.90768,1.4121885,17.297686,-20.455025,13.484055,-8.474713,5.0313706,-8.956883,-12.715702,-8.239244,-4.0540037,0.01347951
-181.7102,151.2634,7.213968,28.8617,-23.977633,7.710113,-0.12884675,2.906856,-16.538048,-7.9131093,-10.545994,-0.32074228,2.8115878
-192.72629,153.49619,11.466391,23.118303,-15.74483,15.963705,-3.284217,4.813793,-21.556574,-7.8684535,-6.6627216,-7.7907424,-1.3410968
-189.302,145.3937,-5.1606936,26.059275,-33.663834,-2.779849,8.239648,15.501683,-12.365949,-7.926784,-12.400371,-15.346986,-0.9275046
-176.05077,154.6616,-1.5161202,28.912271,-25.618616,3.0995688,6.46031,11.505203,-18.254835,-8.5269575,-6.6311398,-11.346188,4.5635214
-199.86171,151.66942,0.2631635,23.780273,-17.69584,12.756476,9.049612,13.996042,-11.444409,-5.775735,-7.4671326,-14.197842,-3.2197948
-217.28897,150.81976,6.0501533,16.10283,-13.692258,10.134601,-2.1592438,9.228371,-6.547636,-2.2219257,-0.8203149,-4.287157,-2.34711
-174.61304,110.50245,-2.797534,45.2093,-27.213848,12.297107,-1.3137984,14.536093,-22.851744,-3.2131178,-5.3898425,-10.441189,2.3896697
-182.11269,151.02602,-9.535981,26.597534,-7.3817124,4.2972946,-7.1500044,9.031677,-22.222649,-9.42252,-12.802746,-16.388645,8.839678
-229.3768,164.14616,13.082481,11.210552,-6.9712596,6.440026,1.5166389,13.313346,-5.713977,-8.923677,-7.96353,-9.703135,-2.3892329
-207.76808,146.7518,-2.4410384,21.409655,-15.502497,9.2002,4.5590425,2.6055043,-9.629926,2.6664836,-4.927703,-12.654995,-6.4561214
-211.71237,139.57288,-9.007273,16.42356,-16.531906,12.679193,3.7851148,0.2476224,-8.228809,-7.87019,-6.5721335,-1.4650214,-1.6046895
-216.50027,146.70541,4.2106543,13.917641,-15.946102,13.111546,-5.8355308,2.7491753,-11.277808,-8.037418,-4.2166467,-5.844407,-0.52116925
-169.0878,99.24417,-10.9412985,49.875755,-28.209425,10.52266,-3.9737344,10.764872,-27.512177,-2.7219803,-5.7739363,-6.762277,4.407697
-181.96443,131.74315,-9.908766,39.735794,-5.9377337,3.3083873,-12.683725,5.2332196,-23.363972,-3.0062,-10.446187,-17.732752,12.537642
-274.49484,146.643,42.442215,25.58485,-7.451246,7.731715,2.0819817,9.348632,-6.2568636,-2.9679,-5.3642645,-8.9279175,1.3590134
-244.16159,126.85577,19.443668,29.224134,-8.596706,21.462864,5.6959567,0.09914098,-16.259659,3.362285,-1.5069131,-6.3438096,-7.861831
-372.66837,120.72014,53.600563,20.454214,13.2330265,16.072756,16.018286,3.6734345,-6.050804,-0.91920745,1.375556,-3.4069023,-7.129466
-167.17706,98.73986,-63.059174,34.62858,-33.345856,0.35178995,11.386892,23.492962,-2.0608425,-3.8057106,2.8450577,-5.5845475,-6.6077266
-106.101395,104.04048,-59.156322,50.39568,-35.68673,8.498573,16.719719,16.010912,1.3412181,1.7244209,8.227014,2.4431245,-4.5298624
-65.885735,148.57388,-50.595387,58.810417,-15.708253,18.028688,10.42085,14.001573,3.8032343,10.059144,9.651901,10.924831,2.4523578
-42.984535,137.57747,-48.941032,53.64245,-15.536861,17.033524,4.7066755,12.701544,0.040422883,9.104421,4.868984,8.580837,2.5245085
-63.40827,151.77478,-39.68095,53.841125,-21.468136,26.401896,1.5537686,13.551676,4.040249,10.390637,11.809444,8.962853,9.016133
-78.533,153.9112,-30.84139,48.643078,-7.529118,25.438871,4.389969,11.215859,5.4612007,9.1248865,8.845375,6.410587,6.3397098
-40.269623,141.3193,-46.384094,51.058025,-15.354806,21.519285,6.912679,15.027852,3.8453486,8.63544,6.4367385,4.3933644,2.658458
-47.179604,141.55878,-41.43884,57.883183,-21.124693,27.477709,8.527278,12.767124,3.9439435,12.121256,10.035927,4.1328535,3.836952
-78.10346,151.25499,-43.396847,55.88392,-21.070002,21.341965,10.342978,12.988119,2.566471,10.475276,10.335687,5.2241325,7.065405
-41.756134,139.44478,-48.887474,53.357384,-17.268192,20.414406,6.3764586,10.863294,1.9549814,8.472229,4.9326935,7.692835,5.0020123
-59.36612,153.91396,-39.92431,51.5656,-20.957693,27.150558,-0.5208835,12.574731,1.322975,7.272506,8.016191,6.915004,11.854019
-76.22656,158.75566,-29.420057,49.459076,-11.235306,23.504536,3.1616602,9.172465,7.971454,6.7623363,4.5312815,2.6937344,8.561441
-46.3427,150.23994,-33.129242,48.524197,-5.7736053,25.697023,3.566856,7.4221754,1.2941972,2.2542043,-1.060501,0.08126674,0.90058535
-53.312706,146.62724,-29.4047,52.432526,-12.1419525,34.418373,3.0992417,5.942962,0.4795008,2.8008626,-0.047290586,2.96155,5.713118
-74.546776,155.38174,-33.41031,48.824173,-13.438447,29.211851,1.1244047,-0.20686655,-5.029941,1.6101689,4.6600995,7.808775,11.51343
-44.572018,145.39133,-40.708412,51.852306,-11.074334,24.050224,1.3188579,1.4744563,-4.6431193,-2.4388208,0.010095826,6.4280815,3.1063137
-58.6001,151.2799,-35.51561,48.194576,-14.9421625,36.922047,1.1166284,3.2318347,-5.368274,1.8113363,3.5122864,4.9069557,8.728457
-66.88793,150.58543,-32.26935,46.30031,-13.148486,31.808233,6.4428883,6.140737,0.81233,4.5264053,9.03182,9.569005,10.10605
-37.955616,146.71436,-39.24522,47.661655,-11.696778,25.511591,0.34251243,2.4811938,-2.0735862,2.3316436,4.2426558,8.965245,8.165518
-47.88413,148.7625,-31.36531,50.027973,-13.742319,32.286568,1.590138,3.5596366,-0.21332222,2.8680387,2.101723,3.378468,6.386623
-84.04577,156.18997,-31.526299,46.30529,-15.105057,28.66816,2.8435555,6.1272993,2.826919,0.1339087,1.5392805,0.54753643,2.0283961
-49.115677,146.09126,-39.930717,54.00506,-10.531404,24.283115,3.8197558,7.1940107,1.1610154,-1.0394642,-4.0224576,-1.1207441,-2.7749298
-50.261707,154.15578,-39.0366,48.551838,-19.420897,32.772038,-3.2801893,2.9501624,-1.7432996,4.8143706,3.1798272,4.647693,9.271758
-77.72096,153.98286,-26.459316,46.472927,-12.263442,29.364738,1.8728725,3.0007892,4.379849,1.7038784,1.9354018,1.4162542,5.565079
-91.599945,140.94334,-42.12108,36.84189,-3.4660835,19.361221,6.8375344,3.8204207,-2.5836082,-2.4916024,-2.734009,-1.3663546,0.5054842
-245.21992,158.36818,-6.615561,14.917665,2.3331387,2.395653,16.686459,2.2123036,-8.746525,-0.72216356,-1.6664759,-7.3432817,2.3061423
-202.30191,188.225,-0.6405096,31.554565,14.629968,2.054534,6.927495,1.2525797,-1.480886,1.3711772,9.507817,6.7747407,4.0320435
-190.83398,182.15402,1.5589465,28.16577,4.1174445,8.668862,6.018446,0.3791515,9.298672,3.5517304,2.7303164,8.693602,2.9232023
-79.17385,116.48672,-3.5689821,51.762894,-18.803595,28.812214,7.1843505,9.265178,14.235663,6.682536,-3.8382082,16.608385,4.0162015
-147.9551,170.60504,-2.4172235,39.375065,-16.74602,4.61679,13.263265,8.1068325,15.071696,8.081874,-7.854142,11.153105,1.6302167
-161.05382,171.21767,3.6662846,37.54007,1.9744819,9.442123,3.1694214,9.594755,1.8419099,5.0710173,2.8757062,4.4198074,4.763315
-181.9947,168.37944,20.12744,44.390408,1.7320625,9.360963,-1.5286425,7.641054,-0.14742358,4.034191,-2.4463935,-0.707766,10.818827
-160.6983,158.19865,12.158253,43.82268,-11.758492,15.821705,0.18747558,4.340812,-2.457042,9.0520315,-0.787636,4.7619786,7.0204988
-170.98209,162.21548,-0.55396056,52.430714,5.3405457,26.468447,-0.27357575,-6.7653484,0.9332642,1.6078105,0.35079876,0.027526988,0.40655375
-154.71434,176.61343,-1.971227,40.290565,-2.6517828,16.506441,13.202588,4.399668,-7.47531,8.082597,5.9251246,7.468889,10.61997
-149.60255,130.1706,11.544688,64.30753,-6.243501,24.948753,3.3413095,11.38333,-3.6021452,0.76315665,2.3642197,5.1988416,7.290023
-178.85283,169.45338,22.094786,48.962505,-9.232269,15.318426,4.1013627,9.116839,4.020162,11.675198,5.0266347,-6.45939,12.130298
-149.8565,145.528,14.534898,56.20188,-21.776173,18.27338,1.3231292,9.9215975,3.293215,15.318511,3.5978756,-5.4533625,9.208295
-165.43776,148.16219,12.261641,57.192116,-11.685339,25.862701,4.9338555,-2.7466462,1.374624,5.0336394,-0.13723151,2.8848083,5.428374
-174.08818,141.25786,10.702682,47.83173,7.0117826,28.655825,3.6299694,2.6483026,-3.7637346,-0.53297704,3.8427372,3.424395,3.4279122
-155.19295,146.07593,19.902365,49.7114,4.6482754,31.383081,-2.0248556,2.2915635,-2.7940664,3.0281634,5.2545366,5.048346,6.938055
-173.58223,146.9472,25.487324,63.518948,-11.758168,26.364386,1.7847904,0.3575809,0.17770626,4.2222157,0.18136126,-0.08732065,10.679651
-209.6511,185.30005,38.182007,27.08891,-2.9144425,22.084831,0.8803742,5.2861834,1.1706715,8.07377,4.962553,-1.3844749,9.91819
-182.04668,181.5515,19.840424,21.451303,-8.459527,26.896187,0.068301335,2.5526078,1.485625,4.9497576,1.0012039,0.07599264,11.83758
-179.19612,178.45763,7.4424777,27.450998,1.2626237,31.35698,1.2542837,-3.4942853,-2.317045,1.3490583,6.1556206,0.8875305,2.7492473
-199.72632,172.08139,18.196308,29.747667,1.1507554,21.406414,3.8759034,1.0836124,0.7519448,8.463811,6.54743,-0.54312587,-3.7196352
-164.77397,184.69012,10.037242,44.90205,-1.9639246,12.392491,2.8704994,13.55536,11.158593,0.040539604,-2.5402277,1.6944616,8.970144
-185.42035,174.54643,18.20027,33.061607,7.2761188,30.655424,6.3546624,3.7501862,-8.04191,3.8815243,4.811489,4.3323565,4.0733414
-192.22261,142.68053,-17.138096,29.353195,-24.212029,-17.663916,-9.386455,1.0589432,-3.465333,5.0712357,-12.029446,-2.8431056,6.103957
-189.37115,102.449844,-16.274364,21.391438,-30.694649,0.16170883,-6.207948,1.2116289,-2.0094628,-9.075399,-11.021052,0.63433003,4.0390215
-150.50465,172.87573,-25.262941,42.951862,11.14112,15.916771,7.1329737,0.060413584,2.270602,3.15687,9.304384,10.6312065,10.084241
-108.53743,157.10544,-43.218117,54.481934,-3.4923604,14.935134,5.0780888,2.2608492,4.432369,4.6319723,9.703899,5.091277,6.379105
-134.47227,158.9393,-16.99803,46.02505,2.9605546,29.522367,7.407101,1.3021404,8.750251,4.835239,9.719519,6.801268,3.9375536
-139.58368,158.98001,-13.548655,51.329086,12.280695,22.766869,11.009142,2.7436578,6.9382544,4.0886884,7.5925107,6.8371825,7.3123827
-113.1043,159.36694,-24.757174,46.149467,-3.228855,30.429153,4.0250955,2.6892507,1.4715916,3.5743704,6.165609,3.2618306,8.581309
-77.74033,147.77359,-20.740452,49.316174,-9.103796,29.867968,2.549988,4.589478,0.47284278,1.4747283,-1.3240738,0.7387085,6.2886806
-126.24335,151.65707,-9.165727,48.43033,-13.543361,19.148502,6.5425606,12.678779,6.837709,11.15968,-2.6375146,0.6232703,7.437923
-90.53208,134.92035,-33.432888,56.419037,-2.8098059,29.140057,3.141981,11.75858,-5.1512556,1.8059185,1.3820734,0.8552537,5.25064
-83.59523,149.33984,-27.217243,53.173855,-22.013163,30.339878,2.6871307,7.7871065,4.172817,-0.8358202,5.8759384,-2.5914788,9.007114
-113.96112,152.55244,-16.335962,52.909855,5.028999,31.569214,7.34249,3.7363558,6.3271785,6.1791945,4.675818,2.775061,5.90047
-102.071106,145.77971,-22.953066,48.75978,-9.282837,30.388882,7.121823,9.11424,0.18499473,6.9572415,7.8392305,4.092003,7.5522065
-64.97453,127.86569,-29.349888,59.567627,-8.072083,34.39904,6.3104115,7.232592,-0.8504083,3.7482033,2.3195179,4.5683613,5.5729003
-119.11661,150.66307,-22.242485,53.307804,-9.279091,30.977459,7.867843,4.0800524,3.2472093,1.1128736,1.9810069,1.1703972,9.624887
-91.16223,150.97762,-38.05071,55.99113,-11.001846,21.067457,1.591864,7.1281796,2.9858923,1.0292995,4.577124,-1.746505,8.475611
-82.81285,147.06644,-30.49031,50.113163,-17.899336,29.27121,0.38394108,6.900385,-0.25088435,1.1298262,10.826129,1.3928124,10.27081
-99.990486,141.84149,-17.97393,56.702534,3.3489814,37.561333,3.4677997,0.71807534,4.895796,7.0869384,9.128028,3.347982,3.5285163
-109.218315,151.78264,-28.055252,47.283455,1.6864547,32.61238,6.0051193,9.538673,3.1029465,4.3397846,6.7886353,0.2590673,5.0062313
-61.570255,140.51654,-36.858723,50.574257,-12.741944,31.213654,2.5312579,9.779373,2.4352236,6.9604726,10.638549,0.7706333,9.095187
-113.130165,147.72421,-29.185587,58.055397,-3.8697233,26.5016,5.3440857,-0.23175244,3.0565789,8.094312,4.095809,5.391948,5.554078
-73.5302,130.03757,-49.73096,60.17814,-2.7758708,23.977139,6.53791,7.191881,1.3497362,11.325486,-1.5524513,2.0432196,1.3117244
-98.18491,158.99255,-24.388828,44.50372,-3.8574395,39.159485,5.3740993,3.423248,7.621429,4.2351956,4.226993,2.2282896,1.8854142
-98.37646,157.97952,-26.979189,49.88345,9.174479,24.413197,6.6159883,8.518591,2.1489391,7.458381,4.8217306,4.0443287,9.43334
-102.35009,154.06279,-46.709038,32.916885,-12.7584,13.108425,0.15873577,13.103013,2.9858174,8.827464,1.9405003,-0.30817226,5.4031553
-160.90681,139.85646,-39.70614,10.132547,-7.346021,16.593945,3.7479086,-3.628874,-4.349414,-7.4936404,-4.73962,-0.2265731,-0.793624
-86.42261,159.37875,-41.450153,58.465458,-3.8334756,18.135256,11.18019,2.0948107,7.994904,-0.18822348,8.858228,4.869493,5.4336057
-88.73053,160.48524,-47.38213,54.716206,-11.288444,16.02692,8.080652,4.117647,9.543221,2.5970514,6.7614837,3.9983864,4.0558133
-77.70984,144.86116,-38.597042,46.077858,-9.432661,28.727486,14.580362,4.7213182,12.53148,3.5811522,10.739419,2.8266182,8.149396
-94.63216,148.84293,-27.31694,50.59789,-4.5998955,28.594122,14.009568,4.5196567,15.272319,3.4687915,9.302041,4.7728305,6.7051163
-71.47514,161.10156,-34.04948,43.65772,-14.014041,25.567848,5.150921,6.196436,3.7588415,5.309405,3.0299735,5.385055,3.7565808
-54.689793,153.31285,-31.42761,47.203583,-12.435629,32.71745,3.6887069,8.813711,3.618739,6.082283,5.099838,2.7540526,4.04069
-83.05075,150.36148,-23.144234,48.476585,-22.011148,26.206568,5.714092,9.089734,6.2151995,5.1336694,4.0315337,3.430917,8.32088
-64.16778,150.04358,-35.59896,48.74398,-12.038795,27.10439,-0.648321,11.127909,-1.110335,4.9385653,-0.7790776,4.6776114,4.886885
-53.30229,141.61792,-29.064156,48.128605,-13.04441,31.80452,3.1026058,5.333258,3.4662404,6.235045,5.0594797,1.3229722,4.9147167
-67.61396,147.57513,-21.663692,49.162437,-19.1104,25.586718,4.507737,5.999654,8.012952,3.8012483,5.3572783,5.6383743,11.783016
-71.246086,161.85948,-40.551723,46.137123,-11.015532,30.373007,4.535136,3.6198957,4.782125,3.2311897,4.803788,4.754735,7.641522
-56.094856,151.68181,-36.63304,44.17422,-8.7941885,35.022015,0.9638051,5.0099998,3.4706588,4.747111,9.179656,7.045124,7.503485
-76.32291,152.18315,-30.168476,47.0789,-13.808956,30.7628,2.2937791,4.808271,3.7056057,7.672567,6.8422832,3.8515878,8.589063
-67.64562,151.12895,-40.861668,57.48442,-12.125675,33.043396,6.833154,8.571039,3.7644522,3.1995451,-1.1798874,-2.3632407,0.25348485
-49.539898,135.94019,-29.71118,53.36684,-17.86245,40.134945,4.0154214,4.2465224,2.798866,2.954529,7.0794387,3.0065897,6.63042
-74.15386,156.81235,-22.405775,46.651245,-10.921454,30.874504,9.410235,6.257009,8.83466,2.2220716,7.6405263,4.1118793,5.1646447
-52.9232,149.70029,-31.015905,50.325485,-23.770033,31.888996,2.0308409,6.4273925,1.8645768,4.3738127,6.140717,6.9504833,9.35741
-68.73706,157.17372,-31.90835,44.503315,-8.321699,31.231703,5.4882565,7.916379,5.8619385,3.6565928,7.7257967,4.9519563,4.734236
-76.70806,155.17026,-31.993925,49.50643,-14.024115,27.758308,5.41317,4.1956944,6.282695,7.467476,4.2871876,2.089424,4.772416
-63.58266,145.48941,-43.4969,53.326244,-7.4172635,32.768406,2.1168802,9.555185,1.067501,5.1056447,-0.08530912,-0.88617474,0.4623203
-52.596706,151.45273,-36.49224,41.2443,-21.261978,24.302416,4.304813,5.0972934,6.646114,3.5961783,12.125799,6.177987,12.137847
-42.328133,131.93138,-26.37243,54.725212,-25.577967,27.44554,-1.4536935,6.7879148,2.27024,4.0142713,11.866301,10.034663,8.86088
-87.42602,160.82283,-39.994667,40.772095,-22.746277,19.686369,-7.321132,-0.6112032,-4.7376657,-3.5960724,4.6577206,0.08799779,4.855198
-138.8207,150.12816,-21.962116,36.151608,-39.963306,11.339526,1.8798829,6.450448,-10.238875,-10.247263,-0.59557384,-11.785312,7.970654
-108.46538,144.4444,-34.831154,52.249382,-41.174187,6.8243756,20.395983,5.637567,-6.4601574,6.4751387,14.509911,0.9381888,17.639412
-155.5815,167.9735,-28.242641,24.038504,-5.019516,15.240229,14.06995,4.4965606,0.14916661,9.698991,10.120285,1.2081125,10.3023615
-134.69946,146.09747,-26.308937,43.623966,-26.378778,23.102701,11.813192,13.8321905,-2.3880043,6.6212997,13.23484,-3.2942765,15.870213
-233.59467,177.16661,17.495737,23.532337,9.166712,14.326346,12.080907,8.942007,-2.5987055,6.149157,4.784695,-14.251522,8.965722
-166.27666,166.63814,1.8432508,30.102663,-1.1567776,33.282043,2.1920996,18.623405,2.9072628,-4.8742676,7.9092555,-2.3341012,3.7602255
-167.45319,172.4717,9.384598,34.02324,-9.565744,34.90453,-5.7590537,-0.6355732,3.7332888,-1.5365615,3.1478274,-4.0630074,12.243329
-185.60376,146.50287,3.1592464,55.271957,21.304924,28.129736,-21.962866,3.0523753,0.72108847,12.254034,-6.188666,-24.752022,16.488447
-219.36908,182.74377,-8.615901,12.647069,27.990227,19.199348,5.84688,7.9121485,8.483858,5.211203,4.7290864,0.95510626,2.7552927
-296.13553,177.66924,31.085304,-5.6075993,25.731504,30.244654,16.070576,11.229011,8.882364,7.750456,8.187636,4.9046245,4.554218
-287.74133,154.26593,39.93352,22.38857,15.928888,34.164318,12.765765,6.395155,10.591041,10.506596,6.4805126,6.5856395,7.490756
-218.98274,198.94202,-0.3944781,-8.898931,16.259253,22.167074,10.832826,14.232565,8.60505,2.8409238,6.6556234,6.0290523,2.2728977
-289.35187,191.9293,41.317516,-12.648966,16.889961,32.269974,17.13421,8.428631,10.431274,8.471317,4.2886624,4.3293133,5.5945363
-228.02489,178.88672,28.161755,27.834095,-8.609097,5.214161,4.5039372,14.446113,16.03997,-2.9409013,-1.3217716,2.6120508,7.2763495
-132.0243,160.2223,-16.80136,36.905518,-24.105206,14.909875,12.12317,1.9459952,3.1479034,7.2020235,5.7850385,6.467071,7.619481
-146.55118,157.0814,-13.487034,33.981373,-14.783316,30.136034,10.723049,3.4227874,-0.05100148,8.503247,11.519116,-5.545111,7.824732
-171.70299,157.54466,-1.6155381,27.110838,-9.863172,22.289986,9.767156,0.558144,-1.834522,13.340281,13.601418,-1.7316793,10.7282505
-125.21722,171.25197,-18.386328,29.824049,-16.709532,31.568186,-6.411121,6.29069,2.8163645,5.083804,12.063325,-11.498112,9.104935
-166.57135,159.16516,1.408994,33.98084,-12.227321,31.462744,1.777622,10.144411,2.2119377,-0.87557024,3.626513,-4.660626,3.3573084
-181.27103,172.76906,23.83578,36.367664,-34.13729,25.57069,5.8199735,2.6563432,12.836437,-9.572954,-4.7469115,-5.3666196,8.946772
-205.2879,195.73312,5.6535783,4.538932,3.8825407,21.394651,8.144778,8.539977,10.332044,-2.612352,-1.2860599,-1.8621202,0.56641847
-288.8623,190.37378,41.983864,-5.8709946,20.572863,31.326439,18.090296,8.205139,6.1360345,5.489886,3.454279,0.69651216,-0.059832178
-325.0136,169.58263,60.62161,6.5436025,14.805585,30.982922,26.171661,13.048842,7.264226,6.7021365,5.808894,4.333339,3.3655164
-179.19698,196.21684,-6.293147,9.202227,3.069914,26.443354,11.379318,6.4903293,5.284315,-4.1658564,7.094344,5.7999425,2.0069633
-150.57295,176.83707,3.7364306,17.519396,-4.5588994,38.263756,-11.996045,10.913396,-3.6384225,-1.1204417,12.171533,-1.0723892,3.5518734
-134.56479,178.95593,-0.9259781,30.905504,-14.721488,26.65682,-9.800713,-1.0139419,0.37320682,-6.0524564,-5.376077,4.6045427,7.4437532
-127.53988,175.02927,-13.002026,28.293503,-13.480341,25.737913,-4.072897,1.2531536,0.9278938,-2.719487,0.7957031,-0.50036424,3.7733924
-157.85667,178.75037,-1.349115,38.162334,4.341579,25.619886,-4.7480335,7.857342,11.407947,0.3368627,0.22370644,-12.179946,2.246897
-227.99734,186.73053,13.923977,20.632677,9.565603,0.92764044,16.420042,27.216795,10.069418,4.3038297,7.018321,-0.3091401,2.771339
-186.13168,185.93561,-13.292686,17.368313,2.0052066,11.329392,20.856318,19.341574,12.277542,1.6372367,4.6972213,11.134992,5.9813347
-187.5696,179.26125,0.8990809,21.723837,-12.536093,4.8780785,9.68181,10.840958,2.8541083,-8.945863,-10.123995,3.3583677,1.9303956
-142.84373,182.81802,2.6916006,40.856205,-21.091372,8.313231,9.707545,18.95769,3.9900053,-12.241952,-9.941726,-2.0840487,2.7167666
-140.0278,189.51009,2.303013,33.391186,-9.9083185,20.341057,1.8593616,4.572832,0.7838911,-4.9862227,-7.618854,-2.4489186,-3.328366
-124.63886,163.99356,1.2303264,51.01805,-19.148666,28.643095,1.2902709,2.3139365,1.7812123,0.13111255,-7.634444,-1.7525779,-0.084062666
-142.36143,170.17412,-0.028471153,55.910763,-5.463814,22.219759,1.7920208,0.84889734,1.6953961,-3.082067,-12.135731,-16.849998,-5.276752
-130.68365,177.09492,-12.333943,37.695595,-8.119611,19.867826,5.6923766,10.506911,-0.13738817,-5.1676145,-3.9347227,-5.068657,-4.00592
-186.13644,189.18419,19.084291,25.210344,-3.5784972,21.786346,4.044435,17.34883,0.3689699,-12.174604,-2.5384414,-10.723278,0.81009346
-178.49022,173.83438,32.324345,29.952032,-28.381395,20.660812,-6.286582,5.50667,-2.1359966,-2.2840502,1.3268474,1.3477194,-0.63577384
-203.78229,188.88872,4.4929934,13.043724,3.1673236,19.178509,10.860249,11.909022,2.1476812,-2.4908674,5.8895144,-4.3979135,2.0379617
-188.44157,167.83134,-2.5945454,33.07744,-2.083337,21.023535,9.976991,13.856099,15.429504,-8.818504,-1.9345077,11.746406,4.6514664
-173.79524,164.87563,11.872854,43.75268,-37.002625,0.7902616,8.9257965,11.726415,9.358609,1.2586238,-6.7343187,-4.829975,12.88328
-148.86339,171.70985,-2.6366136,35.62534,-34.327698,14.346259,10.2126045,5.237777,2.9903853,2.371692,0.86664015,-11.169636,9.201051
-194.89471,175.72716,22.705896,26.147259,-20.176462,23.240171,3.7634845,13.943078,4.2969656,-6.283959,3.953011,-13.334896,4.6439266
-180.80595,154.88448,15.852403,41.178932,-35.747456,20.348507,5.7094994,14.948884,12.455976,-5.5412774,-1.6341193,-9.100273,8.18422
-204.93759,180.09181,7.411162,16.011318,-5.293434,21.789684,10.054664,9.880042,13.64407,-3.3723078,2.6018827,1.5811849,-0.8895064
-278.4383,174.84999,19.84987,-6.7321806,9.525584,19.885975,15.398083,13.250867,9.857143,2.827151,3.857482,2.1500711,3.408207
-252.63974,145.81976,12.831171,26.052643,13.766261,19.821688,0.2871148,10.005001,-2.7685313,-3.4422798,1.4450731,-4.480214,2.9717193
-167.94427,127.787544,-16.563318,25.057384,-17.259241,17.141113,-6.6404886,13.084929,-14.320987,-2.9623373,-4.377773,-5.3945494,1.3972517
-220.17183,141.76411,-4.1127276,22.435083,-26.96371,0.82307434,-0.915431,-5.0595474,-22.762943,-20.909225,-4.072526,-8.101658,3.3405726
-225.0148,138.97179,-0.22383572,28.507421,-42.71789,-30.912243,-6.804635,4.2013,-19.994286,-22.68157,-18.088709,-15.969434,13.281639
-307.57605,112.451035,21.021925,11.670723,-30.261353,-3.6898265,1.1925488,2.6641786,-15.015014,-19.25462,-10.491158,-6.027299,13.450968
-255.03593,121.74433,0.0035088006,22.639532,-10.959504,-0.7994143,-25.14262,-21.804636,-22.988111,-2.6892567,-8.513529,-16.813839,9.577065
-327.19284,92.3882,17.442524,31.314,22.674751,-1.7362431,-40.015263,-5.6444216,-12.284374,-0.7869803,-10.824194,-33.474792,0.4962964
-433.56937,66.83142,46.685177,27.869587,14.881296,4.7221766,-4.0942955,-9.474484,-10.642118,-9.306769,-6.3505816,-1.7095867,2.6584997
-390.1704,84.4755,39.46096,20.24273,5.7857194,7.312201,-1.3913711,-1.5630798,-9.680652,-8.650205,-3.6873596,2.4589436,7.980393
-207.72406,115.00798,-27.879303,18.593384,-10.892234,-7.2148004,-26.556768,5.9330645,-15.863339,-16.160381,-9.00256,1.1955318,5.662773
-277.45273,122.999374,9.517825,9.554864,-4.459848,6.9011173,-20.4755,-1.1043648,-14.2955265,-18.935629,-9.788093,-8.546961,2.83314
-199.496,126.94246,-18.444532,5.182444,-9.419252,8.439544,-25.432198,-2.1590128,-38.454483,-10.054071,-5.889806,-6.070368,3.6260366
-372.98196,115.003136,38.23861,6.9756646,6.421552,4.4978986,-2.6156974,-14.324122,-20.462147,-12.825397,-3.1841004,1.0524406,-0.30190662
-352.60837,90.70714,-0.4549188,12.012143,6.7377725,3.0627265,-1.2228522,-6.209769,-6.34608,-13.080121,-6.7672124,5.289276,-0.6299209
-264.5855,98.636765,0.6707571,17.024721,-21.09009,0.65413946,-14.061762,-3.103026,-20.975494,-5.645609,-8.054444,-2.8349264,-1.1675549
-223.51828,127.093,0.49480435,29.670135,-23.129269,-1.54541,-15.987575,-5.78688,-23.55199,-12.054658,-10.638144,-14.127118,5.7843223
-242.94681,119.750946,12.079952,22.245674,-46.152733,-15.198611,-6.903271,7.442657,-19.411545,-15.130635,-17.877869,-18.092867,4.704745
-297.55368,138.91772,45.569866,19.243105,-27.937536,-10.193347,-10.855689,-0.085254826,-14.201209,-20.545633,-13.799767,-16.372486,1.0080247
-233.11086,134.26831,-3.356241,10.8253975,-21.852964,0.20343119,-18.416817,-1.7191554,-19.88009,-16.60485,-11.3226,-17.944902,12.366271
-312.14502,116.746346,21.532852,10.065226,-13.0954075,1.6162095,-13.431002,-4.092046,-16.58089,-17.60095,-6.2785206,-13.774856,1.3933344
-281.73178,69.69134,4.9259624,56.113804,-14.572253,-1.9090736,-3.6410413,2.8996751,-29.01863,-10.486888,-0.46326908,-9.642216,-3.9936576
-269.33582,115.841125,2.4915402,49.548878,20.123716,6.764555,-28.489216,-24.986397,-16.355532,-3.566677,-15.68274,-28.37618,6.751869
-300.86407,129.58714,32.808334,3.4765475,-28.98996,1.0587536,-13.224845,-0.8752723,-8.023607,-14.597144,-10.797713,-10.146499,8.140537
-259.64246,133.73723,25.939766,32.960876,-7.719818,11.597108,-15.292123,-9.79305,-25.075922,-17.888033,0.20977212,-19.965912,-8.616108
-380.4741,113.19834,51.968063,22.82628,16.34432,12.747036,2.944586,-9.863502,-16.283522,-14.641758,-12.0948925,-9.286081,-6.932905
-325.763,98.3559,10.156068,26.19076,2.7035117,10.42316,8.060534,-0.9746973,-6.714592,-18.170479,-13.698123,5.5689526,3.0615084
-223.98782,119.990845,-7.0928974,10.589981,-25.910475,4.0377803,-11.981674,-0.3253437,-12.334816,-8.148901,-4.6194563,-11.735592,-14.400112
-166.30107,114.16794,-22.10043,56.960934,-50.976597,-18.369112,12.278029,6.2183857,-11.951334,-10.305195,-3.8839335,-3.4030957,5.7471433
-218.00092,117.04409,-14.550089,38.373657,-29.439825,-8.058889,3.9172647,6.5820265,-8.787286,-2.6961288,0.49967638,-10.688398,4.168383
-180.79698,106.53571,-17.650278,44.689224,-29.841307,13.158782,-23.15754,-8.635682,-20.765657,-3.5696752,5.0027614,-13.396189,15.969707
-192.67793,77.64648,-35.471436,51.769917,2.8301992,20.50713,-45.124638,-15.900885,-4.595342,5.5156136,-6.3556523,-14.7661705,-3.1927176
-361.7115,104.495255,17.805895,20.18645,29.038807,6.8402286,-12.685604,-12.848586,-3.2738678,2.4562972,-0.6558228,-0.10765307,3.4750423
-322.35355,110.611565,14.8877945,22.74729,9.996828,8.520295,-6.712585,-2.372985,-3.7721238,-12.894927,-3.6627016,0.99985754,0.46917707
-190.04782,147.36632,-15.849366,13.121728,9.412807,9.452908,-34.861946,7.318349,-18.872478,-15.001458,-3.547085,-4.886939,4.4362216
-265.66782,122.21142,-7.8758593,35.340122,37.226444,17.355782,-28.383842,-12.984623,-10.144615,-3.6569052,-6.0233326,-18.794569,-3.6350875
-197.1469,130.22366,-24.893356,29.040632,1.6524837,11.36268,-25.77467,-5.456584,-16.994577,-6.141926,8.306445,-14.367966,0.62202406
-299.49393,126.285164,17.456163,13.060751,0.093821235,13.551726,0.5256287,-3.2642708,-12.867385,-7.784947,-1.988803,-1.4741676,2.3929884
-285.3155,137.07307,21.343115,20.065067,-10.062182,-5.0822215,-2.8376937,15.724481,8.240884,-19.21438,-14.783395,2.2149336,9.188508
-238.57135,125.2153,22.206396,27.474405,-28.53668,-6.013688,-15.832497,11.553148,-3.4458387,-9.792981,-15.645013,-2.4868362,3.615321
-219.72504,134.17781,10.0286,34.84947,-17.929573,5.8350573,-10.062453,-7.3475037,-20.770784,-5.041402,-4.862892,-7.660152,2.2722428
-235.36208,117.55229,10.790252,26.154535,-40.004124,-8.348374,0.6883443,18.773878,-9.068519,-7.640294,-12.955284,-9.919468,5.1726947
-222.78264,126.5405,3.387308,33.647026,-33.53303,-13.862616,3.3884704,12.245975,-21.467127,-15.714253,-14.791444,-12.276753,2.9672723
-211.92299,119.4489,-14.568272,26.757824,-31.397076,-1.8327044,-6.6695023,-2.0037093,-23.931587,-9.98312,-13.472138,-20.985802,0.054860815
-284.58792,120.71747,23.209303,20.469154,-16.672577,-0.5397214,-15.941172,-2.6766775,-7.214758,-6.776343,-8.03228,-10.896274,-5.2389317
-229.2714,68.2452,-5.790718,49.55056,-32.74088,5.09335,-8.371274,5.0036206,-24.109728,-2.9253147,0.5519807,-8.558762,-4.723969
-220.72781,121.56854,-7.6423,41.52211,6.078727,-9.589567,-36.599873,-7.076954,-29.502762,-7.2424345,-9.569251,-17.335047,17.19362
-296.4372,121.035576,23.208914,14.661426,-21.741434,-9.448785,-9.237537,1.2712698,-13.533787,-16.506828,-13.422562,-4.093509,4.2578273
-216.1683,127.23974,2.4699311,36.594265,-16.808712,1.8940276,-14.059425,-9.871257,-15.31313,3.8434806,-5.6585503,-15.115724,-6.0589595
-319.36475,123.18259,28.509302,24.483526,-0.7490273,4.5499673,3.9405525,-5.5184298,-12.209095,-5.65581,-2.0854836,1.7143914,-0.37510082
-260.8081,110.48816,5.220077,32.923923,-23.835936,4.8071046,-8.326856,-2.6614377,0.90420073,-8.422578,-9.101256,-3.4303968,9.244256
-207.44359,78.34701,-17.033466,33.66998,-38.41642,22.370922,-13.76948,-5.2926645,-4.14922,-1.2415073,-7.940898,-3.1986563,-3.6924686
-168.96423,167.83174,-22.233435,26.360172,9.628955,30.908627,-12.411266,-7.59997,5.53756,-3.9923618,-2.16967,-10.933324,7.6052394
-157.62679,158.66635,-38.920017,29.380436,-0.7011284,16.860033,-1.4703593,-3.5898678,-5.1042223,-6.7720757,-7.2534356,-13.802269,-3.0859382
-158.61696,146.24542,-49.198917,36.44221,4.2538366,16.075079,1.6352046,3.0734363,1.0702692,-6.185699,0.5811701,-8.409061,-3.8162107
-118.93977,137.76385,-56.5404,50.611023,-9.935136,25.091078,11.716299,11.074188,-1.3634713,0.034840018,4.0688887,-6.2996182,6.8636827
-90.615265,140.94093,-61.72376,46.022575,-15.977979,17.346497,3.7369573,13.3551035,0.8805827,4.465233,4.9113574,-2.776423,-2.0228825
-95.3724,132.85338,-68.42797,43.015953,-37.451088,8.159187,15.664252,13.772603,-0.0061684763,1.1849476,4.818657,-8.902292,-7.187645
-43.76239,145.57011,-46.93429,51.234947,-25.044392,18.434946,5.065167,18.113577,9.509452,14.677022,11.810792,9.492422,-1.673312
-39.779728,149.59636,-51.076466,48.650784,-18.58808,12.9693775,5.888728,13.587085,4.9134927,13.626114,9.514704,8.333439,-3.9870615
-58.124443,154.84969,-37.47207,51.34237,-22.567524,21.050644,0.10875599,12.285098,-0.94891816,9.9138,9.011053,7.4163933,4.54189
-44.138943,142.95428,-37.643917,50.769867,-20.943943,26.124763,0.6773081,13.759611,3.9946723,11.790916,9.27912,9.943963,10.334369
-39.552135,152.61064,-42.511982,45.516354,-21.936144,14.943781,1.3467009,16.205656,3.8017178,8.141961,4.7573805,1.5016611,1.375234
-38.876926,151.621,-48.31864,48.01267,-27.314323,20.814615,4.50872,15.280264,3.1798196,8.914422,4.1049657,-2.4705966,-0.19547693
-58.158653,152.46753,-36.10327,47.122578,-32.77572,17.78931,2.065209,11.731614,9.310334,17.670301,13.610534,4.115994,1.1641196
-42.760204,151.85207,-48.98578,46.864754,-21.529202,14.350629,5.1415133,12.192756,3.273644,14.3028965,9.61621,4.8432813,-1.1735748
-38.78159,154.77203,-47.359486,49.410694,-22.302734,21.672232,-9.727421,6.228792,-0.6933071,14.193144,7.734756,5.0257106,4.172307
-41.481388,152.20998,-37.881985,44.93985,-25.02101,22.19861,-0.22217059,13.41269,2.7766802,4.174552,4.8760757,5.937017,7.977147
-58.152706,155.41005,-34.32865,46.664158,-8.327746,23.72318,2.9493506,9.950727,4.2633467,5.4805913,2.1417685,1.6814964,4.1240673
-60.551502,152.01218,-30.836687,51.505898,-9.775983,32.17677,-0.4565275,6.221973,-3.9304383,3.0301971,-1.7671264,0.7651469,3.5075529
-65.548935,149.0494,-30.020357,51.133427,-15.153187,30.026432,-1.2103924,0.3915051,-4.1995177,2.2707376,4.442776,5.7922764,12.119429
-54.208145,152.96095,-41.522686,52.237526,-4.7395205,22.543715,1.9959797,3.6536443,-7.7048297,0.12941957,0.44564366,3.0105388,5.935549
-53.241978,154.86005,-37.966503,46.259464,-20.064413,27.826359,-1.2576435,8.687245,-10.631613,2.3428042,3.1550357,7.9186006,11.367674
-52.315536,144.65251,-35.700943,45.591957,-14.398168,32.33181,0.4516713,5.792242,-1.8997204,3.4176817,7.1063743,9.351441,12.0209465
-43.264473,157.2629,-35.283062,45.43247,-12.648078,24.925898,-0.7842217,4.23912,-6.14848,0.86374795,4.872025,6.4834323,10.071504
-24.900175,141.0255,-32.537643,48.269016,-29.297165,30.262922,-8.710806,7.469727,-6.955949,8.276208,-0.10765033,11.648597,9.2368355
-65.77269,153.05702,-30.007551,48.120373,-13.910314,28.970139,-9.362522,-1.8885512,-1.9010271,-0.17768629,0.9963268,-1.5833961,8.294915
-52.80928,156.53229,-40.55622,50.30642,-7.7005396,19.790081,-2.320317,2.8053682,-7.4413667,-3.6185632,-4.3883743,-1.6884867,2.3958056
-52.917503,160.44867,-35.858818,44.514805,-22.990477,19.245556,-6.7919197,12.635007,-3.0541573,2.2945082,2.6436949,-4.445631,2.0657682
-35.0435,125.25384,-28.952566,51.60118,-26.678375,34.855137,-8.493271,6.5214915,0.78989905,6.3998923,-1.7039127,3.8641806,2.982794
-47.761463,150.32602,-40.96339,48.07416,-14.582144,20.53946,-8.649622,2.327124,-2.2601585,-1.7164125,-2.1918232,-0.27562216,7.802387
-53.398075,144.07826,-48.042698,53.53341,-23.002888,23.731459,0.95953137,7.47414,-4.3669605,5.4883513,3.0607774,1.0303439,4.7325726
-36.170616,145.54063,-45.85293,44.671425,-28.848196,26.687225,5.8643956,15.1070795,8.685046,10.065244,5.0441713,3.0556214,-2.1298583
-33.954872,151.64691,-51.406944,44.861034,-22.6947,15.135588,4.386811,13.579791,4.9668694,10.685505,2.006279,1.5567626,-4.925235
-41.246624,156.83505,-44.111668,38.30027,-31.693308,19.933064,-6.2677236,11.6518545,1.8113455,16.826246,12.444853,6.5094376,4.142649
-43.706795,144.14029,-39.66887,42.876217,-25.933878,28.369461,0.041930255,10.529618,8.549355,15.590419,11.684261,8.581731,0.54144883
-43.731693,150.95195,-47.599083,46.459953,-13.320574,23.658909,-2.4141004,10.314542,4.4111185,9.727576,5.3348913,1.4699367,-1.0263301
-29.440483,151.97862,-54.28474,44.397923,-25.003693,23.586674,-3.6504567,12.432655,0.2841396,13.526908,4.9620786,1.2446938,0.72238016
-48.836998,142.0064,-37.9791,53.772404,-26.446093,28.65236,3.83895,8.626777,4.5327306,11.868897,10.82055,6.7395525,4.424366
-40.918102,144.8217,-49.978786,52.414024,-20.598566,19.358107,6.785521,13.495132,1.0993515,8.499528,6.104146,7.078817,3.358307
-40.961914,154.62825,-42.599735,45.09244,-28.495594,21.26087,-5.4630227,13.542411,-1.8998475,10.358373,8.567527,9.691327,6.4735074
-38.366886,149.14662,-30.013935,49.383373,-29.98991,24.080973,-3.7953494,8.563458,5.19551,6.9987893,2.7716665,4.279598,1.3754541
-51.15904,157.11488,-30.450493,49.45638,-13.835199,23.414248,-0.6318692,7.6730113,1.8143544,2.4218636,0.43036962,0.9550709,0.34737426
-55.992607,153.16235,-34.26365,50.425297,-11.871196,33.366142,0.1016873,7.3578095,-3.3305454,1.5056658,-2.248847,1.3792324,1.9371632
-48.71025,144.38733,-32.31192,50.643703,-21.649572,30.707117,-2.911454,1.2387437,-0.45751643,3.9997985,4.7978215,9.402774,9.081297
-31.413372,149.52583,-42.177715,47.26756,-22.41891,22.692682,-1.9239587,10.2366,-6.4679594,0.48634893,-0.46830568,5.201585,7.1503096
-61.821033,154.46645,-34.29137,45.39899,-13.388047,32.275986,-0.34652066,3.9448366,-9.670876,-0.07910656,2.6164408,7.135537,7.379328
-43.976845,139.35548,-36.798046,49.149323,-18.79882,34.59273,1.8725209,6.5571337,-0.6075428,2.7341292,6.6659765,10.447082,9.664925
-39.676105,155.48427,-35.519398,44.599926,-17.842497,24.292109,-1.6424135,3.9569783,-4.8517847,1.7827032,7.08533,8.605817,9.6577425
-21.477795,143.94214,-35.68086,46.30431,-29.018492,29.745247,-11.521681,6.135912,-5.012634,4.5484,0.03500304,11.565414,10.309888
-51.719646,146.81354,-30.858765,51.228333,-20.83399,30.368654,-7.0848064,-1.9676741,-0.71548784,-0.293341,-0.08951817,0.74811894,3.729391
-50.752735,155.1704,-39.935753,50.054455,-13.082017,21.118866,-1.2152351,2.6469862,-6.2318997,-5.027581,-5.26662,-0.4210998,-0.54024166
-64.5234,158.17853,-31.67269,42.819725,-17.86834,25.782286,-5.2798247,5.274954,-2.381645,1.9073675,0.68381697,2.6296577,2.2359102
-48.059685,139.41904,-33.750957,51.818966,-18.149319,33.221775,0.04937241,4.1363316,-0.50480396,0.85039103,0.5601553,2.198624,4.1735935
-78.637245,150.1476,-31.841745,44.183144,-8.953015,23.112558,4.554302,4.4456553,0.7180672,3.1253364,2.8908556,1.240754,2.5932016
-189.14326,138.9503,-32.5509,25.777924,-2.953196,8.7192955,11.470762,0.64799404,-10.958391,-5.170121,-5.685243,-7.265603,-1.7783294
-357.32812,102.41736,11.442803,16.614296,16.292557,2.547455,6.1009407,-3.234106,-12.297723,-6.008206,-5.8111935,-7.0835238,-5.392498
-438.35446,53.978424,25.596867,8.134282,3.0978642,1.4978529,-1.2545043,-6.2745376,-10.431229,-10.24994,-8.61218,-8.936502,-10.238646
-473.68536,16.524109,10.094165,3.093219,-2.083089,-4.9447026,-6.293444,-7.106535,-7.7888184,-8.162475,-8.036692,-7.4760485,-6.358507
-483.00305,5.454078,3.978559,1.978681,-0.07008234,-1.7987783,-3.0346024,-3.7837043,-4.1450424,-4.2115088,-4.0020285,-3.449283,-2.4495683
-484.96997,2.784223,1.654949,0.26155284,-0.9037168,-1.5099647,-1.5216045,-1.1810976,-0.85405076,-0.81957585,-1.1153545,-1.5174143,-1.6644781
-487.15808,0.11554319,0.09323168,0.05918306,0.01768687,-0.02602941,-0.06645975,-0.098513335,-0.11815579,-0.12291772,-0.11220478,-0.087372296,-0.051553037
-487.24524,0.0,0.0,0.0,0.0,0.0,0.0,0.0,0.0,0.0,0.0,0.0,0.0
-487.24524,0.0,0.0,0.0,0.0,0.0,0.0,0.0,0.0,0.0,0.0,0.0,0.0
