0,1,2,3,4,5,6,7,8,9,10,11,12
-281.7386,98.21472,-36.603844,14.583619,2.4547095,-17.379105,-4.068248,0.5491583,-1.7210981,-3.417186,-2.9021976,-2.0989008,1.1497842
-160.1952,166.86008,-63.08261,19.039057,6.2303047,-23.277597,-1.8525591,-0.7560632,-2.2608416,-6.7427716,-7.495524,-5.177981,-1.4729264
-168.0905,163.40472,-64.367905,17.203543,8.172776,-24.050264,-3.3093202,-2.0333152,-4.030049,-7.2985415,-6.8753138,-5.569603,-1.5504415
-159.92639,158.83527,-65.21345,25.298817,7.014869,-23.439484,-6.70585,-2.0624168,-3.4719348,-9.899621,-2.9387133,-0.7590528,0.57316387
-163.28328,169.40826,-60.67541,16.441244,6.3218846,-26.538733,-5.428532,-1.5448433,-6.0641217,-7.7799106,-4.20398,-2.59441,-0.047584817
-162.17696,163.35318,-62.370045,19.970367,4.552927,-22.086763,-4.158835,-1.6394356,-0.69004846,-9.209244,-7.627144,-4.357909,-3.7120864
-81.04826,127.01707,-41.32358,49.369026,-32.904507,7.692194,-19.231522,7.294838,-1.2895054,-13.760278,-10.323379,-6.542338,-5.8788652
-64.100464,133.65648,-32.683002,59.914555,-14.200338,20.126646,-7.6289496,17.655823,2.8206174,-2.7868586,-0.64556503,1.5487893,2.4270337
-57.10644,155.00557,-40.797623,49.05042,-13.754151,19.576141,-7.4542828,6.0303907,-4.323356,-4.6826124,4.8551064,0.6842033,-1.6617519
-73.20553,156.30591,-38.002594,40.868824,-10.020321,14.896717,-2.3653708,10.636436,1.9761117,3.5583498,2.0995965,4.712316,-0.7251702
-48.984966,116.905,-39.144314,66.646454,-10.654919,24.747612,0.31989706,8.011314,2.656147,-4.4029555,2.3911967,-2.2618837,-0.84253293
-66.42153,150.1202,-37.130623,46.810165,-7.7033663,24.70637,-12.669387,14.267485,-2.3656995,-5.5197177,7.679974,1.0120512,1.6954575
-61.783398,148.95116,-29.828136,44.279312,-22.019577,23.501848,-12.166231,16.293531,-0.9564104,-0.84642285,3.8052127,1.2509184,2.3672552
-66.688156,141.79851,-40.103954,56.478024,-11.210495,22.274107,-5.5494113,11.594034,2.3162894,0.28800285,-1.1985118,1.6945266,-1.3788877
-31.034273,111.6058,-36.130306,65.15268,-25.601503,27.256517,-3.4991193,14.891238,-3.1036136,7.457547,-3.5284083,4.318713,0.7483546
-71.045845,167.31943,-38.184856,36.257828,-11.304187,10.771471,-13.604387,21.400522,-2.7807906,-2.763499,-2.1683664,-1.552289,7.193564
-78.02546,165.02838,-41.754345,43.46594,-4.791534,15.779259,-0.9471844,14.879357,-6.1546283,-3.7394857,-2.384984,-1.4380634,0.30948898
-50.42954,133.3217,-43.863243,56.564114,-20.504578,22.02088,-4.3127923,11.485021,0.97534233,3.6278288,4.3506145,0.49478292,0.012156464
-23.796911,92.75821,-29.537378,67.4884,-20.60307,20.71388,1.5059701,2.3882866,2.1389303,-2.9867487,6.8340845,4.4225965,0.8841838
-81.15628,163.31395,-43.154293,35.841038,-8.341371,12.652879,-4.68322,12.462364,0.9262733,-1.103926,8.258765,10.175915,1.9831208
-92.94056,174.2651,-42.05078,41.225006,-2.9615593,12.285516,-6.405169,1.9457829,1.4329821,-9.72276,6.669657,5.4729996,2.7013192
-54.13895,138.18251,-38.164253,52.982105,-20.651714,25.00344,-8.280165,6.356733,-4.5830197,-3.3520498,4.5642495,3.5205922,1.3370557
-41.83394,128.87442,-48.407528,65.67786,-12.261914,23.082956,-0.17419025,10.255379,3.4092786,1.0652361,-0.8194291,1.37847,-2.5138993
-58.582924,138.68192,-36.774643,58.82152,-12.090788,22.998363,-3.6403313,8.468267,0.3197836,2.5951045,-1.1186996,-0.9262493,-0.8731045
-82.11158,167.87315,-32.425865,46.855537,-9.118819,13.104263,-9.354896,12.543204,0.7531734,-1.5496308,2.5897303,-4.5209274,3.0495243
-71.40801,159.45871,-39.79989,48.740284,-14.180496,18.59017,-3.8805172,10.998744,1.7645173,-4.9673,-0.29009545,3.9050338,2.860273
-61.274307,149.99075,-32.767635,45.776985,-15.044945,19.526798,-7.734619,10.758765,-4.5807447,0.6137696,5.0068116,3.6737309,7.563789
-42.621735,124.75072,-37.30336,64.16215,-24.121292,25.297915,-6.8791447,11.76478,-11.395807,1.0170414,6.9891505,2.5501053,1.2228307
-63.986588,139.68544,-42.361923,62.926132,-9.287113,19.43171,-4.2567916,12.179706,-2.6575787,-1.7902792,0.08725005,-0.044589438,-6.337665
-25.411936,108.26591,-34.8152,69.04844,-24.129713,24.339918,-0.79623413,12.241942,-1.1810517,-1.3072456,2.1355462,-1.4976833,-2.9251947
-80.94322,165.5514,-40.694122,44.03555,-7.894992,12.035903,0.82648,11.968669,2.2210112,-2.580575,-4.2710366,0.42713884,0.7556755
-56.15832,145.96342,-32.798927,53.46037,-16.45854,21.12124,-3.0210617,14.681725,-4.9268556,-4.7621145,-9.216718,-0.19408767,-2.0757325
-49.287216,144.8051,-33.95191,53.777634,-15.658288,16.310593,-1.9057559,15.454204,-5.591745,-2.5226083,-12.13852,3.2140124,-2.3882623
-22.314472,111.39494,-38.226524,66.88742,-19.979254,23.477186,-0.21471715,8.7706785,-1.9352578,3.512486,-1.0932933,7.3323727,-1.8042748
-26.840284,133.44084,-43.099182,47.477463,-18.872904,23.9484,-1.3083862,17.346899,-2.7922366,5.793198,6.4982357,19.104584,3.5249116
-37.640896,136.5904,-44.770317,53.183132,-11.440315,29.306238,-1.5015805,9.419102,-0.5001101,7.1262116,5.3370976,14.090224,4.3028126
-17.950615,121.97361,-43.657223,60.365273,-17.465397,32.23003,-9.678735,11.641009,-5.6677866,10.841049,5.005093,17.451702,5.110206
-11.793548,118.576454,-45.76463,62.79556,-2.8660548,27.845146,-0.71934885,12.6383,-0.08363438,9.695597,-0.7216553,7.2431426,-0.27358615
-94.6069,174.14032,-53.84451,47.86591,15.445335,10.966136,8.233935,12.300727,9.351935,0.8159754,7.855297,3.9426134,6.400835
-139.72551,173.30159,-51.337852,28.784801,18.88875,6.5150194,7.8379855,12.852508,11.578336,4.4408703,9.370671,8.29726,8.639786
-134.65028,189.06519,-36.47152,29.109432,20.154001,11.775101,8.471049,10.046662,9.690592,2.6456892,8.629251,4.3851576,6.679683
-162.48537,137.53142,-65.47863,25.443144,4.5909457,4.0235844,8.617934,16.190376,19.188957,8.39608,13.175656,6.698421,7.8266063
-149.18263,163.55957,-47.936817,30.322737,13.294974,6.996457,10.085734,10.504863,8.849044,5.6981335,12.251236,6.2786646,10.325882
-136.79436,192.85074,-36.874195,26.588482,23.53789,12.177851,9.706382,9.637616,3.4460812,3.70498,11.669166,3.2015395,6.0320745
-107.59785,159.26941,-36.93995,41.12232,8.522189,19.118471,9.791056,14.091862,6.0538726,5.1097794,4.143439,6.3138905,5.65546
-120.96805,164.54631,-45.593906,46.719345,8.034378,12.370614,11.158851,11.466084,9.354464,1.9449179,9.619615,4.352544,7.5119166
-128.67754,165.32481,-47.662415,38.8738,9.045171,8.68529,13.889271,12.639471,10.100825,5.4526744,12.969456,4.3741655,8.0988
-147.59232,168.12761,-35.6261,27.168787,7.5679483,11.86394,11.92474,14.048968,9.299029,6.306087,12.28768,4.0144134,3.9953845
-147.62762,148.31764,-49.93823,32.80081,4.4589276,11.875884,10.600757,17.980762,17.06614,7.4811406,10.929519,4.4736104,9.985036
-142.02773,146.39412,-54.114967,31.370779,0.5928478,7.978767,7.945295,17.211235,12.511274,3.932979,8.515882,4.511477,8.560145
-129.54118,177.95773,-31.75006,30.087461,5.9630547,17.03662,7.774898,8.218453,7.3093076,6.293239,7.5807304,4.277394,6.234947
-74.841644,140.70058,-35.626446,53.788235,-10.803406,26.426079,5.0381045,14.427625,-0.51711786,5.152794,2.5168037,8.1084585,7.164968
-37.44119,126.04625,-34.226963,70.550255,-4.2673535,27.665277,0.8534773,17.98805,-3.0223665,4.6061935,-3.9684622,2.4105637,0.6822714
-67.05362,147.4475,-36.41112,50.555283,0.19553503,19.885147,5.0348234,11.680563,-3.6384647,6.4448,7.983949,4.413883,1.2839829
-80.36227,131.15157,-24.82848,48.03289,-7.8099165,20.239038,1.8737128,19.184235,-2.9107301,6.0532637,3.706565,6.244173,0.17429705
-62.570507,148.45535,-17.392391,49.426517,-7.6668396,16.760958,-1.3117598,13.4599495,-3.8403058,6.562644,-2.2658134,9.080131,5.604899
-87.75023,130.71019,-33.95493,46.412792,-9.867365,18.031578,0.7772357,9.052746,0.022906015,6.846081,4.242708,6.6970363,2.6354032
-97.50023,131.65744,-40.645885,42.986397,-1.828471,22.078108,4.948274,10.901142,3.5253108,8.14873,8.762373,9.242014,6.4914308
-50.248035,141.40552,-25.755487,51.442368,-12.153231,26.237467,-1.4428636,9.506019,-6.9955635,7.6888647,1.4151465,4.9274406,4.8352084
-65.37524,141.28908,-29.720098,54.248043,-7.323366,24.86936,5.1328197,15.841013,0.32461894,6.135726,2.7249987,4.8947897,3.3199224
-45.24444,98.481766,-21.619001,57.300785,-9.796261,24.6055,2.2058477,12.949684,-4.5301123,10.636401,-4.335016,8.311703,0.38959357
-68.285545,147.45186,-31.47569,48.423676,-8.02737,19.722593,0.0129654715,15.217565,-2.7227829,2.562928,5.072553,4.0305934,3.586917
-94.190414,149.13911,-23.862852,45.235317,2.9515924,25.206984,6.608118,13.484849,-0.4508494,5.2821465,6.591481,5.4076657,-0.7557222
-71.96968,133.26736,-41.003044,45.17298,-14.47524,15.469799,0.7742041,11.607685,-2.5881908,6.1529713,8.500388,10.025083,6.481647
-60.05429,128.69148,-50.30341,43.217148,-19.504042,16.41785,-6.4123216,8.293015,-4.2597775,7.529929,12.75731,-1.5149597,0.9275665
-64.4655,145.43558,-36.01228,42.320427,-11.951477,21.293049,-0.4845629,6.2268615,-0.39567536,8.356805,2.7634053,7.432657,6.3850765
-73.00284,144.45663,-30.151379,44.9525,-5.4274554,23.900953,4.9682374,13.5596895,-2.2472389,8.779178,1.5030667,2.5545006,2.9859889
-28.569105,112.74946,-23.461744,60.270485,-5.208016,23.495955,5.6867,16.947878,-3.9068544,9.730003,-3.849302,7.1795173,-0.105283804
-56.17541,134.4634,-30.304688,58.977745,-5.3014517,23.045734,2.3820288,8.628216,-4.946427,7.337173,2.3477585,1.5788258,3.4994836
-65.19588,119.06384,-27.507668,50.356888,-10.97499,23.632936,-2.0013564,16.234991,-4.8417435,7.279285,6.470181,8.630778,1.554201
-56.327587,147.42892,-29.201801,56.122086,-0.49546525,30.922005,-1.7817041,3.2537086,-3.2715135,5.0449004,3.1930823,2.963518,-1.2823845
-81.621346,140.58542,-33.24385,49.96446,-8.538648,16.392342,2.0465798,7.3151155,0.18764645,4.6519036,1.8793619,6.975602,5.4737177
-80.72064,125.94273,-41.075527,44.840996,-8.991877,21.415424,2.8705034,14.456296,2.0866456,7.7232184,6.9882274,10.817742,7.6741724
-83.39455,164.75722,-22.302843,37.366676,-7.895367,16.903828,1.4921703,11.578322,5.6047635,2.7593963,-0.12274608,1.896317,0.5464468
-54.932255,126.13176,-33.25161,60.583427,-10.32897,24.454132,4.860974,13.500407,1.4535716,7.749554,0.9985373,4.207434,3.5247986
-46.64036,117.15884,-31.096766,33.017788,-17.097134,14.601192,2.9000173,16.250692,-0.2910741,7.659719,-2.408825,12.829858,3.1457875
-65.15663,140.62148,-31.167278,45.723995,-8.882803,19.943174,4.605501,6.363002,0.66709095,10.811867,0.021116773,3.9191682,2.945976
-79.62464,142.84688,-32.848263,38.81868,-7.218759,19.215334,0.7345305,6.6337643,0.23285812,10.547999,5.158117,8.052854,4.598643
-84.58815,144.75491,-32.82172,29.829031,-5.106403,16.045473,-0.39390767,12.360808,-1.8904355,5.194044,2.5406504,8.333833,6.161971
-55.77656,129.75256,-44.87578,38.442284,-21.089153,13.103997,-2.7461627,9.842001,-2.472522,1.6341583,-0.9872589,11.269261,6.2959867
-26.20991,135.43703,-50.13245,52.11035,-10.07376,23.358511,-5.96723,9.659755,0.5981128,7.1945615,1.0058063,7.455456,3.6402407
-13.420076,141.33011,-54.49379,49.28209,-11.309823,24.687157,-2.8116589,11.475244,-1.561612,9.935912,-1.6098877,8.125901,0.72687024
-24.314344,138.42926,-53.74464,53.237003,-5.45315,26.889236,-1.8322297,14.236941,2.2230184,10.653234,0.2191351,9.34511,0.73787874
-63.80757,107.80765,-46.3525,60.48169,-0.7986002,21.25648,3.177812,9.411359,3.3512862,5.1336365,7.1877365,4.9792013,1.8363105
-10.551167,115.4324,-33.612488,42.596237,-3.4225607,24.839235,0.42891037,19.757286,-1.2121347,12.081797,1.1267371,8.878171,-0.44175258
-24.227556,119.36056,-36.573418,29.307981,-6.276023,14.68683,-1.2013342,19.540716,2.682356,11.027987,1.6632848,9.84925,2.613968
-45.258617,80.44978,-38.132217,20.840527,-2.5892768,19.579887,0.34575182,9.795536,-2.6982028,11.314426,-0.07886556,7.6711483,-1.9679252
-23.083412,104.887085,-36.946136,36.079338,-9.868516,17.443766,1.4225321,20.311476,1.0711765,14.109274,2.0133867,12.928895,1.5332904
-12.87835,126.85489,-34.907078,32.591988,-7.466402,20.604994,-4.647233,24.11926,4.119757,14.056542,1.3338085,11.634176,-0.81097376
-14.69106,131.73477,-42.510445,37.54733,-6.836837,21.497906,-7.2534294,16.691715,-1.1186615,10.062266,1.2236366,12.26033,-3.5590963
-49.25202,104.53428,-24.752844,44.166946,5.939958,22.854383,-2.8153818,16.50963,-6.0738864,9.046704,0.22845015,10.434156,-3.5642338
-4.5445414,106.83959,-36.309795,52.009106,0.801233,33.147507,-1.6279705,13.158044,-2.3315592,9.769483,-3.319535,9.208395,-4.2041173
-18.587595,119.18533,-23.114912,39.135704,-6.3464775,25.419952,-10.307914,16.817293,-5.083902,10.328255,-2.5603142,10.054697,0.73777294
-28.716692,98.90518,-29.745691,56.493954,-14.4512005,24.601215,-0.05540831,11.900333,-3.8061428,5.276937,-0.8435252,13.273441,1.5431072
-18.77642,127.69505,-51.305725,51.979572,-16.080803,28.46127,-5.729701,12.899644,2.4267693,14.7539,11.212098,19.42686,1.5606525
-31.659544,135.1039,-54.23849,47.231697,-9.132887,23.266739,-6.0119305,11.735477,5.439275,16.209452,17.380934,21.072113,3.7368398
-16.280085,137.73438,-46.23547,52.24821,-12.63128,22.047594,-6.243331,11.292881,1.3843155,12.796918,4.514544,13.5466795,0.7373434
-12.273865,119.938065,-38.004467,65.67821,-11.628326,30.732328,0.77625984,17.086103,-1.0677339,7.698122,-5.5329995,8.897921,-2.1704507
10.419673,109.11528,-40.683083,47.571396,-8.073268,24.47564,-6.882068,11.48346,-7.6222577,2.8033485,-2.6330287,12.146261,-0.9601963
3.5436635,122.06861,-35.247242,41.439392,-5.615228,19.438618,-4.36052,16.130291,-0.93035126,10.651393,-0.50827265,14.300223,-1.6280695
-1.7638909,103.258514,-31.178524,53.369667,-3.0150583,24.753616,-1.075427,14.532834,-2.0570724,9.222616,0.29946437,8.932804,-2.4455173
-4.96554,115.48625,-35.10454,49.088596,4.168192,25.206194,-0.89228517,15.630469,-6.174847,8.701066,0.4693333,11.308913,-4.2222
-0.16888295,119.72781,-35.268215,36.641518,-11.579917,15.376378,-2.6662006,18.005812,-3.557067,7.707103,-0.59282196,14.820705,0.9607629
-9.801085,116.54172,-31.721071,47.8506,12.795387,20.870546,-1.6986625,17.900543,-3.1099288,7.818947,-4.916641,8.170422,-8.18493
9.858249,108.09468,-32.02948,46.794662,-11.217953,24.160065,-3.9549224,18.237406,0.818731,10.021683,-1.32222,13.560303,-5.0013156
-4.853662,131.38544,-30.831858,33.67937,-3.2789314,9.234603,-4.953535,21.169209,-0.4558063,7.508613,-3.8027563,12.191025,-1.7352105
1.1532637,122.04636,-33.943195,43.637318,1.7660629,18.941013,-0.5280089,13.847214,-4.9807873,5.4874043,-5.8652163,8.827113,-3.0487626
-0.9231232,114.38281,-27.559658,39.527294,-2.2126074,18.25189,-0.40614364,18.262115,-0.254579,13.690323,2.5618424,12.873361,-1.1069713
17.919165,92.76595,-29.641241,59.730553,-13.131011,27.707472,-2.4537148,12.143339,-4.0345,14.8891945,-3.058707,11.387502,-2.480127
-2.1831734,111.96243,-35.18412,36.33957,-14.534208,17.801542,0.33680642,22.418514,-1.3482648,10.406221,4.333965,22.633205,-0.2120336
-6.724425,107.38433,-36.52269,45.270172,-11.392108,21.475191,-6.6209803,11.003206,-6.0913925,9.839843,3.1614676,21.616957,3.2488127
-7.6593595,111.44397,-32.56324,39.56029,-8.430965,18.997292,-11.677087,10.011938,-11.635494,5.16756,-0.49155778,18.357386,-0.37395042
2.0021338,104.673775,-44.355846,67.45119,-6.425989,31.438936,-6.733327,12.022563,-7.6940136,9.935584,-6.6741843,7.6359124,-5.257617
8.673357,98.86416,-43.332962,56.934788,-5.8593197,28.603003,-2.8132446,16.903374,-2.7525957,10.273685,-2.0199497,6.927429,-6.620521
-1.5090154,117.78076,-31.748411,51.375584,-3.6323578,19.103508,-8.4311695,14.398461,-4.2266994,10.927104,-1.9214005,11.144366,-2.9574602
-11.435419,131.86745,-22.473087,38.767197,1.9863684,12.744044,-4.139238,17.301922,-3.1369033,6.902201,-4.898449,8.140661,-3.577219
-2.6934204,113.93525,-29.404284,43.055714,-2.521489,21.392756,-2.123268,18.527935,-2.018238,10.816077,1.8999802,11.865546,-0.19082218
4.2854934,113.02583,-33.83032,45.803284,-6.905561,22.366371,-1.2384119,10.982157,-7.703494,7.0485315,2.496734,16.329527,2.1333914
-4.0925756,117.86877,-34.357414,48.650375,6.083758,17.652878,-1.7529598,10.96333,-6.097459,11.372117,-1.7010899,11.015341,-2.0781226
12.012904,96.25214,-35.47377,59.27855,-7.57456,22.369505,-1.2016464,11.608024,-1.9614106,8.774683,0.48456386,11.313013,-5.149164
-15.63898,124.79557,-29.006836,38.764156,8.096404,17.880186,-1.9100949,18.9929,-6.386261,3.7397926,-4.5817466,8.000041,-6.1141405
-13.444452,123.11202,-29.520798,45.857224,-1.6943464,17.205956,-3.2867482,16.643543,-6.3769007,3.9778254,-8.640802,3.7803583,-5.799515
-21.679823,131.28447,-22.379707,36.51632,0.6228131,14.106954,-3.3504713,17.006195,-5.671802,4.4062014,-6.070964,5.4406147,-5.6762595
14.936161,102.40525,-31.368177,49.847885,-5.445086,24.48916,-0.93146116,12.993147,-1.1780424,10.136523,-2.6339095,8.980309,-2.9052176
-6.3233356,110.31848,-39.65419,35.037914,-10.995551,18.971712,0.41971123,22.405905,-4.4756227,9.04727,3.55933,20.952085,0.7891134
-4.425704,106.51565,-36.59861,47.477116,-12.291528,22.73006,-8.516853,11.307926,-10.083007,8.6816845,2.1000352,19.098478,-1.4077826
-1.0163361,111.25793,-32.98634,44.797092,-8.439742,20.624952,-8.056206,9.247468,-10.640031,6.820277,0.41155535,16.13952,-0.18038523
7.1535497,99.263596,-30.456219,55.303127,-1.8811202,29.814981,-2.9886599,15.037787,-6.5188813,10.350192,-4.983629,8.38341,-5.4242973
-64.49511,146.53992,-39.932945,59.784573,6.0715547,21.451685,10.087301,5.799479,-2.482263,5.914059,1.3167895,-0.6846701,0.10688235
-130.94383,119.786385,-49.33752,36.022522,5.623296,10.846831,3.5621514,19.393919,10.382158,12.869368,5.690776,5.0369534,2.553123
-103.66501,162.2587,-29.675938,39.107227,15.264575,18.789133,5.7354712,13.040086,2.6241455,6.0000134,5.9764886,4.790872,2.950827
-125.284805,139.60168,-44.061363,35.797527,7.6792994,12.516921,3.0668385,14.613965,5.038804,7.4485693,8.106747,8.677414,9.505797
-83.596115,126.25205,-36.831863,52.648193,-7.5204973,25.203573,2.104299,10.974754,2.2095923,8.922729,6.1055818,13.853836,6.488118
-69.04453,160.461,-30.50818,46.06479,-14.855196,16.65778,0.63437295,12.844765,0.5757746,7.820791,4.0637417,5.268722,3.472458
-36.630333,138.94278,-37.05103,56.637344,-10.647196,22.733532,-2.2817738,15.998218,-5.426147,8.090252,8.2689495,11.0103,4.6438055
-19.46881,107.104485,-22.978857,52.840294,-12.171767,21.785057,-2.6111934,13.440133,-0.51788604,2.9364994,-2.285746,10.997443,2.3441775
-49.032986,106.81661,-27.738798,71.53095,-24.071377,27.74961,2.5945084,11.094046,-2.5224931,8.982553,5.5310826,6.118076,2.6373632
-83.390434,130.7376,-28.629807,62.716434,-8.287403,23.639708,9.971256,6.7288327,2.2188704,9.454843,2.9389155,4.0384774,-1.3675126
-63.880787,117.64537,-34.21636,57.625244,-17.220959,23.983673,-1.0165482,19.198183,-2.8264794,5.471117,10.404182,6.160548,10.16657
-88.39719,105.97694,-45.25643,60.347317,-12.89844,22.762892,1.5486504,15.0068655,6.0390058,5.5638266,10.751743,1.2133138,2.265998
-93.73937,147.33673,-32.762863,42.4588,-6.7737336,15.586731,6.2666593,12.981873,8.040992,4.860086,5.9801984,7.772907,5.745373
-53.137173,134.84297,-27.327456,52.943554,-14.82702,30.663784,2.0318105,12.94769,-2.3011675,5.3549223,5.879814,3.6100974,5.75577
-42.312706,105.65846,-29.193867,58.972984,-6.293325,21.439178,0.3718375,13.042123,-2.832438,7.803757,2.175546,8.06346,1.6741376
-46.272858,125.131805,-38.8345,69.24675,-7.3067627,21.17192,9.119739,10.37797,-0.9968535,10.504716,-1.5795027,3.655928,1.8363961
-86.179436,128.187,-34.269363,56.171616,-9.125423,17.717937,1.9786018,10.266505,2.9218857,8.778042,6.3898244,6.783707,3.5354638
-43.240326,133.75677,-40.6844,69.57685,-4.025044,22.882961,6.5554447,8.298949,0.062861286,6.863615,5.148166,5.34431,-2.663277
-60.73857,103.70601,-53.261024,50.830498,-13.458482,22.861897,-7.746626,7.425223,-5.905861,4.9241066,9.867226,0.948337,-3.8040838
-70.46035,135.62508,-35.9613,45.754196,-1.1784097,26.832977,2.8904045,11.147693,-1.0605488,9.556148,6.4004955,7.664808,-1.6169353
-41.865383,141.56754,-24.039305,44.89902,-17.1942,28.393927,-2.2610686,15.144212,-1.7802181,9.046557,2.120699,9.813567,1.9244397
-48.991013,137.22847,-33.552914,52.31844,-4.333307,29.333149,1.2145407,9.116814,0.37314588,10.998081,1.9946532,8.67079,-2.7243118
-39.767838,125.042755,-25.683275,50.7091,-8.085725,26.72648,3.4171512,14.4357395,-1.6285361,8.797741,-0.23677617,11.126136,0.633411
-43.93004,110.37154,-30.886684,68.16197,-17.08063,27.404547,2.3420146,10.580895,-1.1785532,9.085809,-0.87782323,6.4358416,-0.56227565
-69.94386,140.99559,-29.814365,57.21364,-3.3405411,19.285984,0.9229042,7.908338,-4.292203,-0.8684803,-1.3267443,5.2612214,-0.9650661
-89.26994,146.13756,-28.528227,43.513287,3.4047668,22.553501,3.4907408,10.702726,0.8741553,6.6384583,0.04013865,4.64107,2.5364542
-72.60865,113.720795,-40.53888,55.10396,-7.541664,23.80771,0.9867174,15.183615,3.6100175,10.3408575,5.46391,7.8119097,0.49432048
-59.874294,143.27666,-38.212185,45.230373,-9.947547,18.67081,4.9717517,13.984008,-1.1502206,5.601938,0.31919423,3.8789215,-0.4031578
-52.417515,142.49506,-29.817263,50.48506,-8.565215,22.943548,3.1352322,13.66027,-2.4442694,8.849778,1.2979442,0.30200118,-0.401764
-23.471418,111.98984,-35.13023,53.972992,-12.315162,16.837595,4.86171,16.241018,-2.428366,8.084313,-4.129424,6.6324887,0.20203584
-51.154053,144.86818,-37.83529,45.730606,-9.479798,16.971495,3.5104885,18.51932,2.0201468,-2.4133222,1.1445702,9.908651,0.055213176
-79.92905,121.89969,-39.96979,43.784195,-14.138585,23.994127,-0.97258735,8.7338915,2.8382788,8.3886385,2.2831864,-1.3646022,-1.4745239
-45.434597,139.95642,-27.165735,39.688084,-1.6654152,18.909632,1.3523085,10.855153,-8.310651,5.3163342,-1.486582,10.377451,2.9384978
-46.987377,103.037895,-37.809193,27.760057,-18.772364,10.586754,-1.0364921,15.685274,-6.8765416,6.8986306,-1.4610802,13.171117,3.0470974
-42.19768,120.01844,-40.085266,45.895718,-17.814754,19.321165,-1.847693,12.826587,-3.3600876,5.853579,-2.9399297,6.220645,0.21709669
-16.527084,137.75475,-50.65819,51.878536,-7.587965,26.296888,-2.5971253,11.497254,1.9367818,10.704389,2.2523942,7.4617677,1.5478501
-16.53795,139.7917,-53.78494,50.010593,-11.443035,24.971558,-1.4179592,13.8218155,-1.9467694,6.5344954,-3.4997952,10.908551,2.950177
-68.83204,128.94856,-49.471275,53.918705,-5.2240944,26.214153,2.807903,12.68612,5.3010297,7.3595867,0.22019671,6.3398905,0.03588723
-11.695916,100.37691,-39.70646,63.08676,-2.1811063,28.077333,1.2735735,9.562051,-1.4169501,7.0028176,1.4396256,7.1861615,-3.2508368
-15.198193,129.38673,-36.503178,33.539387,-12.128006,16.536358,-1.3637291,25.320343,3.2581208,15.905634,1.7719567,11.461508,2.3070188
-15.662616,106.033035,-38.72735,22.73374,-4.913687,15.139212,0.2594147,11.901929,0.9485574,7.938876,0.6198929,8.906091,2.371023
-57.109386,88.203514,-34.997997,23.141827,-10.135224,17.886066,-0.5572285,16.011793,-4.5392118,11.997536,-2.5074296,9.868649,-1.0240065
-5.54471,127.60193,-40.742283,33.260498,-12.034959,22.327635,-2.7979832,24.331419,4.8722363,10.975271,1.9844536,14.777279,-0.38038933
-11.089857,129.8277,-41.820076,30.48942,-12.10671,19.33999,-7.6711254,25.721016,2.7913218,11.053208,3.7460954,12.236205,1.3588952
-10.597164,132.39278,-36.642574,38.159477,-8.553148,19.939375,-8.255453,17.160814,-2.35898,9.385131,1.7423764,11.075464,-2.9616632
-40.54568,105.9365,-29.270351,43.355537,4.0812087,25.633114,-0.92506677,14.000778,-6.0711884,9.754661,-1.0077227,8.454025,-5.437351
-5.3047585,107.51279,-32.781822,50.427826,-4.2583876,32.2435,-3.1440792,16.795685,-4.217185,11.494198,-1.4564292,9.793952,-4.1306963
-25.510859,115.22589,-18.915308,35.729534,-10.686654,17.20496,-1.596408,11.938796,-8.065351,6.0958395,-1.2338092,13.348493,6.4494963
1.9056911,102.04041,-37.0666,46.585495,-16.051147,22.502033,-3.0294108,7.222962,-2.5116725,8.223656,-2.6262474,11.101816,-3.8586137
-12.0152855,120.91881,-40.38227,40.51259,-13.205873,20.059963,0.93344223,15.306037,3.9783106,13.028769,6.882092,13.511818,-5.2973104
-8.644516,120.538925,-40.732018,38.04119,-8.319443,18.363234,-2.6784658,10.176364,1.8563678,14.629174,10.234816,19.441927,1.9310876
-5.425739,131.36934,-34.82846,51.09161,-15.580566,16.056116,-6.0591025,12.549826,-0.3338024,9.85325,-4.34071,8.7013645,-0.59576464
-4.0967636,107.367645,-37.475563,61.74497,-5.561119,28.777912,1.2269288,12.692735,-0.92162853,7.393434,-1.246387,9.625508,-1.9633777
8.693732,117.72652,-43.871178,49.657787,-7.624885,23.009314,-6.30526,15.921506,-4.088699,5.934226,-3.0641413,13.824416,-2.6971064
-5.0248103,123.75296,-33.12908,38.73629,-5.018956,18.315033,-3.8309274,16.80911,0.55877596,12.612922,2.093699,12.232061,-2.301093
8.120949,98.74972,-31.005562,55.5399,-3.5890648,25.73552,-3.2048397,13.192872,-3.7167654,9.126789,-1.9107099,7.33004,-4.286142
-2.0992837,121.57248,-32.698215,36.83006,2.5785038,19.345484,0.049025424,18.097609,-5.190153,9.570837,1.2329447,12.853074,-2.392199
2.6022635,114.028275,-32.77807,44.04749,-5.961519,19.412352,-2.4350567,16.175161,-5.8555093,4.322389,-3.7302907,13.5309105,-3.9361348
-5.558803,117.82694,-33.34769,40.08398,7.371053,17.751158,-3.7884324,20.713459,-0.9821785,11.446317,-1.0178915,9.980628,-6.366071
11.460613,105.12225,-30.77774,49.479446,-9.558131,25.124866,-3.9238508,15.294643,-1.7175881,9.671352,-2.8979952,11.651818,-4.106773
-9.236482,134.16335,-34.67641,26.776752,-3.5466652,7.852619,-3.9316137,21.780886,-1.2893294,9.025964,-2.4322333,13.3084955,1.0832872
2.699591,123.87123,-33.98101,39.79972,-1.8312851,21.765587,1.1447295,15.646726,-5.792774,8.09887,-1.9650954,13.7203,-2.3805547
2.1514878,101.886665,-29.776333,53.298897,-6.4994183,25.246738,-0.39750645,14.549631,-0.6959547,13.1918545,-0.55198824,10.541626,-2.9628146
13.039453,101.85775,-33.292984,48.12656,-9.74218,23.148994,-0.23577939,14.93696,-5.5711412,13.02902,1.2125295,16.437487,0.08947373
-4.696503,106.677086,-34.713497,39.162704,-13.916958,19.864866,-1.8714466,18.247452,-2.3055646,8.546002,3.223697,21.561405,0.4303508
-10.036029,115.06192,-36.688416,46.75567,-9.74461,21.390715,-9.473362,11.354913,-8.893927,9.82561,3.3895462,20.836868,1.3345318
1.0473636,99.44061,-35.716415,44.10914,-11.875171,23.871552,-8.345072,10.562777,-10.470134,5.824161,-3.9784632,13.766295,-1.1992443
2.906371,105.52795,-43.237236,65.079056,-0.5609505,30.009758,-2.0065966,13.046338,-3.1157653,10.43029,-4.0645523,7.3380666,-4.377236
5.5352693,102.32992,-44.106804,60.370834,-9.248745,29.318308,-4.2077765,17.460606,-3.6257398,10.447922,-0.81531465,9.133928,-4.7384176
-13.966187,134.86108,-24.87386,42.42998,0.43986422,12.287051,-8.227075,15.110883,-3.6785262,9.545911,-3.1175385,8.1906,-4.2243633
4.084315,112.64484,-23.391943,44.587112,-1.7105927,21.774157,-2.4553807,15.928263,-5.1822453,7.4275045,-3.3495483,10.577994,-1.1351367
-5.154364,120.59602,-31.399124,36.149933,0.37766466,17.979675,-2.7849834,17.442924,-3.6582353,10.834058,3.4060895,15.574079,-1.2896484
6.7326546,112.333015,-31.815855,51.506195,-5.5699334,21.627449,-2.0576897,9.920142,-9.248583,5.2488604,-1.1412245,14.646281,-2.0660393
0.77609175,105.84624,-35.360485,53.48149,5.195515,16.96711,-0.9293342,11.562893,-4.0585694,13.12452,-2.140064,8.1284075,-3.4700632
6.544134,103.7394,-31.12058,52.658573,-6.1896787,22.14626,-3.6498427,12.506927,-3.7460463,7.9238267,-1.7506115,12.002421,-5.8261976
-18.309853,130.399,-27.364073,36.686424,5.331033,15.139213,-3.2365026,19.98491,-5.0234976,3.5443797,-7.593687,3.4389844,-8.101879
-10.777486,122.15411,-27.214113,43.42746,-3.3050683,19.951569,-3.358754,15.537228,-5.2064443,4.1809187,-8.137867,6.693883,-3.3494031
-19.441957,129.2491,-25.382906,39.55543,2.1607108,17.784538,-2.174423,15.986462,-5.0541162,4.7216234,-5.812721,5.528925,-6.539629
13.589301,102.1059,-34.441124,46.860424,-10.439031,21.343092,1.9443698,17.56837,-1.8726063,10.654928,0.32642773,12.884524,-1.1810609
-7.077038,103.88539,-37.20816,38.882973,-10.954453,19.06279,-2.0454612,18.21015,-4.5329905,8.527022,3.2903605,19.268913,0.5200318
-3.917984,113.230095,-37.812218,50.024166,-11.378925,23.314356,-9.661206,9.126489,-12.162848,5.590505,2.3191495,16.937212,-1.7120063
8.105228,102.74463,-30.654127,47.283833,-10.565076,25.305906,-5.599123,12.199891,-9.954317,8.838661,-0.43384942,16.264875,-0.28470904
7.111928,106.05766,-31.721077,57.36284,4.357976,27.82845,-3.4061449,12.181292,-6.822871,12.17306,-6.255823,6.3282166,-5.7097387
-12.20003,115.66021,-30.957443,57.720364,-2.6514359,32.61518,-5.161054,14.076849,-3.7203689,6.812068,-3.1959898,9.736927,-5.6093187
-48.918316,137.95067,-40.58019,67.97666,-2.804282,28.782814,0.6727756,12.958536,3.1096148,6.449974,-0.6856126,3.4818938,-4.8829727
-42.6607,139.34242,-39.36486,64.87711,-1.5799993,26.706955,4.1277876,11.431126,2.4807687,4.5071874,-2.0267997,5.52505,-0.9406749
-3.7347083,122.96299,-35.705093,63.243538,-9.107501,25.799513,2.8752563,10.767991,-0.59411293,8.380178,0.6938763,10.014849,0.7751665
-4.831901,129.04977,-24.78963,30.073433,-1.0065312,6.256311,3.7104158,14.078018,5.34543,8.3494,1.854724,8.012281,-1.6498351
-1.0398406,129.21332,-35.33255,40.19347,-1.826428,12.871933,2.5678003,13.080209,5.74724,9.009715,4.815662,12.766677,-2.5307877
6.3018055,117.35154,-27.726278,39.382168,7.2166343,18.675917,3.3831978,14.385678,4.6182446,2.7552233,-2.8514998,4.6273165,-4.370523
9.882412,102.6359,-26.784128,46.45279,4.3260527,25.02685,3.2169037,15.969628,2.629334,5.8666325,-4.0421553,2.7398415,-9.104283
7.3252015,100.31662,-26.631254,42.88672,3.1006973,25.95176,3.8847437,13.773033,-2.0361948,4.409931,-8.045112,4.2111864,-8.47458
1.7152438,106.97596,-22.161577,34.29374,10.671823,22.300207,4.5428333,15.719692,-3.2787063,4.3184505,-9.40727,0.9915594,-11.081465
9.048006,105.96889,-25.88069,38.45149,6.570904,22.386612,4.999995,16.588373,0.3541608,7.5751853,-6.544076,1.8680693,-9.980349
9.452374,105.65169,-21.664402,33.69282,10.387483,19.841734,2.6554453,13.638058,-4.7837534,1.5567384,-7.9457045,1.8238391,-6.553656
6.448097,108.68187,-22.590197,38.447598,7.761424,23.722153,2.991354,15.311969,-3.0736063,4.784921,-7.326798,6.2271233,-7.368446
4.144016,105.03141,-19.156168,37.90945,11.036675,22.688,2.6096156,13.044556,-4.079722,4.4589252,-5.6732545,5.15202,-6.3777223
-0.31856343,108.53057,-20.150637,37.02054,11.432097,22.728197,4.6120267,18.270632,1.2902508,8.562155,-3.9055197,4.8897076,-9.093322
1.4519696,109.575874,-19.878527,36.672825,10.866712,24.75761,7.152877,15.586732,-1.3830631,6.3513865,-5.2194986,4.908123,-6.7123933
-1.3744688,110.44947,-24.47418,30.101011,10.844317,22.731934,5.7649293,16.070457,-1.7786999,4.6952243,-7.180831,2.270848,-9.197555
6.782211,106.47193,-29.62035,34.000183,6.8393064,24.047478,5.1945343,15.754113,0.4987518,8.421813,-4.691837,3.0479782,-9.129785
2.3678968,109.23444,-22.601788,30.568956,11.856989,20.53649,0.8548162,14.113287,-4.124708,5.076941,-4.4597363,5.308588,-7.5020113
9.307211,103.52897,-23.696625,35.005795,8.362659,22.13532,5.034605,11.812257,-2.0830266,4.260969,-8.644567,1.0252563,-8.785571
13.011635,98.90525,-23.016342,42.256172,7.9495926,22.126429,3.8914635,8.945701,-5.6348186,1.9617394,-7.6981974,5.91594,-0.7549987
10.862244,101.914055,-25.67796,44.568325,7.775966,21.223684,4.5261035,10.130488,-1.3951606,3.7848454,-4.3684187,7.9126525,0.28702557
13.283152,100.34796,-24.224306,45.74919,2.022102,21.448559,1.1100206,5.8017836,-4.8266687,1.1775951,-2.5789692,8.515568,0.20210347
18.400368,91.94165,-22.779003,35.043713,4.6126776,18.356668,-0.17576317,7.189737,-1.0574023,9.100277,2.6178153,11.810393,-0.7938743
12.695083,95.12639,-18.371834,23.695282,7.8730283,15.275384,4.2341375,17.432234,5.8185687,12.359712,2.992774,5.5687957,-6.1002865
16.731945,94.37588,-21.975164,23.898123,3.6066713,17.752117,8.729222,19.455816,6.473266,9.570311,-2.0364916,2.636894,-4.9064145
16.508974,88.02076,-18.383873,20.089867,11.27335,23.05033,12.125592,17.5911,-1.0446919,-1.8009788,-4.6561937,7.6466236,2.0761812
19.3417,78.41335,-21.922304,20.446606,10.960661,24.318012,10.652083,11.380639,-1.2254299,5.600321,2.10357,8.540939,-2.8223546
17.824217,70.55552,-16.487175,26.684746,18.534575,29.597761,10.510644,8.375875,-0.4141152,13.04854,3.669326,0.5711,-6.4076595
17.55478,85.92559,-23.661566,30.476976,13.787028,24.761072,5.8446927,8.555213,-1.9459878,7.4429216,-0.65835977,1.9287385,-5.267851
20.407583,92.69774,-21.972748,39.909653,7.728088,21.30352,3.4409099,8.800368,-0.97697574,2.2333536,-1.9746349,4.416187,-4.1417384
20.890955,94.2084,-26.990362,39.078964,4.1704936,17.290438,3.0168002,5.099636,-1.8623137,4.3066826,2.8073485,7.329636,-1.3779085
11.610414,95.5851,-23.458149,39.96197,9.202117,18.226673,2.098987,6.342526,0.5523513,6.341965,2.3498948,8.666836,1.6539241
17.114826,95.397766,-23.138441,40.150673,6.0379405,16.796673,-0.54787207,7.739159,-2.7096555,4.8721404,1.927379,12.36107,3.6410937
14.054173,105.6174,-26.273634,36.14984,10.93486,11.325632,2.2754042,11.210711,3.8913453,9.170869,6.412166,10.619119,3.8193119
6.9807,103.095634,-24.268456,37.1426,10.163922,13.569955,1.8085946,4.66275,3.2731252,10.146079,6.437121,11.668629,4.4176664
10.408784,100.09472,-25.67627,35.15332,9.706596,14.937698,4.5518894,10.505554,8.081109,12.313531,7.770259,12.029968,1.4271661
1.3001624,93.1351,-28.169048,45.462997,3.1705346,18.85956,5.2400455,0.49971497,1.7932311,9.803032,5.787391,9.473312,0.8136517
10.1950865,114.276115,-32.626057,44.379665,5.637359,23.819376,-1.6572944,7.5859075,-1.7825209,8.562743,0.010382669,7.5614047,-2.8465443
2.3904412,119.9046,-33.457436,29.950644,-14.402873,15.893625,-3.9309418,10.142873,-3.9645798,10.819421,2.4321334,13.669361,2.973122
-4.6885786,85.72811,-37.647556,20.462421,-6.3410063,17.729294,-1.7315949,2.2866132,0.28860396,8.609146,2.2376428,8.181394,0.57175857
-16.329605,94.59506,-37.781395,28.368454,-15.07312,18.722702,-4.0033107,19.500925,-1.7009811,11.592433,-0.07814709,10.485694,-1.5629544
16.849312,105.52245,-32.995804,48.88213,-12.555929,25.776915,-4.19193,10.392335,-1.3937796,14.23566,4.465567,8.010624,-2.3386323
18.16423,101.869194,-31.85086,48.18998,-9.298547,27.967993,-7.828414,12.184204,-9.578937,16.3496,-3.4944866,5.103601,-5.2952065
-5.8498774,110.7836,-31.81929,45.56437,-5.6282697,24.323866,-3.6636038,12.876083,-4.9228406,6.598785,-0.80549365,9.497293,-1.9534568
-8.073926,114.39751,-35.62979,37.81028,-8.254139,17.256737,-1.2648892,13.624496,-6.6563225,11.457966,-0.41919228,11.215965,1.4229107
6.3668013,119.896095,-35.01508,41.8206,-10.939374,18.43867,2.3242996,11.350196,-4.8373933,9.487026,2.1188536,13.853589,2.1335921
-2.478741,113.56684,-38.254112,42.152084,-29.10667,19.329216,-5.6709714,7.565472,-6.7543592,11.6244545,1.3159695,10.25909,-3.5101812
-34.836826,90.6365,-38.380253,36.742813,-13.283151,18.65338,-2.0110207,12.9078,-3.6230147,12.708225,-0.47178793,9.036206,-3.6872535
22.59624,93.26568,-31.795467,52.632442,-12.338585,31.3843,1.4664423,8.515141,0.19066094,8.741238,0.95534045,7.1340504,-2.4113686
4.2157626,123.75581,-44.39071,33.263546,-16.444445,15.453668,-0.29217443,18.300514,2.4196494,12.749516,3.6959026,16.14879,1.0011127
7.5634604,111.44459,-47.28241,48.49732,-24.105747,26.488739,-7.238559,14.495118,2.077998,11.95354,4.0034785,14.211615,-4.5463896
-6.73524,107.18397,-45.646446,47.981583,-21.973671,20.070156,-8.384907,9.148146,-4.4268923,14.133859,6.5368476,14.484204,-2.7570593
0.36107656,119.03697,-36.87808,45.528946,-6.7922626,25.676989,-0.56131214,14.74081,-2.7330701,9.921968,-1.7224313,11.23001,-1.7183753
-8.426996,134.68924,-36.079357,30.220133,-17.785604,14.404776,-1.8408673,18.629921,-4.3613224,8.75988,-1.1151402,11.779548,3.3867953
-16.043566,92.22397,-41.93702,16.17374,-1.3467263,15.111334,0.4328051,8.219556,-1.0720733,8.4751625,-2.2424338,5.352409,0.16872439
-17.767965,100.43327,-44.273388,29.21132,-18.12483,14.226984,-1.2707875,14.789763,-1.2752423,12.384881,-1.0133318,10.810728,-1.1275296
5.847636,129.7656,-37.378815,34.846092,-14.7057295,17.251818,-6.0430636,20.172935,1.7863861,13.166984,-0.1279037,10.596125,-0.6223695
3.1639826,131.02373,-41.959,31.497646,-12.7021,15.641369,-5.358088,18.502155,0.2736278,10.762147,-0.8261097,8.98148,-2.7121828
-5.608758,119.896164,-37.23148,37.913345,-6.910802,18.660192,-3.1130605,14.421677,-1.909811,12.314527,1.0236164,14.345581,-2.8944664
-7.889075,102.80062,-34.234325,48.41019,-5.456003,23.053896,-1.8753681,12.791847,-3.6980767,10.312849,-2.1029484,5.7309117,-4.772274
2.5930486,111.86126,-24.05993,41.540123,-8.07482,27.642538,-6.5978656,19.215334,-5.5231085,11.898391,-5.1076736,9.141563,-2.3226748
-22.93065,108.3966,-16.985409,42.96148,-17.780853,18.159435,3.05847,8.945614,-5.436903,7.5838394,-1.7226131,8.637805,3.6263669
5.4216146,104.85147,-31.404327,43.05913,-15.32984,22.003931,-1.5225259,9.215027,1.6444056,14.820463,3.8310764,12.928519,-2.3283257
-8.758903,118.079124,-42.93086,35.595245,-14.37888,14.796431,-1.0684178,14.575049,4.8306007,17.641232,7.6228533,13.184742,-1.7289588
-2.268276,113.36467,-44.943653,34.4259,-9.808446,18.178328,1.5818075,19.0874,3.5541732,15.557634,3.50004,10.107268,-6.1026077
9.09235,117.254906,-39.597317,34.5792,-6.871216,15.5271,-5.1368623,9.093656,-2.0224946,15.258495,4.202983,14.954214,-4.7077575
-54.59798,136.34448,-41.121902,29.901407,-5.432295,10.119218,-2.4665694,8.266279,-1.7761371,12.26119,6.9355617,15.1927395,3.3198302
-101.49963,146.66837,-47.261635,26.499716,-3.6945815,2.9517066,-3.089965,7.6270995,-1.5719776,6.9005213,3.9929998,11.210219,5.0490246
-111.33406,148.48306,-53.356026,24.186897,-1.6505792,5.8359203,-2.4106991,7.587242,1.2909582,7.4429903,3.327497,6.9064827,5.088704
-125.18111,155.52594,-51.118477,27.568922,3.84452,3.9683607,-2.7887998,5.8673277,0.030446474,2.0014658,3.4455986,7.6817594,6.9410734
-131.62321,168.7995,-51.971386,22.648895,2.6074464,-1.4659214,2.6615756,8.880841,4.4358954,-0.96450335,1.2115592,2.208577,3.8597312
-124.454636,167.22395,-52.504047,30.312746,7.864679,-0.6541857,-1.5272111,7.9706626,9.06234,-1.082206,-0.7087343,3.277737,2.1659827
-137.93663,168.13837,-46.95526,26.025059,9.96087,2.8114247,2.9920995,10.308677,8.943961,1.2494998,-1.1755767,-1.1544919,2.7275906
-142.72987,170.83035,-43.741528,27.355078,12.240845,2.4543765,3.2979686,9.412554,5.131012,0.15752456,0.71283364,-1.2481753,1.354188
-140.12045,172.92856,-48.106083,26.927021,8.806097,-1.7712848,4.851366,8.098398,6.660971,2.737871,2.2159257,1.6797845,5.031223
-135.73761,169.96588,-53.662693,29.61091,10.601565,-2.0430224,2.285742,5.3143377,7.7486577,1.2507781,1.611208,3.6119027,5.317784
-140.44205,167.43903,-54.994102,26.157318,12.30622,0.07412744,5.9200587,7.7144456,8.959639,1.1298468,1.2155176,4.1165433,8.102406
-141.51234,166.6006,-53.582005,28.150383,10.447708,-3.002903,2.9825637,5.9751487,5.0496893,-0.52589476,2.4265082,4.0437174,7.626235
-138.72076,168.6201,-55.30191,25.58291,8.936277,-3.6849444,5.0883226,7.361362,8.693121,2.0126638,1.5425262,3.135551,4.95987
-92.573235,131.81654,-49.171074,49.207672,-14.170017,12.276158,-4.606286,6.544066,10.621892,-4.596969,0.3569672,4.004062,-1.6106857
-34.73304,107.81866,-29.28846,60.55143,-25.004614,18.513306,-9.607587,18.878172,-8.129326,2.082631,-11.048771,-0.034767233,-1.1845565
-66.69881,137.66174,-37.808178,53.349575,-19.326351,18.979887,-8.057917,6.494969,-3.603348,-7.5074883,0.9761332,-1.409716,-4.5702314
-70.391014,152.86615,-36.169827,43.61301,-10.028402,18.642881,-3.5571287,10.378782,-6.425528,-2.7335358,-2.0300562,-0.2926056,-1.6100874
-30.699598,108.1023,-39.436954,62.393623,-18.836884,29.212893,-4.553065,7.7688336,-2.724125,3.6300843,3.359772,3.2730072,-3.3560247
-58.028275,129.69147,-35.30657,55.308758,-11.070592,27.990126,-10.884964,7.675549,-0.57694614,1.045929,2.9250796,-1.9445549,-0.26397657
-46.032566,147.39594,-28.785446,43.964256,-20.304337,23.114027,-18.57632,10.475338,-10.208693,-2.5758393,4.0982294,-3.0378416,-0.46798334
-72.36392,151.85576,-35.265224,56.3896,-5.144803,24.36278,-5.301952,8.809081,6.480531,2.230723,-2.0987399,0.33817285,-2.1502736
-24.821064,108.37686,-33.079063,56.688618,-25.627092,29.549961,-5.359645,16.206512,-3.8233976,10.201069,-6.4141173,7.1667743,-0.8826704
-49.71884,139.55966,-36.966423,48.576942,-12.340847,20.5774,-8.630472,17.019148,-9.351624,5.2258053,-3.6915662,4.7680354,-2.0573256
-68.9582,163.23349,-30.518154,34.18496,-12.943308,17.382246,-15.856934,14.989668,-8.785968,-7.479533,-5.4939914,-3.4565966,1.7170868
-64.13349,157.6178,-39.191612,45.30082,-12.508347,19.756401,-4.5858765,8.080666,-1.1144637,-0.6915594,1.3563788,0.006776348,-0.83708316
-30.689482,101.23779,-34.757324,68.509285,-26.15158,26.543423,1.0756758,8.392937,-1.64595,2.5272055,4.3588104,1.1197634,-1.7943391
-49.764732,132.87338,-35.61669,52.463894,-21.595055,21.870691,-6.181619,12.529138,-7.0904484,0.3422894,1.5960181,6.05276,1.2997953
-74.66104,153.19115,-38.342293,38.5767,-11.389472,20.506245,-0.96910185,10.178062,-1.1462308,1.748892,2.1478233,1.4542892,-0.9293157
-78.836845,166.37173,-33.611557,41.768723,-8.693228,20.020699,-10.806548,0.83773226,-2.9085069,-3.4544694,-0.6924317,3.4720628,-0.7525994
-43.298313,115.57608,-30.600677,56.186653,-19.726835,27.281755,-5.7233644,7.602036,-4.888952,3.6817787,-5.1137705,3.2334545,-2.7711427
-55.74901,131.66444,-39.719337,60.20488,-14.168616,26.031076,-6.225416,5.648059,0.5883766,3.969066,-5.2907295,3.1010888,0.19426642
-63.09966,140.97516,-33.959747,54.391895,-15.26124,20.27869,-3.4697816,8.466706,-2.5340343,1.8524162,-2.216582,-5.0759754,1.0637993
-61.397297,161.49417,-27.50507,43.53937,-21.424505,19.889267,-14.746239,10.548166,3.067932,-1.2236366,-4.1794353,0.91385126,0.024229366
-57.965366,143.80507,-34.58647,48.460445,-20.617006,21.88609,-4.7227798,10.030506,-4.206682,0.42641938,0.98635423,2.358978,4.2564836
-46.819057,124.584145,-34.265156,57.783306,-24.753588,21.981936,-7.07193,8.161648,-10.289873,8.936209,5.5712028,2.7360623,2.4889011
-56.76766,137.11105,-40.219887,59.7807,-10.986692,21.022108,-4.6090426,10.321942,-5.9955244,-0.8976185,-2.299466,-2.38498,-5.5016413
-30.909716,98.06005,-30.93557,72.14762,-23.151653,27.787134,0.55686605,13.613174,-6.075777,5.2240458,-1.4476265,-6.376014,-5.8792834
-63.33852,147.00992,-38.233074,48.38193,-8.311114,18.428024,-5.1502113,6.783411,-8.6221,-3.526722,-3.5303597,2.3079164,-2.706941
-81.80279,160.50134,-35.038036,46.82487,-9.275839,16.542685,-0.9606598,9.265791,-3.6891634,-3.316016,-6.022134,-5.811795,-0.29610524
-56.855343,145.48877,-35.398056,56.75188,-11.90111,19.756826,2.025365,14.2984915,-5.9481487,-2.2076826,-10.528215,-0.90624326,-1.1475767
-29.022177,122.86444,-38.972195,63.366093,-16.34401,27.74717,-0.3930073,13.159462,2.9322155,2.478847,-3.374081,4.2949824,-1.8423556
-20.338821,105.465034,-50.637123,54.45933,-23.749086,24.79444,-5.656821,20.46433,-6.17715,6.5262103,3.1349525,16.60861,-0.4148834
-99.93301,105.08478,-74.35796,15.376485,-27.517073,4.220044,-19.673365,1.2453781,-12.744983,-1.2500497,2.150747,8.047912,1.6458203
-98.47398,98.16458,-70.47231,18.09449,-26.337921,8.379571,-24.42996,-6.9755826,-16.48919,-0.2648021,1.5410644,2.79557,-10.476847
-25.910059,89.00191,-51.866222,59.37822,-40.30487,17.337511,-17.526564,-0.89046806,-17.154076,-2.7848113,-9.004713,3.7605329,-7.6099052
-37.488792,102.09635,-42.503784,49.77806,-15.267668,17.92434,-5.4309983,7.9600935,-9.828905,0.118282266,-1.3762857,3.4687607,-0.83892477
7.4004674,115.94923,-38.92158,48.866802,-5.0724897,22.927568,-4.5642653,16.130566,-3.4130824,5.394177,-4.4017825,12.14309,-2.8749256
-3.3176682,113.959526,-31.661352,45.556656,-3.9353144,20.49085,-2.3669958,14.465933,-2.1118853,11.41524,2.1044044,12.302591,-2.90734
3.640816,103.17115,-32.1912,54.74398,2.4914665,26.242216,-2.2645462,14.153751,-3.7348678,9.91993,-2.4472375,7.1199617,-6.661153
-3.4850821,121.433136,-34.10921,33.63898,-6.356705,16.471828,-1.5406156,18.652893,-6.4941883,7.2271543,2.2098968,16.369183,0.17013854
-1.9483912,115.52844,-33.22644,47.747265,5.298152,19.875328,-2.573507,16.654182,-4.038067,5.209313,-6.1995955,9.138479,-5.54491
0.69967943,109.049805,-34.840054,42.72745,-5.5830073,22.796276,-3.6489084,21.035677,1.2497382,11.260207,-1.6653899,11.858617,-3.774368
6.3472567,120.597145,-29.869305,43.43973,-4.2259903,17.622286,-3.6019456,18.926094,-1.6401004,7.456382,-4.5193987,12.515204,-3.4334788
-6.657735,131.01122,-35.118248,36.34347,-0.51348764,11.829485,-3.5973508,15.69764,-3.6226914,6.631125,-5.6404076,9.64506,-1.8037658
-6.511241,127.28255,-31.87898,40.929096,-2.0578194,21.843632,-0.4601581,15.804892,-4.077356,10.431589,-0.94866776,13.806387,-2.0283875
10.595953,94.827225,-29.881458,59.92727,-5.6996694,25.670507,0.70257473,14.199914,-1.899999,11.709234,-3.0019188,7.926575,-3.057852
8.385989,107.35935,-36.235123,41.96197,-12.971631,20.427584,-2.0316982,17.958754,-4.6715093,12.189266,3.8037539,20.513388,1.2108288
-5.8459935,107.575966,-36.245895,43.181072,-14.674839,21.940136,-3.1339996,15.513488,-4.570585,8.908451,3.2822464,23.036507,2.4377317
-10.066327,118.52591,-35.09597,41.92095,-7.4029136,18.848564,-10.677161,10.192453,-10.741251,6.9361687,2.3520947,19.26463,0.41412824
3.2655184,105.324585,-38.01977,62.672726,-9.381474,30.17569,-5.634288,12.847029,-7.7927904,7.333361,-3.360954,11.160917,-1.2098057
8.974795,100.70371,-42.249607,59.64339,-4.7420864,28.5545,-5.587074,11.333083,-2.1449053,12.976257,-1.8192921,8.65392,-4.2312045
5.0266423,102.94754,-38.774765,57.33652,-4.9182496,27.868979,-3.899395,15.551764,-3.521847,7.7303877,-2.6774912,8.009389,-5.1254163
-14.433093,135.50557,-21.869955,38.251934,1.0469949,11.255251,-6.581223,16.288849,-3.250264,7.8268914,-6.071334,6.8180733,-5.0724754
5.280775,112.430504,-25.16978,44.98588,-2.5317512,23.800297,-1.8409,16.474457,-5.1598883,8.054958,-3.1799042,9.212284,-3.3280218
-2.411598,113.679276,-32.70438,41.63148,-2.3266163,21.41845,-2.037204,13.599874,-7.1985707,8.280347,4.4362745,16.757547,1.0985456
3.537876,115.876,-35.12247,51.09168,0.5096069,20.070097,-1.7310966,10.295523,-9.043569,8.75018,-3.210125,11.930859,-3.6813762
4.8831444,100.48812,-34.305004,59.133244,-1.259837,20.421398,-2.8032248,12.528637,-2.1331403,9.982568,-3.2568972,8.365954,-5.5469413
-1.9038388,114.79882,-29.655653,44.625698,1.899211,19.188417,-2.4966867,15.421222,-6.158123,5.7881064,-4.0731473,12.789142,-3.3353338
-23.596647,133.70917,-28.491053,38.74794,2.5633755,13.943186,-3.915624,16.758177,-5.3686147,3.7174528,-7.142282,2.3019278,-6.130391
-19.123089,126.732765,-29.405216,42.764183,-1.1796883,20.825998,-3.2087474,16.16059,-6.0296664,3.1583602,-7.32775,6.0463257,-2.9423285
-2.93292,119.138176,-24.80287,44.501835,0.3705593,19.98129,-2.45185,14.721923,-2.3649156,6.146987,-5.6055417,5.7315955,-5.088478
7.967897,105.03704,-36.571247,41.376102,-9.319796,20.019033,1.9104593,18.541683,-2.813589,8.078985,2.4665942,15.829238,1.0441424
-1.45131,105.286545,-36.90159,41.243458,-13.773136,21.715488,-3.178568,14.620404,-4.9126277,9.279947,3.921537,19.358685,-1.3955802
-0.9952959,110.54087,-32.06334,41.432182,-7.4052033,20.382643,-9.404109,7.122859,-12.4994135,6.301194,-1.4596351,17.136614,-1.7929332
-1.1477593,113.105835,-36.44637,60.334835,-10.0684395,32.28002,-5.294362,15.085517,-6.5085506,9.403892,-3.3371067,12.005147,0.63902426
-0.5615749,113.03444,-39.734318,61.996048,2.7660103,28.62004,-4.282933,10.939979,-1.3207213,10.170295,-1.8875573,4.3150754,-2.53771
16.915804,102.963425,-28.129942,46.94062,6.2736497,17.598742,-2.2219834,12.2622795,-2.6781237,4.366481,-4.6751633,3.501433,-6.985224
-0.8557823,115.86535,-24.237688,36.035416,11.413632,15.955043,-2.5452693,16.255455,-1.8368239,6.475208,-4.2945433,6.70908,-7.4372787
6.1390905,113.16055,-23.649527,41.76536,6.804889,16.523508,-3.022851,14.022444,-2.6687484,6.651629,-5.4769897,6.184781,-7.8203416
4.1520185,112.8162,-24.897774,33.81215,13.296222,12.989574,-2.554556,16.454416,-5.905461,2.3434532,-5.066894,4.8735805,-6.838484
9.828991,108.80136,-27.205462,41.247807,9.737012,15.371027,-2.0994616,12.319356,-5.0317,3.625059,-4.9800243,5.761972,-7.820968
1.3810004,118.63864,-22.222519,32.00612,14.68126,14.027381,-3.067981,14.272033,-1.9383096,6.151197,-3.430977,3.0018346,-10.069184
14.9886675,105.422775,-24.213398,44.072243,8.267596,18.23334,0.13130155,15.0367775,-2.989401,5.879212,-4.421759,9.079037,-3.915274
-5.7896056,126.37518,-22.549458,34.851738,9.706464,11.061632,-2.6416416,16.121923,-4.57222,-0.36489785,-8.745103,-2.111128,-9.873343
-5.2260404,123.17795,-20.352537,41.625607,5.8339567,18.546638,2.0080137,16.748837,-6.4777255,0.09132891,-8.792898,1.5215647,-8.309546
3.1971107,121.525444,-23.146376,38.94331,6.844138,16.781807,-1.2429627,15.713649,-2.635413,4.850195,-6.1248107,5.1881986,-7.6709003
16.770765,109.430435,-32.30659,43.69051,-8.084552,17.041962,1.7375869,18.44271,-4.321275,7.807221,2.2788575,12.436469,-3.8427656
3.726917,109.58329,-31.221289,40.20128,-11.315179,19.070902,-0.566587,16.394745,-3.6206536,9.023086,3.3077528,17.643337,-1.7563018
5.347186,114.54001,-35.63981,42.722282,-12.910761,19.759996,-12.399371,10.56287,-10.68597,11.829522,4.4907193,22.073679,0.13548893
9.824838,110.39719,-37.87229,55.274067,-15.053508,25.970163,-6.117804,12.234015,-5.3565183,11.894455,1.6343001,14.94237,1.450947
10.72859,104.212685,-39.075504,60.32985,1.5471202,30.002499,-4.5377965,10.234992,-2.955414,11.972069,-0.9921635,6.4955564,-6.8343663
14.721105,101.67888,-32.216087,46.56501,2.6832633,20.033195,0.060051598,15.272427,0.15309583,6.0537004,-3.5494313,6.0060496,-7.78569
2.1140509,112.79315,-24.640106,34.598263,12.14229,16.84221,0.5023994,16.054388,-2.6468146,5.96666,-4.085419,6.5264673,-6.1549683
4.871307,112.73106,-22.333643,41.21741,7.7489,18.127304,0.02007816,13.852102,-2.1297624,7.26582,-3.9928727,6.011008,-7.580806
5.086677,110.49288,-23.808418,34.029064,12.949311,13.951138,-0.27714384,19.130915,-3.2732966,3.3574088,-5.135253,4.8714223,-7.0600357
11.579666,108.11428,-25.726755,40.700127,9.776407,16.020224,-1.672531,14.300669,-5.1402664,2.7611032,-7.081696,3.352715,-8.060504
6.3117156,111.782524,-21.046618,33.566463,13.4368925,14.827096,-4.287865,15.562845,-3.6747718,7.337288,-6.514641,2.915037,-9.589809
17.589031,103.413994,-23.691904,46.022343,7.2288313,19.195206,1.4658171,15.759333,-0.93049145,7.2840304,-4.639405,7.698758,-6.8754683
2.638527,113.1366,-23.851421,45.64031,-1.0464237,16.253891,-0.8451124,15.1324835,-1.7080718,-1.1265451,-7.6793704,0.29410574,-11.373987
-4.235304,122.78527,-23.436438,42.086426,3.5180082,21.233929,-0.21398196,14.475571,-7.690563,-1.3772635,-8.615607,2.2242212,-8.099962
2.0375528,120.69589,-21.707188,38.61663,6.1505175,16.825874,0.8475433,16.007849,-2.2814238,3.7297661,-7.337671,5.250726,-6.8889465
15.722291,106.154976,-31.959646,43.471996,-3.345992,21.181606,2.6602874,16.643555,-2.801673,6.6383133,1.8554127,10.583915,-3.4533536
7.4850216,107.21345,-30.487286,39.12948,-7.458082,19.94644,-0.38256946,14.156034,-3.013562,7.555975,2.3272703,15.151986,-6.232272
-1.6823014,113.83971,-34.192646,41.493603,-5.2755437,18.317198,-9.325162,9.02633,-9.439199,8.154302,0.62973785,15.666826,-2.1020517
16.843298,100.58227,-34.150227,50.38403,-11.746179,28.774973,-6.0762057,14.823381,-10.060681,10.130858,-4.8281713,12.872196,-3.2861743
11.126512,104.81236,-29.60824,52.436802,5.9221277,25.624891,-1.1213614,4.5583863,-5.759662,9.315512,-2.221776,3.4730728,-4.6253114
4.4629993,101.91404,-24.448254,47.898205,3.290961,22.756752,1.898884,10.919535,-3.2960262,1.2174091,-3.0423286,6.025189,-1.9610131
15.099839,97.82617,-26.536533,46.223595,3.2682867,18.505463,2.8341296,8.386111,-0.6083151,5.707404,2.1055284,8.996192,1.2553823
17.803608,98.37495,-25.75918,46.45859,3.165319,18.362047,-1.0207635,8.311544,-3.644194,4.818892,-0.23573093,10.84231,1.0417938
15.890552,99.21616,-23.930006,40.729275,4.5818295,15.257652,-0.36191997,6.8200135,-1.1761304,6.327959,2.9617002,9.605976,1.6499808
16.62143,102.34854,-23.032024,39.324574,10.195428,14.980585,3.4451542,7.8257475,2.6244636,8.67871,6.292203,12.4396515,4.237192
12.908421,99.71212,-26.009886,36.06459,7.15329,13.610738,2.7572472,7.6359587,5.4386935,11.370626,7.8373737,10.219249,-0.24205752
22.063452,92.3659,-30.150658,41.46514,3.2580087,16.875841,1.907827,7.666223,4.1120486,8.342332,6.107983,11.28817,-1.4131122
-156.38947,101.26284,-22.692995,47.15308,5.924071,21.28522,1.737878,7.5986323,3.402197,12.13623,9.469448,12.021563,0.22097632
-396.66638,60.48571,-1.1739181,-3.4379396,10.572529,6.6140656,-0.6933002,0.7140562,7.5348845,12.968221,16.18302,15.399966,7.2328444
-447.0684,28.797909,14.275248,4.9357843,3.5275545,3.9899902,2.7818532,2.4671385,5.4932346,10.161526,12.961701,11.428146,5.152341
-466.87122,7.6041226,6.3358617,4.820782,3.5977411,2.988295,3.0440397,3.61147,4.3996716,5.032762,5.157264,4.620627,3.604949
-471.13074,2.0743012,2.0684562,2.058913,2.0459466,2.0299032,2.0111623,1.9900999,1.9670504,1.9422792,1.9159482,1.8881148,1.8587264
-472.563,0.05078081,0.050677538,0.050505627,0.050265316,0.049956743,0.049580526,0.04913715,0.04862738,0.048051268,0.04741024,0.046704996,0.045936495
-472.59894,0.0,0.0,0.0,0.0,0.0,0.0,0.0,0.0,0.0,0.0,0.0,0.0
