-382.87323,11.917739,-0.85882986,33.597164,2.4237993,15.998948,1.6116081,10.91061,-0.8199179,5.1016145,3.1152067,2.6042123,5.9586983
-223.8343,46.363113,-27.24804,35.40395,-15.979149,24.820305,-5.395124,14.478614,-3.5722816,8.376092,-2.9665737,-3.0087817,-0.035525344
-183.31696,80.63237,-55.85597,10.393921,-24.959839,20.523026,-6.8010817,20.874596,3.923336,9.9288645,5.3341827,3.456402,9.407962
-205.79437,61.86241,-40.471542,15.501985,-36.7248,6.1864448,-18.166075,2.3368597,-1.5399594,-1.7560712,-13.635934,1.3551632,0.9250751
-153.80238,69.942505,-29.979742,49.346436,-21.398949,18.030695,-23.483091,5.1086864,-9.045901,0.44059646,-12.796395,-6.3069186,-7.2116814
-219.27005,113.50209,7.4510937,49.891743,25.01451,23.05138,4.508467,9.777892,8.123998,7.821918,5.499335,4.950233,3.4253447
-261.14188,101.70075,27.7362,56.087788,26.434721,25.756994,13.7233095,16.008898,6.309569,11.271538,8.581858,11.772809,5.130027
-173.11523,101.667,-24.333048,41.58336,13.665074,37.961437,3.7355835,11.319328,6.279173,7.4344587,8.439996,9.98269,4.298216
-119.76533,71.215836,-12.64853,60.823788,-5.4316444,35.30765,3.3241918,17.916496,3.8841538,13.67624,1.3905205,4.357197,0.30935058
-119.65543,53.044025,-17.009796,74.727036,-4.407216,31.031147,-14.097906,16.01744,-5.10392,10.019937,0.63518757,0.80172306,5.9557085
-144.67497,88.28324,1.8381344,52.900684,0.1618422,28.964436,2.6203458,19.221094,-0.8417635,5.5956826,2.8836136,9.934308,-5.8511095
-156.48874,107.4557,3.7180395,41.20707,-12.293428,12.811366,-5.468082,22.526648,1.3128856,7.6573176,-1.8270608,13.8285265,7.348024
-158.97472,105.15952,14.211373,54.60827,9.445513,28.145752,2.1321437,16.824663,-0.7897884,9.962033,-0.9855545,11.389423,2.289136
-146.47375,105.76337,-17.541374,63.31487,24.696198,24.574116,-13.815973,8.266974,10.851375,9.985016,-1.5485328,5.923881,0.34311834
-173.33772,113.835884,-21.623827,32.42197,16.98952,29.404472,18.123215,17.735985,10.967659,12.548999,5.128754,10.034639,5.1130457
-289.97504,105.9242,15.914697,34.414814,28.974203,19.777168,18.354336,19.689138,9.88995,10.694951,10.211841,9.528136,7.2222743
-192.3301,96.70482,9.258968,53.583412,13.403245,29.36728,8.748223,19.486727,5.6363106,10.777,2.9566002,5.881482,-0.79155225
-152.38072,93.13288,-12.89009,46.250046,-2.1277554,22.16841,-8.333761,6.0606046,2.4430802,14.3474,-1.4304943,7.429388,-5.223563
-209.2312,104.08764,16.591599,57.462135,24.76009,25.7779,6.2579203,8.255007,4.2240567,9.240055,1.9538642,5.9065523,4.216598
-191.96886,125.4386,16.655336,40.19846,-0.039086808,14.471701,3.7871923,22.840164,5.9688663,4.5701394,-5.5971146,9.282705,0.5401065
-85.04341,73.23144,-6.853068,65.01982,-18.599684,30.39674,-6.3014946,24.879452,-0.29540968,11.292903,-2.1796992,9.569745,2.931476
-111.72908,80.29269,-18.096874,77.77495,12.130633,36.04214,-7.606893,16.468216,1.0620089,13.829591,-1.694685,2.4573832,2.5042336
-134.9573,103.78004,-14.482088,64.37088,17.840961,28.352238,-15.015482,7.4492726,6.2698455,9.953301,-3.833385,-4.418037,0.42613947
-135.68228,102.22375,-29.323883,51.760345,-0.2696029,35.220867,10.344529,17.800829,11.790701,8.361271,6.724647,8.489391,4.044316
-176.25117,98.70475,-14.284223,33.571014,5.7604256,24.408628,9.946619,14.646911,11.079708,11.216561,7.083572,11.854037,8.505538
-154.57077,94.52814,7.4172845,40.85999,0.39642897,29.343483,2.500414,26.048454,1.2889588,11.361107,0.38113642,11.416531,-1.4278039
-189.24507,102.18936,3.8713992,46.17238,6.423405,13.881274,0.93349385,14.099048,1.6110626,5.9589334,-0.50458384,8.95641,3.9975522
-185.69875,101.401245,6.958813,50.229355,8.323202,25.313707,10.022988,18.391724,-1.5606035,7.728841,3.4934628,9.585093,0.91263366
-154.79034,124.58038,-3.5500505,42.018387,-3.3217337,14.69242,-2.7356925,19.39971,7.9520497,1.3742192,-2.0708025,17.640348,8.153396
-110.50878,108.124146,-4.235441,50.3861,-0.4573227,25.692785,-1.9690782,17.267042,2.1797774,9.494924,-3.6283584,7.1181192,-0.25136676
-140.46176,88.91731,-15.500152,76.35246,16.749126,30.860777,-8.898614,9.238639,10.238056,16.627895,-5.0117035,2.3784359,1.8547204
-140.47021,104.49746,-38.680607,35.707516,6.763123,32.30651,16.266342,19.224218,11.282242,15.659569,5.975425,10.134428,4.884737
-323.4027,106.70267,32.48976,34.48711,28.920647,20.963488,19.469936,19.271917,10.710899,10.633256,10.479737,8.781808,7.2995152
-68.009445,79.29151,-29.074665,47.94829,-6.725416,43.57016,-0.45189875,17.146002,-0.18347408,17.573767,4.834948,11.076987,-5.3163447
-121.556206,97.409386,-31.374481,74.47209,22.47127,32.539566,-21.362999,8.569157,8.390809,6.498019,-0.5337713,2.3607867,0.5875275
-115.20633,94.150536,-22.36441,58.873444,12.093174,32.486877,-7.153502,3.9003146,3.7853627,16.334082,3.6878555,7.6131563,7.8904634
-173.78989,122.08984,-27.649456,38.92883,-0.09743593,23.863607,8.503835,4.660426,16.263803,9.22096,8.764877,19.009092,11.805387
-108.83871,99.15795,-6.2970667,65.16005,6.49302,35.13567,0.6252293,8.68933,6.6782703,8.353513,2.4356077,7.7718782,2.6269512
-88.36229,111.45482,-31.80621,54.192055,-7.2495346,31.978184,-13.777948,7.7741876,3.7138772,16.31191,5.7161784,6.057224,4.817262
-104.78071,107.99765,-25.374466,44.474205,-1.6140232,34.230484,-2.639119,14.33306,0.34341538,13.286755,7.2052164,8.976221,5.8673797
-138.131,116.49959,-17.087978,36.980804,-4.533305,32.21612,3.9438615,26.129295,6.410678,13.210658,8.586139,4.508545,4.397656
-118.44892,89.49906,-4.240425,50.449986,-17.68708,36.66389,-3.6193042,17.657118,-1.1701641,12.041409,4.1456056,4.707248,1.3822305
-139.15309,93.50889,-4.3296957,61.519333,0.72684693,39.33212,-3.613619,14.179766,-8.772146,7.830101,3.5852835,7.513159,3.696674
-91.158875,104.6918,-35.06406,44.781513,-14.546344,22.660326,-2.7805407,19.29302,2.957776,13.417301,1.7714255,4.6156673,3.0173144
-105.347916,74.61913,-9.1793585,64.06928,-10.256806,44.741917,-10.4289465,17.393637,-4.7696075,17.729553,2.3786216,8.535459,-2.8945677
-112.97824,116.26028,-5.849157,45.077576,-7.413731,29.615805,-6.71755,11.462356,-7.202532,8.327405,-1.9612342,8.951106,0.15809911
-74.176216,84.49737,-20.755709,61.76281,-4.4424,40.7406,-11.42019,6.949313,-6.9626756,9.843432,1.2436299,12.072649,5.933113
-93.00105,80.48397,-19.710585,55.94701,-20.141594,44.44092,-10.109616,11.467004,-0.34452456,20.37743,9.2196865,11.433569,3.988437
-83.79076,103.67425,-39.108433,34.43042,-7.5143,41.47918,-2.1376603,22.238438,3.0026824,12.924191,2.291539,6.9244366,4.589026
-143.49701,107.54909,-15.153962,42.733932,1.768562,30.902773,-3.8741884,20.119793,1.8750559,13.794654,5.3692856,4.4554777,3.364278
-115.89753,87.990456,-13.678234,61.636314,-5.943173,33.49083,0.6190922,18.271868,-5.0160656,9.350273,2.505456,5.830047,4.2646155
-130.78761,106.58284,-21.763027,49.12429,-7.843318,24.370821,-8.630564,14.22234,1.6436467,13.434343,2.2825403,7.042259,3.6289825
-113.02663,98.1194,-14.34641,52.868687,-9.784429,29.86607,-1.9934108,25.018972,1.8575673,13.583961,-1.3228577,2.4088192,0.3212807
-131.00587,117.00598,-4.949799,40.112545,-16.213812,27.377285,-2.8263283,22.689709,-4.4129963,6.873282,0.022233076,9.308515,7.0700636
-67.95052,110.364914,-18.146587,48.784004,-11.934698,24.764957,-1.4351273,19.226562,0.81686896,11.02867,0.55086905,10.806806,5.584052
-74.64763,100.11975,-32.27292,48.73398,-15.810492,28.562996,-10.652818,10.618885,-1.2559675,12.966296,3.4146044,13.483248,4.6660705
-77.43445,107.40558,-39.317272,42.413174,-8.957489,35.772003,-6.3057003,7.0489383,0.07056177,24.142845,2.5531492,9.989503,7.9501996
-116.2078,113.52025,-16.400894,51.950066,-1.2255569,30.745232,-10.466197,15.114631,-0.09820184,9.966546,0.8948641,6.5370483,3.2012904
-106.96366,90.05279,-6.9676385,72.85128,-12.483201,26.821136,-1.7390743,17.470037,0.34387743,7.1154003,1.6345868,5.031438,-1.8848187
-141.59636,106.4019,0.19941534,48.98992,-10.675543,30.917336,-3.1845803,19.366777,-2.0863557,13.654903,6.934901,7.5166464,4.482569
-95.48819,96.489204,-27.576513,49.511406,-1.8370293,26.631905,-9.052484,13.1812315,-0.91518146,13.571848,-3.9673035,7.1703696,1.2760341
-127.145744,94.31501,-17.890327,58.735027,5.8365636,37.29211,-8.286915,16.35314,0.883707,13.718326,4.6650248,7.324059,4.4255857
-87.34938,57.014473,-2.7242491,71.2719,-21.446104,46.290977,-8.203998,20.948164,-7.865845,17.972078,-2.3448746,4.75099,-2.2801363
-58.30593,104.00953,-29.244913,41.143692,-24.988916,23.376738,-0.7348272,31.887392,-0.29726332,7.3068104,-3.6670241,6.4454575,12.830665
-89.81572,118.84228,-34.819603,23.814169,-16.217264,28.798798,-3.3347814,26.031252,3.4150572,11.441483,3.4163325,7.99755,2.0943553
-139.84804,102.051834,-26.262432,34.04922,-2.1532998,40.748756,8.276499,28.385866,6.5982156,15.3543,5.9710393,6.7301025,9.09604
-170.23634,71.76928,-1.1702785,56.558083,-9.577728,44.327583,8.35141,20.158995,1.5052173,12.122865,9.11988,14.174179,5.0381556
-67.213196,101.21548,-28.365536,40.28482,-28.341717,26.513075,-3.3209338,32.38617,-0.87904435,7.8798013,-4.392941,3.4753428,13.721048
-107.06978,106.64407,-60.71362,10.861312,-36.05236,14.169378,-15.678978,19.312544,-4.20144,2.121644,-2.9290829,7.8702235,1.4873134
-250.1924,124.26332,-17.417673,-10.646416,-12.488528,4.8416038,-5.967161,4.9964147,0.3612391,0.7616134,-0.4043955,3.1557872,-7.947206
-353.62338,115.76799,21.499763,-10.2881775,3.6513503,5.4619303,-4.0687265,-5.127875,-3.3669717,-4.4323325,-4.545023,-6.8461614,-14.644818
-297.12665,121.51293,-1.7269956,-2.747933,5.0605702,1.7449689,-17.421219,-22.917694,-26.865725,-18.26787,-11.068955,-14.958431,-16.400414
-82.32148,87.323006,-6.2619443,24.270555,13.004947,8.7797785,-10.151642,1.5745262,-8.198027,7.541746,5.6268897,10.514633,-2.6811135
-21.661646,79.00495,-25.18824,35.89913,-3.7895525,23.091438,-3.2770343,16.437376,-0.5047646,13.23237,5.7287292,14.615738,6.5564528
-105.825516,89.42713,-17.325644,45.057472,-6.4831495,20.930315,1.0330464,19.85288,-1.1431801,12.228048,6.4222717,15.161778,9.599551
-75.48683,85.906456,-16.78072,43.301517,-2.8660195,23.961895,-3.344119,16.881033,1.1161203,10.203831,1.0126427,1.9864781,1.6770985
-18.181482,102.57734,-29.514177,32.520184,4.3672795,16.823528,-3.0689263,18.30478,2.632529,11.930877,4.51661,7.657782,7.893437
-29.630278,97.32773,-19.990864,33.369755,3.4367094,20.13588,2.7461433,13.221262,4.576647,10.186808,4.1462717,3.5100818,0.51097435
-91.830635,106.14462,-23.781284,41.79819,-16.65937,25.227156,-5.281776,26.837006,1.5233034,15.751276,2.0170512,4.7026057,14.913975
-64.810936,91.58465,-23.33446,46.362686,-14.688109,29.066015,-4.103636,20.179497,-0.055140436,11.170551,2.006636,4.2894473,2.6584787
-48.614605,104.2788,-17.803225,52.425247,-3.551229,19.272245,-1.9733346,19.97202,5.5041447,7.1198525,-2.5306318,6.0510473,5.0899053
-17.283485,103.70322,-21.844028,33.853443,8.14969,20.12599,1.6269178,10.975411,3.1635163,9.718322,2.3372374,4.371357,1.6210927
-125.592384,109.68543,-23.040276,41.906193,-4.638168,33.682957,-0.923543,21.259888,1.568847,16.621046,4.4973283,5.995634,9.181503
-137.80884,113.06544,-6.750946,39.521122,3.1507876,29.461594,-4.8968,5.876051,0.3404172,7.3034115,3.2210953,-3.0792623,3.9649813
-33.34512,97.93876,-20.16363,32.153057,0.7534283,20.3679,-1.5523067,16.736872,6.625315,8.235068,-0.8007987,3.2945433,3.5929058
-44.466793,116.42755,-13.696049,31.879143,6.0237627,11.651761,1.3899069,16.927593,10.610497,5.49411,2.1152258,5.0470333,5.837003
-82.9812,96.528885,-18.397814,44.207775,-2.5754495,30.551579,-7.1740355,6.6075196,-2.7682946,10.153546,-0.49231347,1.0998849,8.193533
-90.07876,107.705215,-31.673578,38.457314,-11.241873,27.240416,-4.101169,10.927623,-5.7475457,14.588508,10.411596,10.090816,10.154856
-25.912436,87.664185,-32.525517,44.39089,-7.1257343,26.718685,-2.722881,12.038098,0.08892434,10.884128,-1.7397195,4.542255,0.8835493
-0.8327014,78.90174,-18.729607,37.864803,4.7638483,19.066814,-1.2472829,18.941038,0.7439339,17.119184,3.701834,13.425671,-1.5441476
-59.66725,88.865776,-31.293587,40.61791,-8.915079,26.345558,-1.812881,17.8309,-2.6417475,11.738364,0.91299474,6.1338267,1.4190075
-149.75673,100.89649,-19.245556,54.817802,-2.702949,28.423443,-3.1867013,22.269745,-1.2999951,10.986792,7.0015664,9.8295965,9.093679
-46.75873,79.31362,-17.014599,40.348248,-5.598501,31.506748,-4.2057257,10.337544,-2.9254928,3.8115714,1.0402321,4.0560412,6.3471537
-12.49585,105.82104,-33.189266,29.39302,-3.4522748,24.631367,-5.2391253,11.009417,6.417526,7.400135,4.9174724,14.426388,6.8938975
-34.83801,100.58324,-17.881817,33.462875,-5.858222,20.359926,-0.12458433,12.94436,0.34162778,6.7838335,1.0018693,3.1753924,6.4774623
-79.27822,116.15823,-33.58662,32.024277,-22.057426,25.788067,1.5625203,22.636051,2.4406593,11.989435,-2.0260546,1.1800554,12.353562
-58.912624,99.1395,-25.386951,44.729633,-14.190197,20.176817,-0.85862327,18.69687,3.8706658,10.532983,-0.3534086,4.013941,2.9357255
-35.5689,98.18867,-39.611603,47.79979,9.844239,21.784483,-5.4804273,10.769561,-0.78091925,8.396621,0.03153954,6.632629,4.609961
-26.343767,106.70618,-18.91604,32.897293,1.4338086,15.444723,-4.3719096,13.857254,0.60835797,6.949877,-3.4624577,1.5559913,-4.1242437
-106.6987,126.216255,-33.27466,37.8692,-11.211776,26.753742,-2.8733468,23.000254,-1.3582387,9.5166645,1.6960591,-0.09251467,3.7770736
-41.19634,118.320145,-45.82037,30.67877,-31.140682,17.488153,-1.4263352,20.743217,2.0332925,6.4943438,-2.276527,2.0505807,7.1435156
-26.394651,106.64126,-33.87405,38.91419,1.2944634,18.733606,0.04136275,13.038955,-0.94093776,7.451377,-2.814828,7.2974067,6.1654253
-4.7735624,101.91163,-20.268423,44.12433,0.46937028,16.718729,5.896053,9.62534,3.0997932,1.3170601,-7.234935,4.634891,0.43047893
-29.746279,72.51301,-8.411795,58.339867,-17.02406,32.038258,-6.7811804,17.825409,1.3124462,8.622076,-8.649238,5.864946,-8.0038185
-38.937725,105.74061,-25.882689,49.64059,-6.3113966,30.32345,-8.3285675,5.259451,6.3550754,1.1941563,6.9119534,5.085675,6.9976587
17.314962,82.04712,-11.2570715,45.78119,2.885995,20.893435,-2.5821874,7.051079,4.238974,6.725881,4.552156,8.61107,6.147076
2.041939,79.92202,-8.411427,40.408955,11.164421,17.937164,-1.8536828,17.019863,-2.6477983,10.782575,1.1966752,12.823712,0.07170197
-31.18152,88.69758,-24.081915,32.07659,-15.434753,20.025688,-3.4200323,17.18592,-0.7555723,13.6008005,4.8468256,14.193668,7.2171707
-111.95826,97.97672,-17.52445,48.266125,-2.0617347,22.232243,0.29739383,18.970303,-2.1049814,12.844901,6.832182,13.369447,6.269184
-34.316547,94.39341,-18.365053,34.61515,-4.5687513,21.131746,-4.8899927,17.252926,2.0358872,9.792464,-0.8240349,-0.5699202,1.9072316
-24.752783,106.62377,-25.117573,35.367382,9.109321,17.546602,0.049243018,13.585932,2.2466788,7.790593,5.5182233,7.417492,7.236283
-34.700695,103.702156,-29.17904,29.974192,-11.20081,19.720573,-1.5295602,16.117596,3.7685997,16.606548,5.9929895,3.9986064,5.005939
-79.78579,115.66909,-19.922306,35.55556,-23.473291,20.88584,-9.547501,25.081577,2.2311416,10.531708,1.0960878,4.8453946,11.390479
-54.874027,94.0606,-19.113138,49.531635,-13.128282,28.27764,-0.011897176,19.629135,-1.7767124,7.1812034,-3.8179483,5.0651975,1.5014724
-32.785473,113.32915,-15.840893,45.774475,0.6265091,13.979998,-2.5384781,17.076366,7.2194023,8.604488,3.2904575,7.355742,5.562254
-34.363014,99.90464,-25.658861,33.066044,-2.1364834,23.635845,-2.4629467,11.067453,-0.86735404,10.923148,1.961344,8.201459,4.559007
-142.10597,116.781815,-13.677097,45.51296,-5.4768696,30.102468,-5.655463,16.826971,-0.16825314,13.0588,2.5215304,2.3931398,10.467621
-89.4279,105.89017,-12.279007,37.675564,2.4644518,29.036135,-6.0593324,3.3638096,-0.8889546,3.3300693,-0.0034481203,-2.778053,0.6485416
-39.713345,119.24344,-18.069212,22.089863,-9.615442,11.140504,-0.4646215,24.760319,11.85038,8.203569,-1.1166172,5.92885,6.9422684
-22.1859,103.73256,-17.603561,35.313717,8.342289,16.883657,1.8240618,11.595499,5.5720735,4.266238,-0.103573166,2.4646595,1.274253
-99.34482,115.15771,-18.717482,48.159878,-3.94515,29.947834,-12.073556,6.9522414,-4.9090495,12.697731,2.996309,2.963018,7.9469924
-60.367035,114.907906,-36.24576,31.252867,-16.994173,23.758448,-6.069353,14.6241,-4.8705907,11.684334,5.6235275,6.587046,6.0560894
-21.409914,89.43105,-28.173468,45.39821,-9.700824,25.466711,-0.80331624,14.590061,-0.41918898,9.296531,-5.504628,3.446121,-0.33227766
6.258579,90.51039,-18.591139,34.252968,2.476121,16.49982,-3.3279276,17.072823,-1.423227,17.915895,6.344632,16.419436,0.3266574
-83.7386,96.11917,-31.76233,42.324646,-10.957382,30.499727,-1.4701505,21.388056,-2.0282228,12.289955,2.3248813,8.338698,4.70539
-134.3023,103.371704,-9.504049,52.737045,-6.93523,28.352448,-2.1367414,17.784052,-1.3869901,6.64486,3.9028232,5.0464373,9.650339
-21.221922,91.97306,-28.164335,29.072945,-5.250439,23.392597,-5.5136213,12.415085,-1.6873027,4.4282737,-0.1771585,7.604858,5.1264257
-17.383295,103.707886,-29.53775,30.270775,-0.9107526,26.196947,0.38189134,9.983952,6.7876678,3.2434454,6.076106,11.279548,9.732802
-50.122673,106.21601,-17.263685,35.921494,-17.10045,23.137209,-4.0949836,20.25059,-0.031250916,9.19382,-1.5868334,2.9855802,10.557313
-70.66774,125.303856,-40.071926,27.389288,-26.256992,23.437162,2.025511,20.80141,3.3825784,14.230157,0.56633836,6.0045824,13.141034
-46.58472,104.59179,-29.724924,50.447464,-8.56138,21.305061,-4.3819795,16.602581,-2.8360405,6.7947145,-5.762604,2.4015255,0.9078613
-22.290758,104.33599,-30.904366,38.6229,7.35301,14.169399,-7.178532,8.220846,-0.121221095,5.1839395,1.3346399,6.316832,5.6863008
-47.079483,109.40553,-18.383003,32.599674,-4.3959203,18.009853,-5.5125146,12.641894,-4.1067514,4.367233,-5.166266,-0.7986132,-3.8534493
-83.10816,131.01001,-43.543365,33.55297,-22.183638,23.82538,-2.141985,24.886988,0.6367504,10.906139,2.2925265,0.9636988,6.162596
-36.3266,120.27706,-42.364296,32.83353,-31.298613,16.483496,-1.245518,21.367548,-0.21155152,2.655036,-6.679642,4.780138,11.062987
-12.488362,106.471535,-31.898438,37.18051,4.4859,18.731218,1.2798735,9.179376,-1.3569466,5.737398,-3.9998453,9.325584,5.8277745
-4.3706546,98.654396,-15.434527,41.427654,-4.330567,14.222145,5.721222,14.160194,4.699528,0.5735316,-10.771373,-1.013808,-1.9916201
-31.467121,78.418335,-17.222744,57.016907,-16.441557,37.98061,-9.885743,16.564995,1.7602133,8.333584,-7.4255986,6.4338293,-4.078314
-20.438213,95.80106,-27.000965,48.854553,-9.820598,29.548635,-4.203205,10.97216,8.276867,4.1225286,8.851938,7.9145737,6.4396276
10.220429,86.249214,-7.885662,42.45263,7.8167157,17.49059,-0.23978697,8.131649,3.0554404,7.0211787,1.2322243,7.546565,6.103542
0.8842159,77.060295,-9.407484,43.38891,5.9458365,15.200067,-4.5147276,15.206475,-2.3730645,9.724786,2.163286,14.2158,5.669781
-75.44748,91.35444,-16.144634,44.65993,-15.530994,18.814856,-6.165585,19.491854,-1.680487,11.581013,-4.799956,8.305219,2.935059
-104.78593,103.35508,-13.431984,48.852352,-13.940529,9.531857,-4.5817323,18.997557,5.575932,10.695975,-3.3469775,5.05745,-3.0659804
-44.834312,95.200806,-17.249525,39.24343,1.1216952,11.898077,-6.139374,17.90721,7.2479377,11.675725,-1.3709637,4.3772464,-1.6444517
-54.146324,108.29618,-15.275348,40.111588,12.944889,14.532134,-1.1780657,13.784395,8.437621,9.215796,5.228282,3.4750993,2.4927213
-62.33429,62.328976,-9.63003,50.214725,-7.08765,33.43901,-3.9405286,15.9233465,-0.38732204,9.727259,1.2949728,2.1281216,-5.8965735
-62.746376,104.26081,-36.429592,53.044117,-8.581515,30.045391,-15.64233,7.6341534,3.0936844,5.2740254,4.2363086,8.8721075,4.4200845
-20.305532,82.456894,-22.933064,61.075405,-9.819068,32.094643,-19.801125,7.5544944,-3.1256537,11.667237,-4.0990157,1.5692858,-3.8899434
-14.817653,102.16295,-23.128342,43.369278,4.1851387,18.499298,-5.904858,12.675241,5.3738804,6.107271,2.161605,5.0037823,5.566872
-60.234318,100.042694,-24.74967,31.92467,-5.286923,21.554686,-6.809473,13.65889,-2.3659568,6.4322085,-5.701658,8.584427,7.012781
-138.77411,114.13715,-6.185387,48.676594,-17.237999,15.526605,-12.516397,19.13813,6.6356945,11.364214,-5.3228936,6.4497714,0.3609536
-85.049446,96.81961,-16.192413,44.820297,-12.678801,13.211121,-6.908882,15.49675,6.5667057,9.397085,-7.6367464,1.5118957,-6.1708837
-43.80797,110.5921,-11.028859,41.070473,10.31969,10.139182,-3.9925034,17.33247,7.078918,8.434388,2.3406131,8.13795,0.54851246
-42.722393,88.48292,-5.9094615,45.55141,6.3948364,14.748376,3.3325949,11.8953495,9.043492,6.6083226,0.29304552,2.1365266,2.5700126
-176.52133,142.82051,-24.150972,23.49865,0.20934163,14.029776,-5.0796103,4.585922,5.98803,2.4385386,8.587141,15.282296,17.91658
-208.84431,118.52251,-13.62985,19.508678,-9.787457,-3.2102525,-22.212538,-0.18431337,-12.963202,-8.603873,-8.556747,-2.6871347,-0.41614994
-180.72958,128.44646,-3.681634,29.470028,-11.194058,13.343396,-9.66853,2.7582397,-6.755153,-8.296128,-11.118335,2.5844939,0.75013447
-109.92324,107.60952,-34.63957,40.37874,-1.1295784,28.923084,-0.5888101,23.266058,13.928394,12.707048,9.763177,5.9295936,-1.3740243
-212.8583,117.18731,36.617107,53.917477,-7.51509,18.355467,2.9131246,22.28127,8.683153,14.128438,9.108228,-1.1585498,-1.3500621
-180.62306,115.20054,21.070795,50.611412,-1.1648501,19.213823,-1.9618669,11.144636,0.9082585,10.9464655,6.6119432,1.2448068,-2.0499449
-126.24616,112.52844,-14.641784,53.11842,7.027296,33.010235,-5.983109,8.512277,-8.323517,9.711595,3.2636325,3.453939,-3.4786544
-150.80728,94.788,-4.2518034,45.459175,5.399219,29.095373,0.16930704,14.267288,-8.000734,5.775104,3.8104944,6.4213166,3.654461
-91.70961,68.34941,-12.150169,68.21379,-18.793911,37.149242,-1.5225816,20.637016,-5.1643386,15.392832,0.65940714,8.703931,-0.23732331
-151.75357,113.092545,6.258128,43.03119,-4.6763206,23.165018,-0.26397088,26.053692,-1.9776841,7.6382923,-1.6807971,8.429177,1.1251242
-81.67291,80.862755,-5.4251046,57.972992,-9.563256,27.941633,-6.7528963,20.372795,-3.5902236,13.356616,0.4642949,9.111974,1.3873789
-154.50366,122.54967,-0.40403828,39.207104,-6.8598084,23.161121,0.34306854,21.850597,8.396305,9.721378,3.0667355,11.173227,3.5738547
-112.94408,111.396484,-37.084934,32.41246,-2.2187362,35.73578,4.574245,22.066338,8.167132,13.303163,3.8747907,5.3617764,2.9956977
-145.8925,116.04392,-14.882015,53.198395,11.734453,25.115623,-12.328628,13.7589655,6.0950365,11.165006,4.442376,5.322122,-5.4533067
-124.21273,109.6433,-7.877763,56.90874,11.037827,30.620386,-12.131932,7.803766,-6.1612287,7.3503113,1.2456379,2.3860412,-1.6577137
-125.35967,74.14884,-6.0464554,60.785366,-16.855135,30.69956,-2.1644447,23.162872,-6.100464,15.179051,-2.421712,5.896912,1.5978839
-121.070175,101.855835,-16.846354,49.00166,-1.4921101,30.400013,-0.9537617,20.882515,-1.7374592,4.932888,1.3069553,3.3521116,0.37401828
-135.73502,108.70415,-19.151266,53.885986,5.9081326,26.27395,-10.249445,13.368963,0.06458049,15.134271,2.4429536,2.4864879,7.4612503
-102.15057,106.62225,-9.747566,58.8537,5.671591,31.725004,-4.7474823,14.525082,1.0605994,10.769973,4.155904,8.079853,2.9021227
-78.32146,110.271255,-34.07636,38.755634,-13.897144,25.858644,-13.577867,16.95524,5.3275332,12.077033,-0.37861213,8.990652,6.069983
-82.26826,119.69699,-22.995533,39.392204,-10.972465,29.095905,-3.691404,19.410753,-0.036098074,8.790783,-2.9670897,11.120027,5.891867
-58.315815,100.741066,-29.298544,61.07479,-8.76815,32.480537,-10.635299,15.427256,-4.604805,9.459768,0.7000143,7.1791363,-4.4063253
-100.04069,97.75996,-5.1264644,75.26818,-17.109419,19.987305,-4.2580805,21.030493,2.8754954,-0.35733667,-3.0452504,-1.2026968,-2.8450105
-144.9163,93.27217,0.6377342,61.06048,-9.822775,27.751574,2.6862993,25.858284,-3.1734629,11.014822,3.3891819,8.01775,5.0601745
-103.58438,100.85544,-22.094069,44.822506,-6.5743594,20.602303,-8.553963,14.951381,-1.52428,8.825141,-3.7992067,2.514971,-2.5850158
-117.78902,99.49774,-18.024988,57.742947,1.5159941,31.176167,-6.698399,15.329114,0.52582306,12.439746,-1.993443,7.2222548,5.51321
-93.698105,59.877514,-3.5032487,70.02847,-19.468151,38.749084,-1.3765781,21.297693,-8.668731,14.454465,-1.360399,4.807811,0.7565557
-72.62762,81.95411,-24.685734,54.822414,-20.481829,21.20891,1.139635,35.412525,-6.397829,3.9922652,-7.584352,5.1026864,20.217066
-77.00427,84.53177,-40.212563,38.960922,-19.800758,35.485752,-3.4158669,33.221684,0.12403459,10.473759,3.3874352,12.018822,-1.4952044
-63.17435,116.990204,-30.910547,31.818695,-18.294512,22.987427,-5.3418393,21.702217,-0.79138005,6.819003,-3.8469486,5.846584,7.9697967
-61.759846,101.91401,-41.141483,36.180225,-24.520277,33.84551,-0.3263458,25.752104,-3.3680325,6.000898,-4.184833,7.3925796,2.9547913
-72.72144,80.74737,-28.152662,49.97114,-23.275646,31.831541,0.48872387,33.13703,-8.263468,6.1097045,-10.191576,2.547398,14.417536
-159.47353,93.93617,-64.03055,11.474462,-20.173702,3.5295033,-7.6115866,25.877295,-9.048653,8.200807,3.0041227,2.0793197,12.740905
-193.43774,114.02158,-51.885265,-5.3142176,-24.714426,-11.357205,-7.3777905,11.744678,-11.480787,-5.9590087,-1.1692586,-4.4870725,-16.955713
-209.31003,108.98452,-38.648056,-0.8718165,-34.422455,5.4303865,-18.06672,-9.761982,4.8740625,-19.063938,-11.680747,-6.4347677,-25.039707
-82.43276,93.34754,-17.003199,47.65771,-7.4486036,17.589231,6.921528,3.5532203,2.5144975,3.2700346,-4.3060045,5.509973,-6.3464923
-3.254069,69.80756,-14.952111,43.49277,8.890202,11.846002,4.060809,14.658514,1.0177914,9.941744,1.2311954,14.540839,8.249704
-14.042367,81.43902,-24.391737,33.30223,-3.7883782,23.000969,-2.9312005,15.759684,-2.01789,11.195764,4.963233,13.836288,6.206538
-104.81595,88.37245,-17.27226,44.930405,-8.969481,19.031103,0.5569962,20.02112,-0.517674,12.802217,5.596857,14.858023,10.045412
-74.46294,88.31381,-16.391842,44.41341,-3.4675758,25.229824,-2.882562,17.689278,0.660963,10.136585,0.9910914,3.7004433,2.4521186
-22.951607,101.69689,-27.739775,31.631794,2.3732755,15.882449,-3.6333153,16.793106,1.7337217,10.00668,4.0718675,5.168553,8.335053
-27.570704,96.32119,-20.680922,33.12649,5.764791,19.57085,2.2403622,12.124154,5.275229,8.338994,4.3140397,2.6577172,0.4438151
-95.92932,107.892044,-27.196445,42.22086,-18.694927,26.225012,-6.2535367,27.241804,0.6273099,16.41563,2.1637135,3.3337831,14.047278
-69.711754,91.68578,-24.918293,46.425575,-15.12674,29.81869,-3.4984887,21.2071,0.554018,12.141979,3.1338525,5.1839714,2.4286134
-48.951775,104.13172,-17.838955,53.604042,-5.895875,21.269016,-2.5121956,21.21752,4.4457912,8.165432,-3.0078764,6.4786077,4.469601
-16.767046,110.051315,-21.696703,33.095898,9.863192,18.301596,-0.533731,10.554547,3.2962902,9.277867,2.4119592,3.1086173,1.5872418
-110.62417,110.26226,-25.88162,38.821316,-6.786932,31.337698,-3.2236931,17.364222,-1.6637787,13.760103,1.8452106,4.800657,6.571266
-149.844,117.21054,-5.5865545,40.477207,0.56776613,28.924625,-6.1106305,8.991702,1.5877538,8.175952,2.102584,-4.0340986,4.0630836
-28.824068,96.13404,-20.148773,31.471016,-0.11487934,22.651966,-2.350487,15.059894,5.2879386,8.679977,-0.47506806,3.2183523,3.1113818
-45.68617,115.608,-14.269734,33.70306,5.6750026,11.232355,0.8057446,17.765156,10.19801,6.5235434,1.1993636,5.220215,5.9560566
-71.697624,97.36544,-19.877115,43.594543,-1.5036831,30.090307,-7.712535,6.3475833,-3.3773897,10.457321,0.18435293,1.2710147,6.770586
-100.94117,106.22044,-30.585985,38.053005,-11.016563,29.151808,-4.2278666,12.566482,-5.0990868,14.024746,9.787101,9.465067,9.8258705
-32.09706,90.78192,-32.31374,43.028515,-8.351562,27.474213,-1.5087341,12.245946,0.76133114,10.96088,0.9329075,5.677357,2.4505427
1.1570791,78.32822,-16.368599,38.59713,4.3159976,17.3874,-0.70215833,17.480566,0.50399595,14.782556,1.9347144,11.453002,-1.952256
-38.96603,94.80867,-30.998222,39.477734,-10.679199,24.376097,-7.302275,12.62992,-5.0648513,13.083853,3.0827317,10.776223,4.6993556
-128.23862,110.33861,-24.944382,49.76873,-3.342251,28.90406,-7.907549,17.46486,-3.810664,12.008751,6.7498426,11.322559,10.565473
-60.698906,81.85453,-14.09723,43.353054,-5.787232,31.976494,-3.805986,10.735104,-3.3087702,3.4042063,0.7406709,3.2612224,6.2654767
-13.225923,105.67266,-34.06505,28.980883,-2.8482208,25.507555,-3.7850444,11.860667,6.6618233,7.230732,4.683117,14.085523,6.018103
-30.961601,99.048035,-17.403767,35.113598,-2.4969075,21.647484,0.11387293,11.957633,1.4905279,5.7336364,2.0653677,4.3221827,5.399724
-78.705215,119.11646,-31.32537,31.68328,-21.858305,27.018318,1.2396886,24.401827,2.3763988,12.489374,-2.03522,0.9309962,13.894098
-61.4689,99.66316,-27.555721,45.409195,-16.304327,19.934639,-0.040980205,19.97234,5.2269664,12.7844305,0.47540843,4.085053,3.888494
-41.619125,96.89242,-41.436703,49.927814,9.298169,23.697119,-5.7746763,9.8398695,-1.9351411,7.147385,-1.3955909,4.677561,3.9331186
-23.880306,109.851906,-19.912138,31.651867,4.212641,14.657352,-1.8064532,14.364545,1.8316894,5.7565713,-3.5988152,0.68778265,-4.39674
-104.59947,127.29607,-28.452085,39.9345,-8.847377,27.734428,-4.1499553,21.464031,-3.3306558,8.930388,1.9075248,0.89508516,2.8588622
-44.959778,123.218605,-48.729885,28.85236,-33.110664,17.27511,-3.7599313,19.454988,1.6743608,7.9003596,-0.47223026,3.038285,8.830515
-22.983404,107.4994,-35.57204,38.616306,-1.4471744,17.507162,-0.6721317,14.18673,-0.45209906,8.092501,-3.3634222,7.2560453,5.8077116
-12.315113,104.25481,-22.134247,44.362778,-0.6831045,18.34074,5.379414,9.71946,2.7039015,2.5930076,-5.601509,6.650038,1.5594331
-31.527227,71.16215,-9.599124,58.683323,-17.74545,33.586353,-6.3200755,17.285028,-0.12567306,8.552107,-9.295812,5.648044,-8.549616
-36.35545,104.45364,-24.91756,50.10056,-5.71868,30.369925,-7.6824627,6.1327457,6.33835,1.5266732,6.4504333,5.103045,7.378664
15.046069,83.74258,-11.232846,44.671383,2.0415354,21.261263,-2.2755976,7.3312535,3.008331,5.440486,2.49375,7.1185665,6.2472277
4.2343745,80.14914,-6.5371633,40.34545,8.970041,16.560482,-2.055146,15.660541,-1.9300951,11.261556,2.0545595,11.714259,-0.06732013
-24.28915,93.64312,-30.766317,30.419538,-13.695138,19.628105,-4.884243,17.304907,-0.70987135,12.115142,1.2366685,15.958618,6.5475245
-86.425224,111.17618,-30.053614,36.037766,-8.106932,19.429241,-2.2594144,20.18236,0.56081253,10.549209,3.821824,15.68648,9.744912
-36.163692,98.01035,-20.372108,33.998295,-7.838254,19.869009,-6.9291153,16.388304,0.090593085,9.9936,-1.0114983,1.2679433,1.1909629
-21.538246,106.983765,-26.485834,33.31042,7.3341575,17.222763,-1.1651894,15.245811,1.4786494,7.554254,5.324554,6.254129,7.522596
-33.555458,103.82808,-27.824917,30.33417,-8.760577,19.813992,-1.2216986,15.722505,4.949368,14.858325,5.1566334,3.909843,3.8015783
-74.38234,113.01819,-18.232723,32.85946,-21.804766,19.338543,-8.846325,26.321907,-1.1942347,14.52943,-2.2073245,10.7982025,9.628596
-50.982388,92.21594,-21.252563,44.74075,-15.234618,28.559809,-2.5989683,20.973036,-4.013014,6.3381476,-2.9474275,9.11523,0.9053728
-25.78264,114.5958,-14.992173,44.555935,-5.9622817,12.622335,-3.6929743,22.158228,7.6275883,9.368043,0.57923144,7.6642313,2.4839988
-26.155382,101.74065,-25.192408,30.581408,0.4497252,22.465702,-2.7320824,13.217545,0.7880235,10.198125,3.4451056,10.075503,2.6302547
-114.45999,115.66658,-21.679085,44.594975,-9.907996,30.779366,-8.169501,16.200996,0.47344244,10.893909,-0.18147299,8.116151,9.267968
-88.96348,109.89132,-17.512243,35.943382,1.4798024,24.505579,-4.8499036,4.9533215,-1.7323571,0.22717367,-2.843835,-3.437285,3.7810292
-49.69471,123.00993,-16.93733,25.353474,-9.460494,14.275365,-0.81722337,26.072346,6.5578103,5.6865826,-2.2295802,3.2451339,4.350646
-23.255468,105.16907,-19.696829,35.295708,10.220265,17.319134,3.0482047,14.364055,4.842202,3.905783,-1.3935566,3.2133775,1.3229846
-88.44772,110.56522,-16.79572,45.223618,-2.0266013,27.825394,-10.511994,8.0184355,-4.9991474,12.212704,0.8366796,3.7526352,5.9900284
-62.02937,115.65499,-31.006256,27.303112,-16.804268,21.555553,-6.092118,14.373483,-8.97468,14.345448,2.1351645,12.447283,2.9343169
-18.88322,86.6452,-28.86214,44.905643,-11.432493,26.298862,0.19548838,14.567795,-1.1370041,9.718534,-5.849574,5.0119233,-0.38899577
5.3163657,88.92934,-18.81758,33.34305,3.972351,16.677721,-4.142183,16.460909,-1.7689195,17.975813,5.9328494,15.877862,0.10352666
-67.69657,96.758064,-30.144344,40.782436,-12.937485,28.425535,-3.4877717,19.636644,-4.6043406,10.447148,-0.22924308,7.7299237,4.4963136
-130.65045,113.07122,-18.832237,49.12781,-5.509715,24.799875,-0.7573291,18.091494,-3.2426596,3.3779836,1.678102,6.3609776,11.499932
-22.427511,86.84923,-22.50434,32.288425,-8.748637,27.120049,-7.615602,13.38186,-3.9022775,5.534851,-1.2657311,7.1337037,3.8026755
-15.891796,103.84986,-32.11319,29.382921,-1.456067,26.515545,0.5386924,10.084699,6.5781107,3.222497,4.314653,12.318,10.594211
-43.29758,106.25683,-18.280085,33.54021,-14.662946,21.74286,-2.7569346,17.639015,-0.41287377,6.5711675,-0.8549423,3.105296,12.200837
-60.42907,115.285065,-35.19525,22.131662,-24.140026,19.977264,3.39272,23.12274,-0.96641946,16.41224,-3.941406,11.686924,10.267685
-43.450912,102.34068,-22.469349,42.162575,-10.141305,18.362799,-4.287693,16.412855,-4.4376936,8.080782,-5.666629,8.565387,-0.4134464
-21.40668,104.5067,-32.35792,39.65144,6.238819,15.046038,-8.644532,9.805931,-2.7465048,6.184066,-0.42337075,8.38099,7.0650725
-39.370308,112.31936,-17.097582,31.863861,-2.6125581,15.519272,-5.193404,11.35021,-4.0305157,4.6776834,-5.249977,0.784335,-2.8310177
-81.82568,130.32298,-40.471703,33.486576,-21.027128,24.429176,-1.6317385,26.546143,-1.4302341,10.001916,0.39544088,2.7809396,7.6935205
-31.952642,120.871704,-42.123653,30.674665,-32.49111,16.036047,-0.51846343,23.45782,0.7105702,2.5737607,-6.805251,4.8738046,11.402531
-14.015682,110.857605,-37.028236,35.202965,1.8828379,19.019304,0.18894409,9.070877,-2.1225915,4.899294,-3.769026,8.826985,7.832528
-0.9516417,101.73565,-18.004864,39.536926,-5.331027,14.306632,7.4414864,14.653643,2.4739163,-1.764667,-13.458455,-0.7127877,-0.3232511
-34.179516,88.1081,-19.161634,54.007744,-19.45982,34.67521,-10.540256,16.326653,3.1328948,7.1159506,-10.351653,5.597235,-3.407481
-20.54626,100.70826,-28.298653,46.464203,-10.741735,27.162052,-4.74053,10.211923,7.426594,3.929728,8.804036,6.8943114,8.140901
13.056246,84.87912,-8.994719,42.293236,4.5356503,19.928953,-1.532924,7.5422506,4.790253,7.75491,3.1926436,9.066174,6.5621233
10.17799,85.32212,-10.352143,42.072006,7.1006527,15.042932,-7.0791454,15.653776,-0.9334087,8.575664,0.08790013,14.5365505,3.657297
-65.558945,89.28983,-21.698103,41.50382,-15.425571,18.30681,-6.710582,18.273773,-1.5731535,11.528682,-4.310571,9.911985,4.106107
-100.77002,107.00328,-20.233383,47.62685,-12.394398,11.246379,-6.710606,17.370558,4.3158736,11.005797,-2.8374567,5.0219193,-0.35443023
-24.233856,99.544754,-19.347662,36.09327,-3.891186,9.60227,-8.1133175,12.900436,1.3527484,11.292512,2.9542592,7.647736,0.5354198
-36.353508,118.227325,-20.412422,33.642544,6.0806293,11.873095,-3.1205149,12.305324,7.558273,9.144097,5.6801853,5.332509,0.71047753
-43.143013,74.124405,-13.947152,44.692036,-11.75636,27.958155,-7.5184693,14.992358,-0.79290676,10.141607,1.8631026,6.5572643,-4.164689
-66.24763,108.12468,-34.558495,49.784016,-10.352175,28.39449,-16.07512,8.142437,2.757563,4.9540653,1.5303044,6.219279,3.853879
-24.906902,91.84783,-30.396431,60.19939,-11.390469,29.71528,-14.605227,4.8091145,4.441407,9.041131,0.14519809,1.4457527,-3.5652022
-15.181693,107.4346,-20.779833,44.887222,0.5904697,14.027747,-3.152325,5.3488626,7.318499,4.3190036,-1.3349336,5.2418733,0.20756707
-37.243206,107.95704,-23.496603,35.793674,-7.8925233,17.10504,-6.3574786,13.591166,-2.3893976,2.400174,-8.164438,5.394767,4.7099895
-125.36202,117.58275,-7.928864,45.28373,-15.524823,13.85004,-10.586491,20.399355,4.9111605,8.835845,-9.260555,6.924719,3.6683204
-93.72994,100.2736,-15.026698,44.060173,-14.800165,12.235848,-6.3542333,14.880533,7.715979,7.780895,-9.324739,0.29323563,-3.5825706
-35.355442,112.16515,-14.489667,40.062965,5.966612,6.2035246,-6.7090874,12.4621,5.8240647,10.656459,6.151598,13.340786,7.9216595
-24.884533,102.414764,-13.38839,41.454872,-3.5278144,10.405364,-8.033222,9.42699,5.0241156,10.947604,4.097818,11.2268,8.923062
-95.85098,99.959145,-5.2222857,40.31538,0.6607929,13.540967,-3.7095678,10.777699,4.388187,9.74819,5.8449,13.308875,14.583472
-79.52559,93.795876,-12.877163,55.687603,-13.961765,17.78988,-4.0624237,8.274063,4.136095,11.881322,4.007353,11.517009,5.2033463
-50.39883,75.971535,1.3198037,51.865643,-6.16933,17.128931,-2.2835445,18.833004,-2.4148347,12.723517,-2.5579782,9.42262,-2.7109869
-62.973938,92.06941,-8.068947,50.29383,-6.9580483,23.253965,-6.069792,20.109865,-4.9614697,9.7841835,-12.537139,-4.2577095,-13.706572
-119.224724,125.55002,-7.8166027,45.576004,-3.161537,28.249088,-3.4478111,15.089171,-8.755037,-0.030455567,-8.757814,-0.9744117,-4.5790977
-175.3757,133.79823,10.262378,50.196194,-2.1502345,24.477213,4.4159455,15.338268,-5.919635,-2.7548373,-3.1247995,-3.528409,-3.8987644
-198.73053,127.63823,39.071423,53.497643,-9.205769,22.204367,-0.76910603,14.10884,-4.4677105,-0.48756328,-5.6508093,-8.520626,4.7016387
-209.50912,138.96158,42.374077,54.068764,-7.909991,13.07628,-3.5363095,8.659976,-4.8108525,-1.7566108,-7.3096266,-10.040498,-1.1349645
-183.11119,120.47335,27.088234,59.112877,-9.890428,25.290607,-9.587689,6.795032,-10.239459,-0.58199614,-6.9883466,-5.741185,-0.5857519
-109.10851,73.002075,22.552439,69.998665,-19.702421,26.452677,-16.266134,9.163212,-13.572073,8.97915,-4.5137568,-0.2124459,-7.1353154
-73.79782,97.432945,-7.938873,51.741024,-28.049507,20.749336,-6.549979,17.625196,-8.656229,-0.44384483,-8.381043,-5.30978,10.744927
-73.01658,115.47731,-18.619402,36.06143,-21.9264,20.445498,-5.35477,25.038916,-13.938145,3.6582077,-17.946032,-2.3857062,1.2142625
-124.27416,140.30379,-8.277175,32.351513,-18.438683,23.838955,-5.8509574,15.447422,-6.4340634,-0.049146596,-8.212498,-5.6375375,-4.459909
-170.35512,136.56851,11.588078,42.826115,-17.312769,21.87614,-2.603081,9.306815,-6.9806767,-1.7583004,-6.324135,-6.539234,-6.2446933
-70.43413,88.77335,-10.620961,53.160805,-33.532368,22.398758,-7.536917,17.457483,-8.159711,6.4890776,-10.334012,-4.4982085,-0.25063413
-85.42489,123.35388,-26.719442,35.441376,-21.517214,18.167236,-5.170761,25.324863,-8.189873,4.641672,-10.91605,-3.7551486,8.923995
-96.39534,133.65952,-21.451544,28.451292,-20.626642,26.230162,-13.708348,16.786665,-4.4262896,5.2801147,-8.746863,-6.2992525,3.1639805
-171.86505,150.32126,9.533942,28.371302,-14.477815,19.218176,-5.148273,10.610534,-2.2480347,1.3613385,-3.6380348,-3.5716748,4.095144
-117.056786,121.94949,7.3561034,42.667034,-30.44884,22.159472,-13.033697,10.312961,-3.889764,3.3045683,-4.2826347,-2.2259216,-6.8301725
-87.48416,114.23626,-3.2231443,33.046074,-7.914206,9.286858,-12.014035,12.30782,-0.9152975,2.9261045,-6.0240526,1.1739684,-5.5222535
-62.81885,115.27815,-20.669703,43.01158,-11.998606,17.877823,-12.942624,13.891125,-9.635344,3.8709693,-10.964943,-5.341093,-6.2025046
-117.43745,147.54765,-10.037242,42.02387,-13.454208,13.487458,-11.937235,14.820859,-3.3803866,-0.85231596,-6.2659445,-1.4042609,-4.1870027
-114.08989,143.93219,-12.435611,38.548336,-22.370714,10.601219,-10.826449,19.763977,-0.69252646,-3.2517154,-1.8102852,5.2482376,-5.63953
-141.3642,139.60602,7.205553,27.447285,-3.5803447,15.493571,-3.2586045,12.353012,-4.4340925,1.5006928,1.5835387,-0.4377992,-0.8157483
-148.33118,157.64833,-4.9758763,24.513653,-1.5714755,19.095984,-5.5481353,10.612618,-5.858731,-0.18901736,0.9987036,-1.7254719,0.057009365
-133.44305,132.49925,-10.363823,41.079395,-7.5425434,25.376278,-9.701491,8.196688,-7.1120734,0.159914,-4.269576,0.13168286,-1.9010799
-79.25012,84.30103,2.490737,51.982212,-25.281153,34.55427,-10.928795,13.44136,-10.729554,11.016653,-4.8351116,1.651558,-4.8153815
-68.61726,111.20979,-25.17943,39.593838,-24.239393,21.559845,-6.5209556,17.298183,-7.584865,2.4752333,-3.3417263,-2.1803496,13.203703
-36.58187,100.04792,-30.617517,39.163654,-12.032148,18.889482,-1.5990884,22.508331,-5.9239163,6.6587076,-7.013983,3.1115649,-0.3845692
-59.642582,107.39651,-22.188055,44.133892,-10.440063,22.43513,-4.6356554,21.888975,-3.338115,12.6399765,1.1053649,7.734141,-1.5071241
-57.600414,90.51612,-16.849981,53.132053,-12.655555,25.439978,-5.793784,18.702948,-1.9907278,11.269305,0.29753155,6.3157463,-6.799511
-41.241917,91.64134,-20.778732,48.69475,-17.323023,28.496273,-4.658729,22.023802,-7.5659227,5.0686393,-5.235942,8.559444,4.2159276
-38.70031,90.89443,-31.420607,38.42771,-13.628799,16.168242,0.5558402,12.699161,-4.003813,0.10824239,-2.8825815,5.288017,6.8462934
-17.678993,81.19727,-28.795586,34.888412,-14.250318,17.977026,-1.0842097,18.46434,-3.504803,6.176342,0.5544461,8.996186,8.698579
-44.220524,86.67295,-25.859283,28.079165,-4.6669693,23.061714,8.146239,20.043993,-7.6449714,6.2242565,-2.1648798,19.667328,13.546723
-76.83755,82.04989,-28.394548,23.347832,5.605433,20.38727,10.635583,11.197049,-2.870646,7.228415,7.5706367,19.719763,13.108869
-12.842434,84.055984,-15.590927,29.466211,9.370113,19.853834,9.555697,16.238081,-0.48382568,5.704537,3.0451646,12.074676,7.5407324
-11.029462,79.79284,-26.42602,36.339073,-2.7532425,23.917877,-2.7610312,17.82822,-1.8808075,11.53085,3.8317666,16.420752,5.8470006
-74.61974,94.381805,-26.50408,38.84266,-13.93995,19.755173,0.62388307,20.078499,-4.608286,5.854125,0.35847372,14.842671,14.105521
-59.67944,91.084656,-24.08568,40.696674,-4.5356126,24.17135,1.8212465,16.006355,-3.5051072,6.31797,-0.12263291,9.640923,7.7333302
-23.93662,100.11228,-30.19669,28.822039,-4.626417,16.866425,-6.899862,20.069,-1.7938366,9.051942,2.3992794,9.132957,14.307034
-19.731382,102.259346,-25.12729,32.06566,4.4455376,19.801207,3.36575,11.587795,0.9885392,4.3088884,2.1546977,5.42591,2.2451975
-79.8636,106.974884,-27.944998,38.5623,-17.837748,23.475561,-6.2991157,25.145555,-5.366009,14.505162,-1.3063741,7.1582136,11.089512
-66.346954,92.50005,-22.872374,40.60006,-14.872974,25.896376,-3.859089,21.988295,-1.6563504,13.499166,-0.58559114,9.967578,0.023279212
-38.29746,105.05887,-15.579602,50.204052,-12.166176,16.841566,-4.859248,21.617193,0.6993453,8.679897,-3.7333665,9.745541,1.4384528
-17.266626,118.75804,-22.900072,26.414474,9.874083,14.19344,-3.391274,12.9189415,5.2980757,8.795849,3.635921,4.304863,1.0727464
-87.34182,112.74419,-29.26795,33.596664,-10.27818,27.896938,-6.1224732,15.543933,-3.7120934,7.7959075,-5.117786,1.7259285,3.7294393
-95.60591,112.99898,-23.437185,51.695045,-13.035686,25.923475,-5.2386193,8.338098,-10.320617,4.0518293,-6.682823,-3.2112222,6.0702777
-19.55997,98.11635,-21.10626,30.593094,-3.4042947,20.231203,-3.7166626,12.131961,1.7797213,4.7284956,-2.6176476,0.26493064,2.4300728
-39.63349,117.37765,-15.480132,31.802088,4.188749,8.903815,2.0172887,18.465313,11.171588,6.280958,0.41885105,4.9393764,5.9871492
-61.001072,100.79248,-23.257315,40.82481,-1.4040452,27.143341,-7.7039013,5.560706,-2.9679422,8.172237,-1.3820122,0.63262975,5.2955565
-94.75152,100.737976,-23.807808,33.503723,-9.555028,26.800978,-4.501093,14.89298,-9.136031,15.917242,2.0313776,12.725812,4.077642
-29.829456,93.156136,-32.74168,42.985,-8.342789,28.472876,-2.5917792,15.793716,-2.5682797,14.530123,-1.5939106,9.186505,0.20961735
-0.86784816,78.5731,-17.851992,40.19828,3.3282003,18.187859,-1.0037997,17.373594,-0.4094548,14.8608,2.2146888,11.3636675,-1.454686
-31.88604,93.00392,-25.984074,42.406998,-8.675253,25.566616,-5.4249687,15.355696,-4.1748238,13.383687,0.23353948,7.1031523,1.2767386
-80.51378,114.240234,-36.556347,52.20656,-24.112175,28.114038,-9.555947,14.041475,-0.3329944,11.452976,-2.5605688,3.4235883,10.360414
-47.674644,90.24875,-21.38387,44.105904,-13.877747,29.925962,-7.2041755,8.444348,-1.2525072,3.8836873,0.8827762,2.7872887,10.071875
-4.3714647,108.78816,-35.42781,27.62512,-5.5672693,25.2721,-6.3361583,10.615894,2.663975,8.133854,2.6696885,14.106099,5.690045
-21.0782,100.81368,-18.14813,33.082294,-1.1617012,21.69839,1.2814627,10.719819,2.2178085,4.110971,3.051829,5.476909,6.28547
-63.87121,121.23601,-30.322868,25.182907,-23.984812,24.307941,0.16974472,27.653057,-1.0018117,14.369818,-4.771384,6.1618423,13.357282
-44.4811,105.76383,-28.974024,37.400906,-22.600811,15.883724,-2.9649508,18.919361,-0.12224295,13.4311,-2.3590422,10.261516,5.2763696
-24.944893,95.39836,-39.546524,51.505177,0.51235926,24.150042,-8.35028,8.053357,-4.994476,7.0621,-4.1776323,9.568921,3.477672
-11.643004,111.0586,-21.671074,33.08551,-0.04306354,12.037511,0.35429507,14.0047035,1.905931,2.9417567,-2.2071855,2.9992034,0.04307657
-63.082848,122.27646,-29.998722,50.702766,-21.97253,20.710396,-4.340091,17.285902,-5.1393256,1.5234138,-6.9233456,3.5244112,4.468756
-38.07657,136.97476,-53.135113,24.586084,-38.686264,16.445482,-2.8043168,20.691122,0.614579,4.761734,-4.1860414,2.1328273,8.184552
-2.4750118,110.950356,-39.257145,38.36612,-5.2580657,15.757591,-0.6149922,10.945556,-1.9177632,3.3386862,-10.631601,5.860503,8.965903
-7.098823,112.39539,-23.846033,43.377193,-9.155048,18.500275,6.9666605,10.597708,1.658416,-1.8620514,-11.676846,5.4936185,4.585315
-14.3,79.05684,-10.384222,52.307323,-24.556866,28.977812,-6.9065266,19.230883,-0.5842458,6.5386252,-12.024324,2.5953987,-7.438556
-36.079388,104.4261,-25.433031,50.46833,-6.4137254,31.01967,-6.8931146,6.2458086,7.2613907,0.37151134,3.3977144,4.992416,4.754809
13.590739,90.78173,-17.770863,41.428413,-2.7624452,21.03818,-2.6850767,9.59502,4.7522554,7.7304363,4.8617115,8.278031,8.145178
12.940705,85.57856,-8.221223,33.91769,0.61083776,11.851905,-1.1291246,16.0022,-0.82889116,12.168952,3.7530627,16.831032,6.4669595
-18.632559,94.06442,-30.20031,29.085646,-16.977163,17.39956,-8.935895,16.33765,-0.272809,14.961142,4.821405,18.001417,7.675642
-60.428608,107.66723,-31.654745,36.938305,-18.427895,22.943533,-4.597302,16.732727,0.94603115,10.597047,2.6683657,14.463819,10.417814
-45.653603,99.25905,-24.585884,33.190594,-10.980088,22.326126,-5.495479,17.70941,-2.5165958,8.366117,-1.7500252,3.3873675,3.5771072
-14.263016,103.15067,-27.810926,35.128963,2.3894415,17.22575,-1.9718428,14.346846,2.2671924,8.269632,4.27715,6.243812,8.728063
-24.950048,100.702515,-28.180454,32.816067,-10.542386,20.601675,0.13085747,14.446504,4.441791,15.39402,5.426939,2.0881577,3.8136435
-62.65331,108.58301,-23.402569,40.759563,-25.866152,21.328457,-7.8739257,22.338219,-1.3424424,16.569471,-2.060103,9.082848,8.532258
-40.272564,93.5902,-25.581858,43.657093,-17.747034,29.168354,-1.5560404,18.355566,-5.000593,9.444257,-3.720642,10.902174,-0.17583771
-28.563234,112.823006,-20.310535,47.831783,-5.5362115,18.747965,-1.8494178,17.818624,1.2135677,8.433882,-2.591117,9.109689,5.0401583
-14.806351,101.89519,-23.558147,33.61521,0.5829976,20.256348,-0.6401106,9.588429,-0.049289748,10.719156,3.6433525,10.133644,5.2556715
-115.587234,125.81646,-23.398003,40.27364,-10.64411,27.971481,-3.4286926,14.81291,-4.793911,8.639191,-1.732949,7.6286616,13.929187
-93.46447,113.45258,-17.717537,37.31821,-4.122341,23.571793,-3.0453331,3.6413312,-5.97739,-1.2041123,-4.474036,-1.6943326,6.9296045
-31.81564,112.39291,-21.696796,25.096458,-7.707091,16.707466,-1.8926795,21.346,8.606427,7.563786,-2.050393,3.867446,6.408736
-22.04912,109.35851,-17.026232,34.06346,2.0325682,17.889025,0.40126476,14.649925,7.133232,4.1435413,-0.24722525,3.5488636,2.9706473
-59.497616,91.80175,-10.958838,49.981407,-10.093513,32.795643,-13.2795925,8.64758,-6.1404386,14.243263,-2.8933496,6.0136833,-0.18197106
-58.779293,119.38753,-29.30125,26.84231,-19.898882,20.171097,-7.4209294,13.125941,-7.851032,13.823204,1.76388,12.851647,2.7363617
-8.0885105,93.33089,-25.718582,41.920036,-11.176712,23.856306,-2.4483116,12.151166,-2.0877197,8.172123,-7.754967,2.9163542,-3.8321643
10.719912,88.13979,-19.594955,36.32338,5.553209,17.360626,-6.4922614,11.797226,-1.8107053,15.548898,2.7094631,14.314396,-0.6822904
-43.530315,97.905014,-34.029076,45.5771,-4.662473,26.798979,-11.941439,12.060686,-3.7493074,8.602523,-1.5019916,5.6792445,-0.6327342
-121.7908,118.78895,-28.200935,50.643894,3.284314,24.284044,-9.345156,14.652469,2.7455392,7.4560227,1.7256156,3.6797464,8.106473
-21.78372,88.03761,-20.762087,34.253677,-10.503287,27.595663,-6.9168167,11.029493,-4.724442,3.8916988,-1.0273267,5.5478325,4.377917
-11.462684,104.86531,-33.828545,28.496176,-2.391923,26.11244,-0.92279375,11.251832,6.00902,3.8660932,4.2415104,11.943533,10.396843
-38.12877,104.788826,-19.830711,34.206367,-12.058321,21.817802,-3.038604,15.3360195,-2.8211596,5.6090126,-1.3777755,4.120015,10.978275
-62.108284,115.47436,-35.304043,20.800577,-25.708672,20.035357,4.7070637,25.243849,0.66797286,16.436815,-4.666612,10.823615,9.809857
-43.86595,104.988235,-24.444649,40.4152,-14.928444,17.521288,-3.975681,16.817629,-3.2485106,8.014067,-4.729347,9.328909,0.354366
-21.84519,103.45007,-32.562206,41.397446,6.843809,17.820385,-8.847503,10.841457,-3.567858,7.768834,-0.05256957,9.407561,7.1085424
-26.945549,114.200775,-17.597197,33.728832,-4.342419,14.801168,-6.7692695,12.522277,-2.373293,6.3090825,-4.210622,3.262707,-1.5837501
-62.01857,133.34744,-44.906567,35.737766,-26.119965,22.946451,-5.0071254,23.999372,-0.6030806,3.3956518,-3.2386744,8.177458,10.963012
-30.168465,124.098045,-44.80566,28.814884,-35.25737,14.784014,-2.8244662,22.798376,0.18507114,3.077152,-7.549434,5.5287848,11.40048
-17.612995,112.08688,-41.65418,34.207783,-0.8393598,19.774601,-0.98396397,9.581011,-2.9889371,5.399208,-3.7385714,9.06149,8.95926
0.11445391,104.260086,-18.434874,39.776962,-4.567816,13.798863,8.474567,14.437893,4.1540117,-1.1626303,-12.870846,0.30655172,0.54363173
-32.767372,84.438255,-17.521534,53.430958,-19.555529,33.68701,-9.458344,19.547483,4.242919,8.944074,-9.367633,4.84401,-6.514644
-23.052979,103.37656,-33.436695,45.20211,-11.737424,28.155268,-5.5560203,9.04424,8.311139,3.297518,7.8977904,6.9942994,8.500797
19.474834,91.427635,-12.809142,36.233242,-2.920754,17.60138,1.1993967,11.169014,6.4188,7.841072,4.3790345,11.556218,7.645965
14.11662,89.33781,-10.099042,36.157658,0.1438751,9.340047,-7.8007827,16.620691,-0.5708804,7.4123883,0.03758159,18.606308,7.660659
-48.43553,92.99535,-18.007505,34.768547,-18.6495,13.6406765,-6.7258534,15.38501,-0.9609139,7.282871,-1.8213022,15.09248,10.581768
-69.624725,114.93485,-25.118395,36.2912,-21.568254,10.42283,-6.1039557,16.633282,3.601561,7.945868,-1.5993856,9.819459,1.4881822
-15.833331,101.54211,-26.164383,35.409595,-9.826292,11.274522,-10.190192,9.635854,2.5911198,11.181817,-2.6715035,1.7705688,-2.4074862
-19.763746,109.632645,-26.649965,35.204605,7.8441615,18.062853,-7.5323853,10.459061,3.94988,11.251874,1.7841102,8.49331,4.351627
-38.92129,76.76926,-23.499851,48.435177,-7.6007614,31.160847,-11.268342,14.368595,3.2603652,13.337463,-0.810957,9.736582,0.82915276
-56.975983,104.35356,-33.98843,49.765675,-11.38329,32.04804,-20.36415,6.100381,2.7255971,6.8340716,-1.0415019,7.6470137,3.9769273
-22.02607,88.34998,-30.033472,60.92565,-7.7249393,28.450584,-16.386438,6.0829062,0.8580288,11.808757,-1.1672324,3.5351033,-3.258019
-8.222714,104.67795,-20.657713,48.3608,-3.361611,18.578697,-9.125246,9.6307955,2.6204762,2.707395,0.7523337,2.4108355,4.5093303
-42.918396,102.29376,-23.76121,30.885416,-1.2014945,20.149488,-6.340044,13.660663,-0.3704974,5.9297647,-3.720312,11.023977,10.232855
-91.05162,124.561775,-28.563574,38.335365,-16.009214,18.945648,-20.659466,13.414045,5.6509733,13.4993515,-5.152176,4.0995264,1.1746701
-36.844845,87.667404,-28.96493,43.701305,-15.932885,21.728092,-18.587172,8.372758,2.1857102,11.295952,-5.490106,3.2436473,-5.8008013
-19.966698,105.54345,-18.18659,35.5509,5.4107604,16.865808,-9.234649,14.731155,4.1383824,7.3331122,5.38504,7.294278,1.0094807
-11.038631,98.95979,-19.61002,42.80848,3.9276087,21.563013,-4.873961,7.7669387,3.5749273,9.677551,2.2547426,3.4713345,0.91086125
-38.345963,85.99706,-42.230156,51.800003,-5.899611,37.615017,-25.953835,7.8035903,2.2760289,12.341134,0.76595503,-0.34000343,-1.4755254
-29.729643,104.619934,-40.974854,44.653305,-14.14281,24.241146,-14.602844,4.6062016,0.57358956,2.6816456,1.8804711,7.911012,2.0509362
9.079274,93.71606,-14.218571,45.245087,2.4097326,23.72008,-4.623636,9.926522,2.4008775,4.8765388,-3.0193393,3.9620345,1.6888142
4.3383894,83.98955,-13.400591,42.63105,4.4051356,13.82862,-6.122326,16.21735,-0.5612753,10.9847145,1.9332112,16.307905,5.767927
-78.09703,110.37754,-23.515976,44.64214,-17.967154,18.231237,-12.355701,20.959408,-1.7572453,11.504304,-3.6735733,11.395917,7.559518
-107.49633,127.718864,-18.61015,44.965004,-18.930168,10.982167,-8.275086,16.76057,5.124236,9.131715,-4.9986687,7.032223,0.7209974
-35.727474,101.877304,-18.951754,35.6541,-3.4405203,11.703043,-6.2922697,11.896514,2.6120589,9.251294,-2.4145272,2.7580667,2.3704765
-24.77025,107.09149,-27.33112,47.424187,7.122277,15.843009,-5.1571593,8.5524235,1.948164,11.434405,6.1293163,-0.81868976,10.270337
-35.49375,76.83981,-15.62752,48.58468,-17.338655,29.470634,-7.39209,11.949215,-3.2385728,9.25427,2.5009732,11.25262,2.4297094
-54.8758,109.95676,-38.363388,50.33876,-9.066367,28.653984,-14.869937,7.1972804,0.7947175,4.8040037,2.558263,8.147245,5.8871527
-22.560858,87.238716,-27.856277,60.235878,-8.824057,29.124681,-16.748962,5.947427,0.5406579,9.661622,-2.3200977,2.4167817,-2.7734327
-19.922407,113.69388,-17.638386,38.582767,7.6087966,12.848251,-4.819384,10.589865,3.2628183,5.562899,0.093375504,5.181592,3.3890307
-54.904438,107.244675,-23.717697,31.417875,-8.967244,19.623875,-9.26998,14.49748,-2.8112795,7.818531,-4.81192,10.261596,9.134447
-113.85275,123.99589,-14.840443,40.919094,-20.955492,13.437371,-12.577625,19.13558,4.681317,9.844706,-7.4644213,7.1131067,2.032462
-72.5601,107.016396,-20.258469,38.670094,-19.406902,10.633939,-8.541832,13.870885,5.0722637,7.627283,-9.210808,2.4237227,-2.0770829
-25.338127,114.18771,-18.148987,40.021923,5.744871,7.8557024,-2.844799,16.026587,4.3191524,5.0125785,2.1915772,11.982376,6.6951995
-33.69824,94.883026,-15.860983,40.557137,-3.1839743,14.889931,-2.7755089,14.672704,3.4232924,7.5336375,0.8513292,5.355671,4.1312346
-47.646767,64.26033,-16.441444,48.973003,-7.0568657,19.189947,-4.8460145,15.579658,-4.199003,11.889483,3.6368306,12.718985,2.4024034
-165.76707,82.78149,-2.5911837,31.527264,-3.4285989,8.502738,-6.1971745,-0.7901573,-7.3619127,-7.290417,-3.9872253,8.092628,4.1275387
-304.15323,47.246643,-23.494995,7.4925275,-20.822222,0.017632518,-8.081011,1.7153935,-1.9645116,-3.7383745,-3.3111973,9.852964,14.654165
-473.35916,2.4158394,0.90104043,-0.6816225,-1.7473017,-2.0562422,-1.8187795,-1.3160837,-0.6433455,0.14165455,1.0424122,1.8449799,2.0382996
-475.5051,0.027975518,0.012354871,-0.007557397,-0.02483033,-0.03345497,-0.03043706,-0.01683716,0.0026010945,0.02110712,0.032242984,0.0321451,0.02086676
-475.52902,0.0,0.0,0.0,0.0,0.0,0.0,0.0,0.0,0.0,0.0,0.0,0.0
-475.52902,0.0,0.0,0.0,0.0,0.0,0.0,0.0,0.0,0.0,0.0,0.0,0.0
-475.52902,0.0,0.0,0.0,0.0,0.0,0.0,0.0,0.0,0.0,0.0,0.0,0.0
-475.52902,0.0,0.0,0.0,0.0,0.0,0.0,0.0,0.0,0.0,0.0,0.0,0.0
