0,1,2,3,4,5,6,7,8,9,10,11
0.29021835,0.38076228,0.50341284,0.5960814,0.58100706,0.4320961,0.37906763,0.55548155,0.4693222,0.38391274,0.3249451,0.29358324
0.12932132,0.13409868,0.19707207,0.21274434,0.18871504,0.3032591,0.6357168,0.9932422,0.78305525,0.5707405,0.45715794,0.31455788
0.23928969,0.20685968,0.21567152,0.20478255,0.17166273,0.28013876,0.5858214,0.93810093,0.78823274,0.6399792,0.5793432,0.42508626
0.1592606,0.14730404,0.17211221,0.1780714,0.16805196,0.27772343,0.61751634,0.99779713,0.783992,0.5444908,0.35854688,0.24802285
0.13903739,0.14206772,0.22475046,0.23010103,0.20002533,0.31999093,0.60993373,0.9366822,0.7426377,0.57087797,0.5009835,0.3477862
0.22088233,0.26473978,0.3717573,0.38766268,0.24054118,0.32237902,0.6050618,0.9358311,0.7876305,0.635775,0.5789958,0.42947096
0.28871575,0.3532787,0.5635467,0.5774129,0.36994675,0.42563456,0.5947338,0.81610125,0.69237465,0.6123717,0.7445127,0.57901245
0.1440263,0.17098631,0.2724036,0.29827586,0.22957766,0.3014618,0.5526171,0.8373036,0.67605025,0.5445193,0.5313061,0.35035637
0.08205779,0.089783356,0.14711319,0.18332307,0.18667553,0.29003832,0.6110376,0.9691231,0.76702666,0.5471238,0.3594153,0.19650136
0.10299534,0.11229176,0.19184989,0.20641623,0.18095647,0.31792778,0.612251,0.95032215,0.74833024,0.57697535,0.5537098,0.33127937
0.14278856,0.193359,0.2925195,0.3031582,0.2184885,0.33061635,0.648619,0.99069124,0.7673376,0.54406524,0.4507904,0.31502074
0.17693886,0.14671324,0.18105043,0.16570367,0.18153553,0.40808767,0.69686395,0.9917976,0.8000704,0.59759575,0.5033281,0.36809635
0.077910006,0.091604926,0.14856862,0.1603486,0.16456015,0.32307613,0.62386566,0.93375057,0.7145794,0.49362627,0.3619118,0.20944445
0.24873547,0.3193701,0.4968962,0.5001872,0.35635525,0.498114,0.6793314,0.89827704,0.7373423,0.5824352,0.5400179,0.42485866
0.30771735,0.28092465,0.51331866,0.43110627,0.20164084,0.5881721,0.6540854,0.6534693,0.6000073,0.5200344,0.7615618,0.7370719
0.20177329,0.24521813,0.4390098,0.4230742,0.31169757,0.43921334,0.7010917,0.99826264,0.7867297,0.5577279,0.4185032,0.29966393
0.19215184,0.18774864,0.3627607,0.33281097,0.26095197,0.5524437,0.73659456,0.8976813,0.7823756,0.64380914,0.6687009,0.46538836
0.1557147,0.16456012,0.27149734,0.28065097,0.22398357,0.35703215,0.63408273,0.9498297,0.76957774,0.62743336,0.5197263,0.32040867
0.18277472,0.20477858,0.34081316,0.32406464,0.24301262,0.42353305,0.6452288,0.92754817,0.8497925,0.7158287,0.5800814,0.35539144
0.12367094,0.17662704,0.34005824,0.31001365,0.20301606,0.37257695,0.62029797,0.9596449,0.87965906,0.7181019,0.55283976,0.28003863
0.08383234,0.08489709,0.19584915,0.15816873,0.15500796,0.30559707,0.61763394,0.96456534,0.7635447,0.65990525,0.43485326,0.17791837
0.1614704,0.20719133,0.3144561,0.3102391,0.32636797,0.5268469,0.5240378,0.59407556,0.4115523,0.3158145,0.34408763,0.25038815
0.1113658,0.15153052,0.38261697,0.18918304,0.13449259,0.31004524,0.2898676,0.45959264,0.30466187,0.20223427,0.4160823,0.2611131
0.304149,0.2157775,0.32804692,0.23130625,0.38738006,0.7684544,0.46638897,0.2687722,0.19581763,0.21345076,0.15435033,0.1336314
0.22318803,0.13270007,0.083883576,0.079591066,0.12958111,0.40919486,0.31877276,0.35836563,0.28323627,0.21488,0.46710634,0.23192774
0.23850791,0.40215695,0.48365536,0.14904085,0.08631039,0.29596862,0.46927682,0.7533162,0.5036029,0.23779577,0.28169444,0.14855243
0.10893397,0.1430375,0.32657245,0.1749123,0.1277064,0.3403835,0.4464195,0.69162464,0.46172577,0.31151456,0.2353863,0.13919649
0.57047266,0.2669931,0.20468122,0.24188942,0.27576727,0.46813813,0.34773684,0.22170448,0.12723683,0.119163126,0.18485515,0.2001078
0.39626575,0.5432922,0.66493887,0.34470317,0.24935912,0.33920455,0.27247378,0.27465037,0.29759213,0.25007647,0.32882544,0.2875248
0.2485307,0.17666161,0.17225878,0.14108926,0.24870476,0.65308064,0.41528413,0.4314845,0.33371624,0.2424102,0.56119096,0.3980452
0.21645287,0.23423567,0.3153972,0.20610055,0.20842338,0.57358354,0.46324033,0.6226126,0.5196918,0.46353304,0.82352287,0.47232276
0.20819132,0.26541412,0.45317906,0.3365822,0.18622485,0.2871338,0.4219569,0.6680857,0.529814,0.46088794,0.56393707,0.4498992
0.26915386,0.18228988,0.19927052,0.15826136,0.2391526,0.33954242,0.2858818,0.57972413,0.40995237,0.30422467,0.43462732,0.47109312
0.22970328,0.1360127,0.16764538,0.2162699,0.49593434,0.8575285,0.44984597,0.31260222,0.2634233,0.35469693,0.383773,0.43168166
0.07855621,0.051955912,0.07663893,0.082380354,0.22513153,0.44476354,0.28541762,0.49693218,0.33212736,0.34476888,0.47054845,0.15624502
0.13440195,0.16587754,0.30151504,0.22298881,0.13973086,0.21284749,0.4481819,0.87843484,0.5514456,0.39922008,0.33746004,0.22025639
0.20275788,0.26591197,0.57382774,0.3223433,0.19265111,0.4073819,0.42005137,0.65225315,0.3687542,0.22305697,0.1964891,0.19302273
0.5487686,0.34311026,0.29095924,0.19077006,0.18205498,0.5976199,0.47410628,0.31087044,0.19240108,0.1369111,0.13214912,0.16584867
0.30249333,0.5218832,0.7511223,0.34443903,0.13618813,0.2704078,0.36680546,0.43192455,0.39316615,0.5080901,0.3221439,0.2348571
0.5014982,0.47998738,0.40765324,0.31273738,0.21227314,0.21427521,0.37860268,0.7277375,0.50108564,0.48615775,0.37796855,0.32537523
0.21825156,0.20427163,0.32018963,0.2444378,0.26384893,0.60114515,0.4414218,0.54288906,0.41234007,0.37592694,0.48174486,0.38030344
0.24348074,0.23304418,0.34752035,0.27997258,0.24821001,0.51201093,0.52236617,0.7399593,0.5772403,0.57103527,0.5954706,0.4200401
0.5130306,0.5455363,0.41394636,0.1822643,0.2356134,0.31992134,0.2695363,0.32789508,0.3256024,0.34709308,0.3526298,0.29136658
0.442395,0.43874323,0.6425018,0.30828714,0.17505458,0.19203217,0.25592047,0.23450841,0.27891648,0.62674934,0.32748443,0.24607804
0.17725593,0.37618122,0.72747743,0.46355245,0.21404448,0.2165872,0.18919085,0.19327264,0.22885142,0.602062,0.38820186,0.160986
0.20702757,0.23719877,0.42442524,0.76853293,0.33594653,0.59957373,0.42670768,0.30098188,0.26038104,0.30520585,0.26759532,0.17641607
0.08695428,0.263684,0.73775107,0.5506411,0.10806522,0.18236768,0.49729958,0.4130703,0.28654346,0.42508298,0.29233113,0.1234644
0.5709269,0.63166887,0.4522697,0.237072,0.2100157,0.22455335,0.26608333,0.3598602,0.23212145,0.2625819,0.20909305,0.2432246
0.8983229,0.48883766,0.21769089,0.20606123,0.5446268,0.26714718,0.22386247,0.46347588,0.22388303,0.13251567,0.17077947,0.28931823
0.7148416,0.44090083,0.3061125,0.3053555,0.59979856,0.3603721,0.36467758,0.74927396,0.41158268,0.30567965,0.26177323,0.28005698
0.48168865,0.33131176,0.44727424,0.34678075,0.4302081,0.2030977,0.32847956,0.8383289,0.44198298,0.31719697,0.23459154,0.19067445
0.07028245,0.0541911,0.16259575,0.17924419,0.21541037,0.5524584,0.25855944,0.2415337,0.20295312,0.29980758,0.67822874,0.304846
0.1975282,0.2170009,0.34968007,0.32458362,0.44903383,0.7552984,0.62188417,0.6919096,0.4073242,0.3063645,0.2910577,0.15764238
0.2631915,0.18360068,0.21130425,0.16707937,0.3467575,0.67105347,0.44091055,0.35390466,0.37257466,0.4173335,0.67772436,0.3353774
0.062022172,0.0977678,0.23925486,0.23140715,0.09838322,0.3030384,0.31727985,0.6061964,0.4907011,0.23303671,0.3586684,0.1295991
0.12392239,0.26331073,0.22176982,0.0991348,0.085487984,0.3827551,0.7748258,0.63362294,0.24889311,0.16890915,0.17578088,0.08363783
0.39604068,0.34343472,0.4548862,0.20997216,0.22822344,0.46515772,0.4866186,0.61918443,0.26542148,0.25198978,0.19419415,0.16875204
0.41375422,0.4772751,0.5968496,0.28144574,0.18076596,0.3509281,0.27813658,0.30062115,0.2401213,0.24456325,0.24125162,0.18837598
0.599153,0.37767068,0.3933248,0.24147737,0.19502299,0.31874645,0.2802683,0.52399004,0.40545988,0.43288434,0.36025733,0.33840626
0.3629649,0.49322382,0.73258054,0.48144278,0.34783584,0.4826878,0.49373436,0.42755824,0.4565066,0.8324875,0.54998755,0.34345153
0.62935907,0.590594,0.66999966,0.5284361,0.36403313,0.44177112,0.47886777,0.656682,0.51404715,0.5408897,0.46932366,0.38141415
0.4618039,0.4839312,0.67020905,0.52255434,0.48589277,0.7679002,0.6640312,0.6555159,0.66423684,0.48881188,0.52239364,0.4502087
0.7006795,0.65166825,0.56859255,0.5995574,0.7223581,0.87641656,0.73592114,0.711972,0.553084,0.47375506,0.4548823,0.44273284
0.7696671,0.65701514,0.4795374,0.41316757,0.44987857,0.48618183,0.50587744,0.78142005,0.5360109,0.3554501,0.36474818,0.42876136
0.6176292,0.59657365,0.6519508,0.5911496,0.51213413,0.5805316,0.61244136,0.6707144,0.5691994,0.62891775,0.67034805,0.6240359
0.44046172,0.44142714,0.4984121,0.41925567,0.37874582,0.5094782,0.47102103,0.58806723,0.5816074,0.6297205,0.738895,0.5647115
0.66781306,0.7626319,0.69935185,0.5598808,0.49083722,0.5186529,0.47850803,0.5825733,0.67826474,0.6449733,0.6649141,0.6440632
0.764072,0.7823112,0.77799225,0.6476684,0.5705487,0.64123803,0.607184,0.7438194,0.5840722,0.47960973,0.548442,0.6282476
0.5317922,0.5190065,0.62207747,0.51143646,0.4203893,0.4485511,0.39315486,0.5694435,0.5870863,0.54495496,0.61369246,0.602577
0.58483267,0.578204,0.757942,0.59520924,0.47855642,0.61480045,0.5543588,0.7797516,0.5830547,0.54427576,0.724987,0.6469003
0.5101371,0.40084556,0.5983266,0.42865753,0.29782677,0.298296,0.309983,0.38739026,0.38132387,0.58087385,0.6252228,0.38878086
0.85578847,0.6335331,0.5237922,0.4548628,0.48389915,0.4672395,0.42332894,0.5463393,0.4340714,0.46321714,0.53524995,0.5133807
0.72344494,0.62935215,0.58713704,0.6208339,0.761466,0.90778583,0.77438277,0.73092246,0.5820717,0.5161905,0.5175621,0.5229798
0.41199827,0.43486086,0.66458017,0.6164946,0.5474748,0.57138854,0.49389592,0.6298336,0.5282265,0.4649188,0.48334506,0.50944746
0.5738819,0.6504373,0.8615883,0.6426329,0.48543033,0.4793053,0.57687354,0.79885554,0.5890638,0.6200112,0.6056465,0.55354536
0.61872876,0.6325411,0.71646327,0.64478856,0.5712264,0.6904648,0.6993523,0.79819274,0.7076922,0.6026531,0.5702596,0.5564553
0.5035382,0.47012603,0.6427454,0.48583776,0.3894417,0.47447398,0.50025326,0.69278264,0.5961714,0.69879735,0.5163707,0.5228987
0.60792327,0.7001456,0.7149866,0.60016984,0.49418178,0.59109235,0.6410663,0.7662264,0.6529831,0.50805163,0.4894739,0.48605916
0.3093164,0.37918192,0.54110557,0.3592064,0.2946173,0.33527517,0.46396703,0.8380572,0.5312475,0.4575088,0.4964391,0.35957915
0.49424696,0.475522,0.69871837,0.48017558,0.3798311,0.5532998,0.60785466,0.8448515,0.47901726,0.51314545,0.6858037,0.54543763
0.44473097,0.4788683,0.7672538,0.5730202,0.3583123,0.43064442,0.43347597,0.8181456,0.70273584,0.4282867,0.4260709,0.34364668
0.56447595,0.5688732,0.6957682,0.50511193,0.47285604,0.7340028,0.6423402,0.5902878,0.5518019,0.5254944,0.6403202,0.54527575
0.9036026,0.7471159,0.6029747,0.53837943,0.59625024,0.6818378,0.67351216,0.69647956,0.5652672,0.5547618,0.5396489,0.5330267
0.6951771,0.55134636,0.41871005,0.39530608,0.49176878,0.6255766,0.58724517,0.774498,0.5615309,0.4407589,0.47311774,0.53054726
0.45391658,0.53001195,0.6364154,0.51795864,0.43439835,0.47057596,0.53518784,0.75117207,0.6320238,0.73294264,0.6961081,0.45867658
0.47496414,0.5221023,0.5966682,0.5031132,0.4573468,0.52142864,0.5175642,0.6742471,0.6878415,0.7101113,0.8060125,0.60936135
0.5336124,0.59613436,0.6524091,0.44784465,0.3516921,0.367008,0.41781318,0.6503645,0.54287624,0.47509676,0.45616406,0.46623546
0.70669633,0.72094923,0.6656813,0.5636326,0.58020914,0.7121387,0.6964237,0.6811193,0.5634487,0.5841361,0.6394555,0.6181246
0.41077885,0.4125564,0.550762,0.36868516,0.27997246,0.31455573,0.352329,0.7570534,0.47924054,0.4717887,0.5418071,0.47736475
0.5688122,0.50851226,0.6337566,0.52775717,0.43296412,0.5833526,0.6204527,0.8207573,0.5713585,0.51432914,0.62120634,0.52969396
0.34368685,0.39993912,0.79435235,0.5091053,0.2656975,0.2997704,0.28226283,0.39560652,0.45412606,0.5377989,0.5142788,0.26424524
0.8286514,0.5400162,0.43565288,0.41503808,0.46910912,0.6341268,0.57728785,0.6519805,0.49249542,0.41243234,0.44157583,0.46968704
0.7121441,0.63331735,0.49872732,0.50681645,0.58941084,0.772993,0.6751125,0.5591343,0.52007616,0.522386,0.6321729,0.581413
0.38384077,0.4273369,0.6784452,0.61523247,0.41840905,0.46296164,0.51909065,0.94017404,0.5717034,0.49224874,0.4616493,0.40337744
0.11192428,0.23643984,0.49507874,0.23414616,0.1463189,0.35157588,0.37956893,0.5654718,0.27754667,0.13158432,0.18264283,0.093909904
0.25255734,0.24208063,0.38238087,0.30168128,0.2627374,0.40865153,0.30991027,0.69062763,0.7045772,0.284554,0.16316038,0.15807141
0.14155312,0.14746143,0.65527195,0.32217342,0.096934594,0.14497212,0.25123584,0.71790045,0.4524763,0.1175464,0.07954557,0.3317187
0.18307428,0.27313364,0.19334915,0.079947405,0.086820796,0.30409303,0.44338334,0.57323706,0.4452563,0.3187694,0.39329883,0.1634895
0.32712743,0.37048668,0.5140256,0.32913497,0.26579028,0.2703048,0.4131961,0.8535903,0.47978553,0.40671092,0.3924424,0.36713183
0.39374295,0.40065864,0.47191277,0.36608693,0.32932165,0.3409707,0.3975254,0.5320574,0.47086945,0.56831735,0.6161845,0.446654
0.43538728,0.41845384,0.473826,0.40363675,0.3603842,0.37303606,0.41487864,0.85186803,0.7451092,0.49298856,0.5272265,0.50220674
0.5210152,0.5619255,0.5024915,0.49621636,0.5457029,0.58718985,0.53593576,0.67000127,0.599371,0.6840401,0.5709337,0.54972386
0.6786641,0.6831115,0.7327219,0.58821213,0.5258122,0.5134326,0.46917713,0.5176426,0.55675536,0.6470837,0.8845398,0.71114755
0.5968672,0.6046755,0.88840526,0.7952471,0.5032268,0.46996918,0.5749799,0.5663214,0.5418337,0.690401,0.5913151,0.50118256
0.5391763,0.5585644,0.55802894,0.45762378,0.4066332,0.39576238,0.4159811,0.47724542,0.52346045,0.68574554,0.7071075,0.5564598
0.5214527,0.49241084,0.5153019,0.44914702,0.38186267,0.38195354,0.41576886,0.85554594,0.73877084,0.5167291,0.51715046,0.57602507
0.532973,0.5071483,0.469718,0.41198075,0.36736923,0.37540218,0.35346392,0.72454566,0.63795877,0.5946997,0.582741,0.60191876
0.67343044,0.6692381,0.6935188,0.5664275,0.50312555,0.5045567,0.44905338,0.46020782,0.4833642,0.58009225,0.91360366,0.786539
0.6085659,0.6006287,0.9097324,0.7727263,0.52538604,0.56984544,0.6248243,0.61230737,0.6056997,0.67216134,0.6458722,0.5552322
0.5070382,0.52702814,0.5357319,0.42336434,0.37104475,0.36529934,0.39538586,0.46381262,0.5006718,0.63252234,0.71159095,0.5373666
0.43551555,0.40467834,0.45273218,0.41094643,0.36107382,0.38063556,0.4227196,0.8861028,0.7619198,0.4748437,0.46969658,0.5105647
0.5695437,0.60162306,0.5677014,0.51120335,0.50782317,0.5037153,0.44960293,0.58889675,0.569298,0.6657919,0.5991032,0.51838785
0.65423685,0.67746264,0.76810527,0.6935223,0.61905855,0.6357249,0.6343897,0.62634975,0.5909124,0.6450013,0.77898955,0.6534662
0.6394368,0.6280782,0.85381657,0.77958703,0.52997774,0.50651085,0.57044333,0.5979501,0.59216523,0.70401067,0.601776,0.54305893
0.58268124,0.5691308,0.57174563,0.47451258,0.41400102,0.3967355,0.3949989,0.4475489,0.5092589,0.65955466,0.77876794,0.62293935
0.516073,0.47319078,0.4895837,0.42872083,0.37560797,0.3869804,0.434536,0.8679621,0.7120728,0.48644346,0.49770248,0.5879209
0.41294825,0.41359028,0.41089824,0.2937645,0.24267931,0.24447209,0.2735262,0.62115765,0.55350006,0.51130635,0.56256443,0.4607522
0.75820136,0.7538319,0.8653708,0.70600325,0.5747131,0.5747449,0.5995965,0.65579313,0.65133834,0.68134457,0.77693087,0.7434088
0.5935695,0.6095688,0.81157684,0.7264246,0.5461281,0.60456866,0.58709043,0.6153616,0.58402246,0.6212574,0.6807556,0.5635116
0.5328297,0.5522646,0.57996154,0.47526333,0.4177027,0.4081737,0.3946825,0.45528093,0.4895759,0.6876768,0.825769,0.5621658
0.46453705,0.43098783,0.4561721,0.42837918,0.3897435,0.4234331,0.4491576,0.86578315,0.71848255,0.4575781,0.44168264,0.530565
0.5437418,0.53093356,0.468437,0.38552663,0.3967356,0.45220828,0.39638436,0.50064,0.49805516,0.64046896,0.65182704,0.49985486
0.62457913,0.62981814,0.8310187,0.7359066,0.59719527,0.6031234,0.6506269,0.6131367,0.56001496,0.6831284,0.67081964,0.55470634
0.65359974,0.64802104,0.6844189,0.63179266,0.49676344,0.49749285,0.55499953,0.6651004,0.6805702,0.7397961,0.6223532,0.56573176
0.6229529,0.6554169,0.6931599,0.5566631,0.49463344,0.47640038,0.46189806,0.52219814,0.55237836,0.69884264,0.848815,0.66765463
0.40896586,0.35676208,0.38525572,0.3573515,0.30851752,0.3243673,0.35057127,0.93672526,0.7282234,0.33673364,0.3704074,0.5286978
0.49412957,0.4866023,0.46001226,0.37250757,0.33680242,0.33602747,0.30787295,0.5095605,0.5171594,0.59151495,0.7502323,0.6020382
0.7023534,0.6947933,0.88975745,0.73945963,0.5172801,0.5004125,0.5089052,0.48393095,0.50730306,0.7186405,0.7676226,0.65830404
0.5958951,0.58010453,0.67534524,0.56352484,0.46856254,0.5493714,0.5360954,0.58502483,0.60671294,0.68732584,0.6440484,0.53545207
0.6153036,0.6281327,0.7004492,0.5806021,0.5156054,0.51953614,0.5033747,0.5785433,0.58442444,0.6379978,0.87914497,0.6517934
0.5320484,0.43808618,0.43445748,0.4072324,0.3940405,0.47421756,0.4320792,0.82573915,0.6491476,0.37434196,0.44058034,0.5325319
0.51364994,0.53003216,0.5133482,0.42626208,0.41922668,0.43715614,0.3912636,0.45408687,0.47335318,0.6277544,0.70551413,0.5194619
0.6404928,0.63037777,0.8790826,0.8204349,0.56387997,0.5507227,0.629093,0.6237408,0.6045377,0.73545253,0.6501933,0.5291958
0.70888436,0.69154704,0.6822136,0.6060957,0.51704,0.5058901,0.52009577,0.5891522,0.6402344,0.75279075,0.6259057,0.59159565
0.6678558,0.65292037,0.68722475,0.5816278,0.4953895,0.46398735,0.45391083,0.5788707,0.5803924,0.63999915,0.87442744,0.7380597
0.36302882,0.31914863,0.32329103,0.28344116,0.24578853,0.25182554,0.3116543,0.95479256,0.71579546,0.29367957,0.32375675,0.45421773
0.6259814,0.6613158,0.61051524,0.48628944,0.43509802,0.41806138,0.41108093,0.51859343,0.5336307,0.6646568,0.78363293,0.63683367
0.51761806,0.5173293,0.78548723,0.6417893,0.4402149,0.49008912,0.62300694,0.72833747,0.6936123,0.72827923,0.609204,0.44849116
0.3292278,0.29647216,0.44059855,0.47737092,0.37026158,0.49555334,0.6136679,0.82226014,0.65136737,0.5017036,0.45495108,0.33723962
0.28557262,0.34121934,0.462697,0.36945522,0.340977,0.38956133,0.39134178,0.58032393,0.44283006,0.32890862,0.47443235,0.3620967
0.0775854,0.087087214,0.09373887,0.069865584,0.08754286,0.17948145,0.35858616,0.6598469,0.61002266,0.42938986,0.2827305,0.12066155
0.39443025,0.3503179,0.2331625,0.22945136,0.41536656,0.75754434,0.44096658,0.33651486,0.37308738,0.3774397,0.3232302,0.26153192
0.018716885,0.08267408,0.24012066,0.08295281,0.04174309,0.0833174,0.09730382,0.384041,0.25290602,0.27596417,0.5393463,0.11409135
0.13949585,0.23486242,0.5301556,0.2554236,0.15481569,0.18380193,0.3509606,0.8087325,0.5930508,0.40897453,0.32744238,0.17806049
0.108107924,0.16395733,0.36763132,0.20378925,0.12590015,0.3623338,0.47201577,0.7019252,0.37344596,0.13470487,0.104887396,0.13034439
0.42580187,0.4188127,0.47095934,0.44531792,0.31179821,0.4491431,0.5130617,0.27510595,0.15589842,0.36846775,0.2669424,0.12567557
0.6998075,0.69968283,0.6505048,0.5134833,0.41266248,0.41246808,0.42790964,0.42327756,0.29729375,0.31393042,0.36869514,0.47649866
0.89327914,0.61382407,0.36894435,0.30506015,0.38643834,0.22789966,0.23547849,0.50966793,0.34288,0.27846193,0.27244616,0.35856122
0.6678105,0.48543268,0.35395887,0.3676493,0.40738758,0.3462561,0.49408552,0.7990833,0.5915205,0.4325308,0.35769656,0.34164706
0.17698431,0.18941058,0.36176583,0.16624267,0.17175132,0.31890926,0.24649237,0.4885442,0.47484577,0.33622673,0.66825634,0.40726173
0.3293524,0.42086476,0.40087402,0.16269585,0.17138997,0.34207782,0.61559516,0.59728456,0.40017167,0.497414,0.47039887,0.3987676
0.3327695,0.23884392,0.19246443,0.25571826,0.47318384,0.7926874,0.45213807,0.30018115,0.27187434,0.375998,0.5281374,0.34560964
0.32043067,0.35801023,0.22765335,0.10892116,0.23965321,0.71506715,0.3850339,0.17695117,0.119438335,0.30996314,0.42066437,0.17926475
0.4590882,0.39131734,0.31772617,0.32566753,0.27734494,0.6005793,0.62107646,0.5931269,0.40592775,0.37685248,0.34964177,0.32836208
0.27382413,0.4134388,0.42631865,0.24673933,0.18264742,0.42108083,0.7063218,0.77826476,0.3716726,0.2994885,0.30707398,0.2917858
0.7087856,0.49544662,0.26790568,0.18202692,0.27302173,0.5258495,0.38335165,0.22634001,0.25016657,0.28558588,0.2512953,0.36362755
0.723269,0.6741009,0.4412336,0.23826373,0.22088186,0.22854497,0.27596185,0.43049568,0.32286185,0.2606884,0.253332,0.38596728
0.6557733,0.80091363,0.562972,0.28136656,0.46082643,0.47418457,0.38385317,0.5215006,0.57152003,0.3860245,0.26255172,0.3229054
0.3917885,0.36121887,0.3992837,0.42349425,0.5368896,0.76296175,0.53097254,0.37019715,0.43207815,0.51951444,0.67405826,0.5356762
0.41767314,0.43527284,0.4811982,0.47033608,0.51593804,0.6112322,0.5083586,0.5909573,0.6198564,0.7376039,0.86657715,0.57192683
0.624558,0.7344003,0.58817005,0.33397138,0.34091634,0.3762958,0.32290867,0.39553803,0.4609848,0.43947574,0.3588912,0.38908067
0.20566063,0.64894843,0.8104949,0.24460165,0.22009163,0.3022997,0.21671952,0.2314855,0.4812524,0.38600722,0.13547929,0.13203964
0.48873565,0.48459417,0.60315704,0.4891729,0.37486604,0.3093645,0.21378653,0.20509039,0.28100452,0.38103193,0.40170607,0.40070155
0.6262081,0.48428383,0.46218336,0.38255298,0.3499406,0.55289435,0.31777903,0.19669837,0.19623947,0.2486537,0.27715832,0.32930958
0.7664127,0.8518955,0.72588027,0.5025603,0.3986135,0.41342917,0.39960718,0.37722585,0.38021907,0.3872816,0.40483755,0.55175346
0.8163587,0.75088066,0.5778927,0.45368576,0.42242414,0.5146288,0.44187492,0.4099857,0.3512134,0.33167264,0.41242617,0.5219043
0.9923244,0.6389958,0.3802246,0.31330442,0.31752113,0.35405493,0.31457615,0.3951102,0.28607845,0.23281623,0.29251984,0.50494915
0.8459691,0.7656989,0.66523737,0.5850508,0.56703717,0.59599864,0.6030899,0.6709608,0.5985004,0.5387501,0.57134956,0.6754782
0.38071233,0.4528528,0.5858763,0.49350166,0.43359855,0.46379533,0.52211714,0.7199347,0.6616637,0.5349176,0.41198438,0.3180152
0.10421969,0.1007012,0.37529212,0.35084662,0.1795071,0.37595102,0.3001538,0.262391,0.26748914,0.21114653,0.63794714,0.3935101
0.47164655,0.58704954,0.5957183,0.47411582,0.50329494,0.6403338,0.66948205,0.5938604,0.5117181,0.48568007,0.39419255,0.37249795
0.28326645,0.2754761,0.33545253,0.30342045,0.3492118,0.4804675,0.47531146,0.29948193,0.31527448,0.36230853,0.8864891,0.7354248
0.323101,0.37001166,0.53062916,0.51504683,0.31555152,0.27611062,0.34043252,0.7764653,0.7134298,0.41835374,0.35875413,0.34855443
0.3019344,0.42485264,0.3156811,0.15549208,0.103361875,0.46210027,0.6882816,0.44839606,0.20577617,0.08325783,0.11441589,0.1551374
0.20569937,0.37696314,0.24215765,0.09110961,0.06486411,0.48747456,0.7705282,0.37945095,0.17775315,0.08730857,0.22070922,0.14985704
0.49136364,0.4045801,0.48204684,0.25936002,0.123936355,0.26634416,0.34275457,0.24314457,0.2360131,0.25958276,0.539377,0.48660785
0.37426913,0.264988,0.3351279,0.29912233,0.25427708,0.39723626,0.35382715,0.48764285,0.36732745,0.59849244,0.57633024,0.30814695
0.5380814,0.545891,0.83015406,0.57957155,0.42410296,0.47539166,0.49587125,0.4904906,0.45303,0.7058132,0.637804,0.4619148
0.5870757,0.61189127,0.6925523,0.5329623,0.36591488,0.40272102,0.45820817,0.7363238,0.5820827,0.5108196,0.41849247,0.37714368
0.5828081,0.52157164,0.61719364,0.4765517,0.46436498,0.7036713,0.57826155,0.59327596,0.5734794,0.45468777,0.53563404,0.47631827
0.7951122,0.73102176,0.72511166,0.64655024,0.69612396,0.8114114,0.6597134,0.6413705,0.5449812,0.5802715,0.51568943,0.4981438
0.6209171,0.532858,0.4177679,0.3504494,0.4007724,0.5125642,0.51501435,0.69960666,0.45457667,0.35167718,0.35542035,0.39045173
0.5624158,0.5825166,0.71941817,0.5840815,0.47161263,0.47758228,0.46364313,0.54766995,0.52201736,0.6843008,0.7993548,0.6229016
0.5458193,0.5523353,0.65334433,0.5320667,0.45871598,0.5850275,0.51819396,0.6347896,0.603957,0.6102318,0.7702776,0.66839856
0.65739435,0.7596558,0.77422327,0.58152765,0.47138032,0.47289938,0.44436508,0.6100676,0.62892336,0.52926743,0.5470347,0.58412814
0.80583394,0.80809623,0.7829708,0.629151,0.55003226,0.6110778,0.56760204,0.66576236,0.61481583,0.55391574,0.5935338,0.6656849
0.4911174,0.48342413,0.64629704,0.4633622,0.3324854,0.35758388,0.3266229,0.5908012,0.4920843,0.48028603,0.5821406,0.57422334
0.6389685,0.5511249,0.6978804,0.52273345,0.4198027,0.48310754,0.49506938,0.7006743,0.5059356,0.51443505,0.6959692,0.58500105
0.53190213,0.51990426,0.6668989,0.46586925,0.38777754,0.37031585,0.3670782,0.4524905,0.4182465,0.6311228,0.696938,0.42562255
0.92012084,0.65286314,0.47389606,0.43249014,0.47125807,0.48457524,0.43888456,0.5806022,0.43044645,0.39752072,0.47785848,0.5012319
0.74070704,0.6996258,0.74683106,0.68692356,0.75230336,0.78392756,0.6418692,0.6071121,0.5385609,0.6380626,0.6740918,0.6819467
0.41027796,0.4571518,0.7746928,0.6588912,0.47508293,0.5413128,0.49370927,0.6749551,0.52162623,0.547533,0.5060892,0.40738496
0.5324344,0.63976663,0.83413273,0.6174425,0.48731014,0.5737239,0.6181467,0.71907514,0.51521397,0.52140605,0.552226,0.4984409
0.6880513,0.69413036,0.83072716,0.6969362,0.59556955,0.6806562,0.65657634,0.7110425,0.6735067,0.61245626,0.6203389,0.61242706
0.46796337,0.4786379,0.72713536,0.51749665,0.38272375,0.39474785,0.44121242,0.73660934,0.6040024,0.6268925,0.4711896,0.50405866
0.6250252,0.70437217,0.6946727,0.5926598,0.49732608,0.5825418,0.58625853,0.67987245,0.66056925,0.55094534,0.61688596,0.5398612
0.23993978,0.3166811,0.47256777,0.2630932,0.21972606,0.34751377,0.625887,0.8478437,0.38731846,0.34105122,0.3381678,0.2696922
0.42653272,0.38447642,0.4551447,0.4136705,0.5006949,0.8257023,0.694196,0.486644,0.3726536,0.33839932,0.3501778,0.32138434
0.30769798,0.4530927,0.8091656,0.5803316,0.39474395,0.48772377,0.42559022,0.73712736,0.62706405,0.32817444,0.42415693,0.31706446
0.69089305,0.58784634,0.6199586,0.49242222,0.51489425,0.70856595,0.6081905,0.6363106,0.5697466,0.57581496,0.6337656,0.5792081
0.78665674,0.6507355,0.54712766,0.44012308,0.4702587,0.5245106,0.49637422,0.7290734,0.4758022,0.35703245,0.36417758,0.43882143
0.5357732,0.43564615,0.39155096,0.35764122,0.40634316,0.5641763,0.5611975,0.74015385,0.4707803,0.47949955,0.4730119,0.4184336
0.38751966,0.49300796,0.62023664,0.5091284,0.42762446,0.41260573,0.3996096,0.6118098,0.51961035,0.6636076,0.654625,0.40351734
0.42829466,0.5358997,0.77301496,0.62955195,0.47686383,0.4620209,0.39983198,0.5056181,0.52617663,0.5267023,0.67850953,0.5583394
0.2835913,0.3518011,0.53935665,0.34807202,0.35751596,0.4873531,0.4938123,0.69912714,0.40463358,0.31550986,0.29464257,0.2645101
0.38270262,0.39414796,0.38847697,0.33208653,0.38078192,0.5512895,0.55960315,0.5364469,0.4380764,0.46431077,0.5536755,0.396316
0.17352729,0.20724241,0.4777702,0.26739347,0.18396485,0.26551485,0.36674407,0.9235241,0.47601554,0.31882867,0.28439644,0.20593919
0.5841093,0.51100916,0.7076254,0.5032715,0.34058446,0.4110745,0.42316303,0.60008,0.4674631,0.59632295,0.57691383,0.4942419
0.54522955,0.41622114,0.59348065,0.34083214,0.20335415,0.2538509,0.27785245,0.5940625,0.5077321,0.4804369,0.684867,0.35915345
0.75399053,0.4994398,0.4040224,0.35543382,0.47311676,0.7059194,0.57676584,0.57044506,0.38611177,0.48289216,0.4402084,0.46159792
0.62740093,0.47461417,0.43364245,0.36107194,0.3772495,0.64120543,0.45588392,0.5012776,0.39496976,0.36610574,0.4416189,0.4782391
0.20097256,0.27358067,0.59423697,0.39725277,0.1790999,0.21091823,0.30148268,0.8735314,0.4338881,0.37000588,0.36087447,0.18782249
0.117493406,0.19407885,0.3792841,0.16622224,0.15602244,0.41619375,0.4049609,0.585077,0.39577165,0.13200125,0.08648862,0.06817134
0.25731403,0.24091531,0.47151518,0.323054,0.23342022,0.3380352,0.27758107,0.5858569,0.55477345,0.40140355,0.23373409,0.21917947
0.22201258,0.29155892,0.51669174,0.27134624,0.120510325,0.20166029,0.35847,0.66446686,0.49111447,0.381383,0.16361329,0.21030185
0.10414226,0.15318224,0.18033895,0.095454745,0.09459248,0.29184684,0.45245215,0.62389344,0.48094493,0.39942116,0.44579935,0.1821298
0.40432394,0.4750871,0.66942877,0.49888438,0.43383178,0.42774808,0.52540565,0.8748554,0.48274648,0.40391147,0.41354436,0.4242608
0.49862826,0.4992008,0.530321,0.42580104,0.37797028,0.36974746,0.38642028,0.45016563,0.49861425,0.6479013,0.7465746,0.56833404
0.45126513,0.43470657,0.46594468,0.42928326,0.38098165,0.39443663,0.41469285,0.85000485,0.73770183,0.47756433,0.4295945,0.5195331
0.47090313,0.50596863,0.48448917,0.41559538,0.43961653,0.4672172,0.41585985,0.51810426,0.5354686,0.68711585,0.6355774,0.47680464
0.5973162,0.60212964,0.7305935,0.6690262,0.655229,0.72265965,0.7289429,0.64857984,0.5546835,0.6038136,0.6510678,0.57080936
0.66926247,0.65052027,0.802885,0.7246422,0.5148436,0.49682915,0.5339955,0.6203047,0.62636375,0.66048527,0.63069266,0.58883107
0.570129,0.6045762,0.59851456,0.48428553,0.42872176,0.41145316,0.40493566,0.45990098,0.5134544,0.7238089,0.81404454,0.6139671
0.45782125,0.4107203,0.4230542,0.38728848,0.33593965,0.34121737,0.36962804,0.8765911,0.7070728,0.4484934,0.4346251,0.565043
0.45904502,0.45501235,0.43498993,0.3581521,0.3305533,0.34768292,0.33029568,0.5844952,0.5368271,0.5620111,0.7101015,0.5489481
0.7470365,0.7258795,0.862082,0.67577034,0.47519836,0.45659062,0.47370145,0.44894215,0.4813512,0.683209,0.78204477,0.73895395
0.5932265,0.61778295,0.7720943,0.72101885,0.5564644,0.56082785,0.5866809,0.65941525,0.6636609,0.6610987,0.56750894,0.5177097
0.53125966,0.58524853,0.6261909,0.5130684,0.46035767,0.44665363,0.44714773,0.51938295,0.5236092,0.67685276,0.8536195,0.6115325
0.50475633,0.47267243,0.49180576,0.4710151,0.43221274,0.4532564,0.4534003,0.887748,0.7590779,0.45208007,0.48478472,0.57965606
0.47104302,0.49113527,0.50204563,0.4428262,0.450326,0.47928384,0.43024635,0.49229488,0.49872455,0.6286775,0.6719946,0.5159206
0.6488495,0.6492092,0.86359847,0.7756479,0.5947398,0.59945685,0.64291036,0.60854244,0.5689288,0.6919172,0.62107587,0.5159607
0.5685478,0.62398916,0.76140326,0.6521405,0.45722324,0.43533298,0.45937648,0.58389384,0.6002868,0.67933553,0.54691637,0.49874103
0.61731285,0.6065299,0.6852349,0.5595191,0.45871708,0.46439046,0.43319967,0.53312486,0.615023,0.64101785,0.8266914,0.6539482
0.3715843,0.34138924,0.4600117,0.35824078,0.28758082,0.3344937,0.3491069,0.9386492,0.6907011,0.31184444,0.33441594,0.5103387
0.52097833,0.55464494,0.5300221,0.41482952,0.36435947,0.39539218,0.42171568,0.60434484,0.5569769,0.6042013,0.6843781,0.52021605
0.5102474,0.5141328,0.7189235,0.58107674,0.43132582,0.43157062,0.55023575,0.83641773,0.6134333,0.58337843,0.64635944,0.5356087
0.57021165,0.5541248,0.63385147,0.52643067,0.45149896,0.51425284,0.4981882,0.63240695,0.53948975,0.62581,0.59674174,0.51500547
0.5802669,0.5629034,0.60449255,0.5024588,0.44729304,0.44833472,0.4570137,0.60650283,0.6017252,0.6373783,0.82948905,0.65576994
0.51851094,0.46050763,0.4554429,0.44806683,0.46800032,0.53927225,0.511189,0.8808111,0.68172365,0.3970606,0.42977917,0.54512984
0.53844637,0.58073187,0.555169,0.45916128,0.45639285,0.469544,0.41193593,0.42760524,0.4686123,0.644502,0.7584417,0.56057405
0.6018607,0.57800376,0.84117836,0.7572784,0.49569508,0.4850324,0.5840006,0.5862331,0.55382156,0.7317387,0.6212196,0.4846451
0.6616592,0.70047885,0.6987783,0.58058023,0.5174707,0.5109522,0.5460036,0.66113687,0.67967594,0.7426041,0.655299,0.5695075
0.60269195,0.613408,0.7271518,0.5717612,0.4769127,0.5032299,0.47811878,0.6546579,0.6179325,0.5737229,0.74547774,0.7037749
0.4151001,0.4067994,0.4326328,0.37053603,0.3194535,0.3349172,0.35292053,0.9465279,0.74730086,0.3460284,0.39646748,0.5099311
0.56920767,0.56838983,0.5271869,0.42943317,0.39974257,0.39717,0.3389045,0.40522397,0.45591602,0.6682924,0.84293306,0.642324
0.58040273,0.5794056,0.7915595,0.6275244,0.44530705,0.58645004,0.766971,0.65296614,0.52430123,0.5755287,0.6278323,0.55846065
0.3913706,0.34507108,0.35963702,0.32825643,0.43071645,0.6030973,0.4859107,0.38360876,0.42320478,0.51482093,0.4955448,0.3645233
0.5847766,0.60510856,0.65013623,0.53955066,0.45599982,0.46362615,0.46159074,0.7328403,0.67794234,0.5477338,0.62269074,0.59358656
0.68853533,0.5589613,0.51031643,0.46831194,0.44155648,0.4982612,0.46624553,0.79413074,0.6814311,0.4885544,0.52700746,0.62878704
0.61877227,0.6509081,0.65339196,0.53297585,0.51197374,0.5113974,0.46430668,0.4922164,0.5228213,0.71301264,0.83072317,0.63358134
0.67836785,0.692997,0.85109526,0.7191662,0.4654484,0.46133897,0.5446077,0.57453525,0.57788587,0.65485114,0.54037875,0.48791674
0.43001154,0.49917415,0.68960977,0.4695018,0.35053945,0.3626712,0.39119568,0.5459993,0.47795615,0.55316544,0.61299944,0.4423207
0.58953166,0.57190067,0.64729774,0.5426151,0.44087112,0.4618512,0.46443823,0.8382635,0.79194844,0.5192462,0.5244807,0.58276314
0.37405998,0.3773929,0.46482033,0.3694773,0.2857493,0.30272922,0.35815087,0.87647307,0.6775465,0.41389784,0.36899188,0.45818675
0.5810633,0.60760874,0.59552085,0.48993847,0.4522514,0.4808221,0.4676561,0.58418053,0.60230947,0.6782798,0.91090417,0.6608276
0.3040981,0.32844284,0.64253676,0.4243472,0.23759384,0.32905054,0.4735856,0.8538499,0.6037864,0.48506966,0.42326906,0.2887254
0.1518772,0.22990482,0.46828696,0.14704473,0.087260455,0.14838997,0.28691772,0.82302326,0.40755263,0.36311007,0.34022954,0.3079725
0.15595894,0.27356842,0.4278431,0.15577714,0.15735717,0.32874632,0.33158714,0.74601656,0.44550705,0.3511607,0.30861065,0.24214058
0.2536851,0.33307382,0.4343119,0.24540329,0.24365328,0.42224157,0.36762312,0.7792378,0.48889875,0.37199277,0.33733082,0.35390252
0.32987636,0.32918638,0.44541687,0.28361204,0.2787708,0.38767758,0.3897228,0.8166802,0.44175512,0.3751957,0.34773245,0.34126547
0.33333063,0.411557,0.56239593,0.3692076,0.31755066,0.342276,0.42801183,0.81311685,0.5181768,0.36684164,0.28132182,0.3268567
0.38746434,0.5596673,0.5880776,0.4366523,0.43010476,0.3272004,0.3996005,0.7433759,0.54717535,0.43431693,0.37349027,0.37488604
0.21086738,0.3262277,0.27148762,0.22795692,0.32785127,0.47322825,0.64535266,0.6575814,0.4388731,0.2993879,0.2915231,0.21049535
0.15825105,0.17699422,0.14481348,0.2286571,0.49712753,0.65690535,0.51957756,0.1341403,0.10391261,0.1626259,0.49549603,0.23299141
0.12721041,0.19812565,0.2606737,0.24458463,0.22839886,0.17827463,0.10526553,0.068772115,0.11198189,0.21398602,0.9764484,0.5077244
0.268168,0.2743659,0.30663303,0.3014708,0.2943864,0.32904804,0.2943746,0.27384987,0.26955843,0.32556129,0.9732613,0.5542866
0.6541323,0.44556978,0.3347663,0.34159586,0.3468826,0.35135028,0.33206296,0.39568317,0.3446269,0.3579564,0.698235,0.40982434
0.29564553,0.3095554,0.41467822,0.35047778,0.33097973,0.41337493,0.5011667,0.7584953,0.42405963,0.35093224,0.54729307,0.3358269
0.34872997,0.36521614,0.40798458,0.40249977,0.44997236,0.5619737,0.6254345,0.9545657,0.6022534,0.35333574,0.35227573,0.32216462
0.30255997,0.28194195,0.28737137,0.29014397,0.3457554,0.76898706,0.5724726,0.5376265,0.30984184,0.2266076,0.22094795,0.22963934
0.6202416,0.6350186,0.7043874,0.55664325,0.4283622,0.47044984,0.40124446,0.48062822,0.40608734,0.38566542,0.3808402,0.39409465
0.76431024,0.51779544,0.624921,0.42374885,0.31437537,0.30243123,0.2805785,0.43284678,0.29482248,0.3339981,0.36470225,0.37691477
0.41337177,0.42442292,0.45042154,0.38653347,0.37542424,0.48840243,0.5290715,0.64578027,0.54483795,0.59101653,0.4006554,0.3310889
0.4499981,0.42967469,0.5378622,0.43536568,0.38851893,0.6580522,0.4898836,0.49732015,0.3420666,0.33168414,0.3406075,0.35729846
0.79165846,0.65953183,0.5811903,0.5046866,0.53106374,0.5850713,0.4862686,0.47773987,0.42873892,0.47315863,0.6206763,0.6599436
0.53175884,0.59119564,0.7171378,0.5134039,0.40455353,0.42992145,0.41814733,0.4489828,0.42483348,0.52346814,0.6013406,0.45444882
0.19591841,0.23094532,0.30184197,0.28992474,0.29405153,0.31282538,0.33753124,0.69756514,0.49102956,0.3646963,0.7045422,0.30107662
0.13164108,0.14455767,0.17702556,0.17548485,0.19035624,0.19774882,0.25578812,0.6168937,0.48206428,0.6139627,0.44166645,0.15824592
0.548188,0.5723336,0.59784555,0.6085277,0.72304916,0.7361066,0.70905566,0.8170815,0.6059617,0.6229398,0.57010317,0.4842135
0.41856304,0.3817037,0.45047608,0.39428875,0.44624674,0.69413203,0.535713,0.47839636,0.41504177,0.38690597,0.5483767,0.41177776
0.66762024,0.59520787,0.5340246,0.46198756,0.4576296,0.514089,0.44460624,0.49108,0.4678056,0.59127456,0.83252805,0.64410317
0.383972,0.41006154,0.46335167,0.4309033,0.44584873,0.43789375,0.54324657,0.89742136,0.5634626,0.37490198,0.41012836,0.37958398
0.17280047,0.15878606,0.16133551,0.13181782,0.11708073,0.11652533,0.23445019,1.0,0.44686738,0.12752761,0.14616312,0.16877566
0.45184895,0.3861442,0.32086667,0.2837596,0.29118773,0.2931093,0.2924816,0.4637566,0.4272758,0.40397474,0.78150153,0.5736116
0.99637675,0.6798886,0.4048374,0.35418275,0.3303455,0.32721287,0.3101978,0.359882,0.34697682,0.37331048,0.48737738,0.5386293
0.33766967,0.31247196,0.33463034,0.32071045,0.32916576,0.5537142,0.45995796,0.5481379,0.46163043,0.36473742,0.45608658,0.3445089
0.6728241,0.5726254,0.7117241,0.5151017,0.41890073,0.43860462,0.4190165,0.52620465,0.44977286,0.48438126,0.51295465,0.47261018
0.22208868,0.22271562,0.24519016,0.22605863,0.24421443,0.32933062,0.30609164,0.60373425,0.4072093,0.40763983,0.6417604,0.3502754
0.47632036,0.47460854,0.5009647,0.49072132,0.5302116,0.6864975,0.6043268,0.77270347,0.66484576,0.52462226,0.4816059,0.43538347
0.37613997,0.37070858,0.5686293,0.4663404,0.41168356,0.6529256,0.40800896,0.5111152,0.42749062,0.37451905,0.33550745,0.32130086
0.6177375,0.57607985,0.61507773,0.5540825,0.5086092,0.59088635,0.5678302,0.6598461,0.6517681,0.7160667,0.84783477,0.71535105
0.60609853,0.5538884,0.58978456,0.5112385,0.48403537,0.54279137,0.5309925,0.76580507,0.56170744,0.51908153,0.66463405,0.59105396
0.54751194,0.5501316,0.61778545,0.5435419,0.48950085,0.5271361,0.55289686,0.8690613,0.6357191,0.5076658,0.6710833,0.57411164
0.54190403,0.5202277,0.5338389,0.4806903,0.5005301,0.6701193,0.59329885,0.7522318,0.62304693,0.47126707,0.5042972,0.5178574
0.5158346,0.49865875,0.49157143,0.43359283,0.42045158,0.5374368,0.49502292,0.7839325,0.63742614,0.47468114,0.5726972,0.5242636
0.40582502,0.421605,0.46677318,0.4339782,0.40632856,0.5073902,0.47809082,0.6988113,0.5567083,0.47582343,0.7685327,0.48623067
0.3104448,0.30504704,0.3433266,0.31706476,0.3283668,0.3394557,0.32969746,0.5566475,0.5013054,0.59185565,0.84536576,0.4080389
0.15932254,0.16397704,0.18812053,0.18799506,0.24011698,0.28338096,0.33806813,0.767821,0.49135953,0.45952716,0.30793783,0.17245607
0.390205,0.39876845,0.40823236,0.4240472,0.49935314,0.6954416,0.62789786,0.6832968,0.43627095,0.42513505,0.37193787,0.34905124
0.5993123,0.45189288,0.45163146,0.37634188,0.39537328,0.5178877,0.44574976,0.5515698,0.39704886,0.41458592,0.7008492,0.5925657
0.35384452,0.3722535,0.4327272,0.40217963,0.4087389,0.60368943,0.5203019,0.6914094,0.50176877,0.5049264,0.63693213,0.39699218
0.13392092,0.13008782,0.40313676,0.4221413,0.1720267,0.24779682,0.31130138,0.5494767,0.27523348,0.15096672,0.22113001,0.13009001
0.10637819,0.12183907,0.5540664,0.19935207,0.072691604,0.48098707,0.3330232,0.14716734,0.121884,0.17809315,0.11490912,0.081934854
0.13092518,0.09183983,0.12910753,0.0815525,0.09742636,0.5032249,0.32336852,0.60332835,0.35015595,0.110013105,0.073188536,0.0679874
0.48515093,0.47298786,0.6549321,0.63804203,0.40332875,0.5973994,0.5003162,0.6917747,0.47390282,0.4141637,0.4548375,0.4801435
0.6947911,0.61670804,0.6838449,0.6143214,0.5029007,0.611156,0.5884334,0.76867765,0.5620748,0.5034407,0.5685525,0.51313967
0.50119424,0.59357667,0.8156063,0.5556435,0.43781528,0.5956882,0.5737847,0.7134297,0.6393543,0.50282323,0.55530417,0.47505313
0.69857764,0.66005874,0.63633394,0.6303325,0.70199054,0.8018655,0.6656129,0.68071693,0.6231061,0.6540272,0.64575076,0.5814935
0.75817347,0.6889422,0.6115744,0.53610224,0.5571452,0.62205744,0.5629302,0.7363401,0.562096,0.47917038,0.44653967,0.49104512
0.7823858,0.72974867,0.66360164,0.59187883,0.49613625,0.5703549,0.5905828,0.6299663,0.5852041,0.6542882,0.6354603,0.6860477
0.53247255,0.552222,0.5859985,0.53418934,0.46962926,0.503731,0.49517167,0.6130818,0.58897,0.69244003,0.77554977,0.5692774
0.665342,0.7305517,0.66292346,0.48725218,0.41905978,0.49157977,0.4590216,0.5034992,0.630633,0.5976868,0.66785437,0.6779295
0.71799797,0.73081756,0.8329718,0.6988758,0.5872554,0.5974176,0.5446239,0.7623424,0.6088591,0.5584574,0.7006656,0.7078546
0.80374694,0.76058966,0.6645018,0.558444,0.50311893,0.5684876,0.52289444,0.5153706,0.5912033,0.6322673,0.74851066,0.75325245
0.58232766,0.60269153,0.8702294,0.652752,0.4767039,0.54436225,0.48812148,0.75887513,0.5941554,0.49440646,0.5632637,0.56075
0.61705226,0.5309765,0.6398817,0.5289167,0.44019687,0.46253005,0.471925,0.6179125,0.51731086,0.5910867,0.5912874,0.48527953
0.7244362,0.573837,0.61754525,0.46525013,0.40986395,0.40627408,0.4084823,0.5075316,0.42938462,0.45208576,0.6202557,0.4816969
0.79129386,0.6955122,0.6724167,0.6931478,0.7623235,0.8274269,0.7129007,0.71614987,0.6397583,0.6331615,0.5906155,0.58364266
0.6818215,0.64864457,0.70207715,0.6218546,0.5806907,0.59815747,0.4848752,0.5071675,0.48058844,0.52959305,0.5903,0.63504916
0.5566339,0.5714629,0.69449574,0.611543,0.44959804,0.41958982,0.51649183,0.75249356,0.5582037,0.6120525,0.5795116,0.5312787
0.57282704,0.60429645,0.74691427,0.5866344,0.48681888,0.5775907,0.57664996,0.685842,0.60043734,0.50267994,0.49580655,0.51550853
0.63815784,0.6195456,0.7289322,0.59617454,0.4868866,0.5298886,0.5323416,0.700818,0.6405767,0.6499409,0.60271746,0.5963704
0.6284616,0.6585046,0.73820853,0.55951947,0.43433714,0.514588,0.5902374,0.70842016,0.64331686,0.6132985,0.502912,0.5148919
0.67261565,0.677765,0.6864226,0.59712505,0.5305244,0.55389726,0.6033324,0.79456323,0.66682774,0.60759866,0.7193117,0.66578656
0.46709833,0.5161976,0.7377372,0.5488126,0.4562417,0.52085066,0.5613029,0.8916112,0.5205652,0.46785975,0.58166945,0.5138718
0.5681715,0.5132702,0.6947805,0.5351971,0.3624737,0.38470432,0.40101177,0.7230253,0.6227222,0.47636676,0.4361377,0.42097244
0.6104905,0.64872015,0.78017735,0.5941151,0.5453321,0.7362411,0.67949337,0.75012916,0.7657124,0.6395776,0.718276,0.5969608
0.70643854,0.7024392,0.7040323,0.67599636,0.7472223,0.8708119,0.7552071,0.75142217,0.6339986,0.588447,0.53259337,0.5153399
0.84563196,0.6786404,0.5204365,0.40638658,0.39597794,0.44978142,0.44612473,0.65936434,0.53473043,0.4168397,0.43306866,0.5506087
0.5304191,0.56800246,0.61565685,0.524955,0.47975323,0.5379928,0.5212925,0.6976993,0.5336242,0.6398195,0.67436177,0.5142622
0.57522416,0.6042896,0.6695885,0.5751696,0.5052412,0.51580244,0.5119396,0.65577805,0.6794321,0.6578974,0.76498145,0.6180594
0.7036706,0.7673576,0.7832162,0.5669388,0.46371895,0.49629372,0.5248932,0.657367,0.65166545,0.5772934,0.60165554,0.6157094
0.6701996,0.65568537,0.6547918,0.5264317,0.47702646,0.5823758,0.5458319,0.63668585,0.5017913,0.5121247,0.56701714,0.5565511
0.5964398,0.5940916,0.6349388,0.47665694,0.38305476,0.40692142,0.3994274,0.6965441,0.6046049,0.55345386,0.6812298,0.6378372
0.53299487,0.48498505,0.6745892,0.5108242,0.43998426,0.5259099,0.56530875,0.8876207,0.58440804,0.4528596,0.6264176,0.5852105
0.6506403,0.58910483,0.6866719,0.50168014,0.3707151,0.41709718,0.4125091,0.4661608,0.5222614,0.6283862,0.6468321,0.45490664
0.78199536,0.64529717,0.6462081,0.4911708,0.44714656,0.5053535,0.45807567,0.66487676,0.5766807,0.49524608,0.6382671,0.5634222
0.86266214,0.78221625,0.68155336,0.64113504,0.6622797,0.75104904,0.6594634,0.6746243,0.64809746,0.6630508,0.60319716,0.58549625
0.6767051,0.5863225,0.62221694,0.52870303,0.43556195,0.533948,0.40626737,0.57864296,0.5197938,0.49712425,0.60737383,0.53022337
0.4747703,0.5808295,0.8597221,0.6046388,0.43838817,0.46640816,0.545756,0.76456016,0.5641216,0.4837991,0.48612967,0.44615054
0.44890904,0.36344188,0.32265946,0.23125403,0.21921372,0.4033778,0.42187354,0.6916694,0.66243976,0.39734423,0.2461903,0.2075456
0.19034475,0.1888593,0.59930027,0.26173618,0.095177494,0.20513785,0.282237,0.6076313,0.45007843,0.58973193,0.38962474,0.31927973
0.20333232,0.34953052,0.32747537,0.22311777,0.14938693,0.34412625,0.52993053,0.6399726,0.5289333,0.26190755,0.14860572,0.08598069
0.26650104,0.26254883,0.3701219,0.15647404,0.108866744,0.22203949,0.41132116,0.76565427,0.42389354,0.3841028,0.4558444,0.31762248
0.083446234,0.22137766,0.6316748,0.16474771,0.031223025,0.051238034,0.24263154,0.87017316,0.2862559,0.10495506,0.14365159,0.20275235
0.13260382,0.35768434,0.6480725,0.2517652,0.077882215,0.09906244,0.31909668,0.8312921,0.29096457,0.22778223,0.2140368,0.26477262
0.16118912,0.475479,0.7688008,0.38850003,0.11162079,0.09677855,0.28091183,0.6832931,0.23543608,0.24192028,0.17564718,0.1966152
0.2316181,0.51097,0.72925794,0.43653244,0.16003442,0.15276137,0.3363013,0.6425884,0.23740254,0.2762077,0.22943152,0.21206312
0.3018778,0.6214052,0.8353746,0.5009054,0.21104658,0.2103961,0.36775056,0.56071836,0.2992231,0.34955853,0.27857038,0.2740856
0.27969867,0.6592799,0.88026786,0.5459388,0.20826167,0.19392967,0.32306015,0.47953153,0.26394832,0.38890123,0.30327433,0.2792741
0.3334191,0.63875353,0.8015055,0.4179513,0.16655591,0.19049646,0.3871904,0.54880995,0.28967446,0.32374048,0.3026568,0.33870664
0.36866096,0.690255,0.8534609,0.49880192,0.21470538,0.18213798,0.32253855,0.43430248,0.27629182,0.36415455,0.27741343,0.28483537
0.39949217,0.7007154,0.8790672,0.613144,0.3056901,0.28502768,0.4019006,0.49227017,0.2935937,0.3784134,0.32003462,0.32407817
